# Complete set of S₇-verified unique extreme rays for N=6 holographic entropy cone
# Original: 4145 rays (assumed S₇-verified)
# August 3, 2025: +129 new rays (S₇-verified, all unique)
# August 5, 2025: +2 unique S₇ orbit representatives (24 S₇ duplicates removed)
# Fixed random experiment: +1 unique S₇ orbit representative (15 S₇ duplicates removed)
# Total: 4277 S₇-verified unique rays
1 1 0 0 0 0 0 1 1 1 1 1 1 1 1 0 0 0 0 0 0 0 0 0 0 1 1 1 1 1 1 1 1 1 1 1 1 0 0 0 0 0 0 0 0 0 0 1 1 1 1 1 1 1 1 0 0 0 0 0 1 1 0
1 1 1 1 0 0 2 2 2 1 1 2 2 1 1 2 1 1 1 1 0 1 1 2 2 1 2 2 2 2 1 1 2 2 2 2 1 2 2 1 1 0 1 1 1 1 2 1 1 2 2 1 1 2 2 2 0 0 1 1 1 1 0
1 1 1 1 2 0 2 2 2 3 1 2 2 3 1 2 3 1 3 1 2 3 3 2 2 3 2 2 2 2 3 3 2 2 2 2 3 2 2 3 3 2 1 3 1 3 2 1 3 2 2 1 3 2 2 2 0 2 1 1 1 1 0
1 1 1 1 1 1 2 2 2 2 2 2 2 2 2 2 2 2 2 2 2 1 3 3 3 3 3 3 3 3 3 3 3 3 3 3 3 3 3 3 1 2 2 2 2 2 2 2 2 2 2 2 2 2 2 2 1 1 1 1 1 1 0
1 1 1 1 1 1 2 2 2 2 2 2 2 2 2 2 2 2 2 2 2 2 2 2 3 2 3 3 3 3 3 3 3 3 3 3 2 3 2 2 2 2 2 2 2 2 2 2 2 2 2 2 2 2 2 2 1 1 1 1 1 1 0
1 1 1 1 1 1 2 2 2 2 2 2 2 2 2 2 2 2 2 2 2 2 2 2 3 3 3 3 3 3 3 3 3 3 3 3 3 3 2 2 2 2 2 2 2 2 2 2 2 2 2 2 2 2 2 2 1 1 1 1 1 1 0
1 1 1 1 1 1 2 2 2 2 2 2 2 2 2 2 2 2 2 2 2 2 2 3 3 3 2 3 2 3 3 3 3 2 3 2 3 3 3 2 2 2 2 2 2 2 2 2 2 2 2 2 2 2 2 2 1 1 1 1 1 1 0
1 1 1 1 1 1 2 2 2 2 2 2 2 2 2 2 2 2 2 2 2 2 2 3 3 3 2 3 3 3 3 3 3 3 3 2 3 3 3 2 2 2 2 2 2 2 2 2 2 2 2 2 2 2 2 2 1 1 1 1 1 1 0
1 1 1 1 1 1 2 2 2 2 2 2 2 2 2 2 2 2 2 2 2 3 3 3 3 3 3 3 3 3 3 3 3 3 3 3 3 3 3 3 3 2 2 2 2 2 2 2 2 2 2 2 2 2 2 2 1 1 1 1 1 1 0
1 1 1 1 1 3 2 2 2 2 4 2 2 2 4 2 2 4 2 4 4 3 3 3 3 3 3 3 3 3 3 3 3 3 3 3 3 3 3 3 3 4 4 2 4 2 2 4 2 2 2 4 2 2 2 2 3 1 1 1 1 1 0
1 1 1 1 2 2 2 2 2 3 3 2 2 3 3 2 3 3 3 3 4 3 3 2 4 3 4 4 4 4 3 3 4 4 4 4 3 4 2 3 3 4 3 3 3 3 2 3 3 2 2 3 3 2 2 2 2 2 1 1 1 1 0
1 1 1 1 2 2 2 2 2 3 3 2 2 3 3 2 3 3 3 3 4 3 3 4 4 3 4 4 4 4 3 3 4 4 4 4 3 4 4 3 3 4 3 3 3 3 2 3 3 2 2 3 3 2 2 2 2 2 1 1 1 1 0
1 1 1 2 2 3 2 2 3 3 4 2 3 3 4 3 3 4 4 5 5 3 4 4 5 4 4 5 5 4 4 4 4 5 5 4 4 5 4 4 3 5 5 4 4 3 3 4 3 3 2 4 3 3 2 2 3 2 2 1 1 1 0
1 1 2 2 2 2 2 3 3 3 3 3 3 3 3 4 4 4 4 4 4 4 4 4 4 3 3 5 5 5 5 5 5 5 5 3 3 4 4 4 4 4 4 4 4 4 4 3 3 3 3 3 3 3 3 2 2 2 2 2 1 1 0
2 2 2 2 3 3 4 4 4 5 5 4 4 5 5 4 5 5 5 5 6 4 6 5 7 6 5 7 7 7 6 6 7 7 7 5 6 7 5 6 4 6 5 5 5 5 4 5 5 4 4 5 5 4 4 4 3 3 2 2 2 2 0
2 2 2 2 3 3 4 4 4 5 5 4 4 5 5 4 5 5 5 5 6 4 6 5 7 6 7 5 7 7 6 6 7 7 5 7 6 7 5 6 4 6 5 5 5 5 4 5 5 4 4 5 5 4 4 4 3 3 2 2 2 2 0
3 3 3 3 3 3 6 6 6 6 6 6 6 6 6 6 6 6 6 6 6 5 7 7 9 7 7 9 9 9 9 9 9 9 9 7 7 9 7 7 5 6 6 6 6 6 6 6 6 6 6 6 6 6 6 6 3 3 3 3 3 3 0
3 3 3 3 3 3 6 6 6 6 6 6 6 6 6 6 6 6 6 6 6 5 7 7 9 7 9 9 7 9 9 9 9 7 9 9 7 9 7 7 5 6 6 6 6 6 6 6 6 6 6 6 6 6 6 6 3 3 3 3 3 3 0
3 3 3 3 3 3 6 6 6 6 6 6 6 6 6 6 6 6 6 6 6 5 7 7 9 7 9 7 9 9 9 9 9 9 7 9 7 9 7 7 5 6 6 6 6 6 6 6 6 6 6 6 6 6 6 6 3 3 3 3 3 3 0
1 1 1 1 1 1 2 2 2 2 2 2 2 2 2 2 2 2 2 2 2 1 3 3 3 3 3 3 3 3 3 3 3 3 3 3 3 3 3 3 3 2 2 2 4 4 4 4 4 4 4 4 4 4 4 4 3 3 3 3 3 3 2
1 1 1 1 1 1 2 2 2 2 2 2 2 2 2 2 2 2 2 2 2 2 2 2 3 2 3 3 3 3 3 3 3 3 3 3 2 3 3 3 3 2 2 3 2 3 2 3 3 3 3 3 3 3 3 3 2 2 2 2 2 2 1
1 1 1 1 1 1 2 2 2 2 2 2 2 2 2 2 2 2 2 2 2 2 2 2 3 2 3 3 3 3 3 3 3 3 3 3 3 3 3 2 3 2 2 3 2 3 3 3 3 3 3 3 3 3 3 3 2 2 2 2 2 2 1
1 1 1 1 1 1 2 2 2 2 2 2 2 2 2 2 2 2 2 2 2 2 2 2 3 2 3 3 3 3 3 3 3 3 3 3 3 3 3 3 3 2 2 3 2 3 3 3 3 3 3 3 3 3 3 3 2 2 2 2 2 2 1
1 1 1 1 1 1 2 2 2 2 2 2 2 2 2 2 2 2 2 2 2 2 2 2 3 3 3 3 3 3 3 3 3 3 3 3 3 3 3 3 3 2 2 3 2 3 3 3 3 3 3 3 3 3 3 3 2 2 2 2 2 2 1
1 1 1 1 1 1 2 2 2 2 2 2 2 2 2 2 2 2 2 2 2 2 2 3 3 2 3 3 3 3 3 3 2 3 3 3 3 3 3 3 2 2 2 3 3 3 3 3 3 3 3 3 3 3 3 3 2 2 2 2 2 2 1
1 1 1 1 1 1 2 2 2 2 2 2 2 2 2 2 2 2 2 2 2 2 2 3 3 2 3 3 3 3 3 3 3 3 3 3 2 3 3 3 3 2 2 3 3 2 3 3 3 3 3 3 3 3 3 3 2 2 2 2 2 2 1
1 1 1 1 1 1 2 2 2 2 2 2 2 2 2 2 2 2 2 2 2 2 2 3 3 2 3 3 3 3 3 3 3 3 3 3 2 3 3 3 3 2 2 3 3 3 3 3 3 3 3 3 3 3 3 3 2 2 2 2 2 2 1
1 1 1 1 1 1 2 2 2 2 2 2 2 2 2 2 2 2 2 2 2 2 2 3 3 2 3 3 3 3 3 3 3 3 3 3 2 3 3 3 3 2 3 3 3 3 3 2 3 3 3 3 3 3 3 3 2 2 2 2 2 2 1
1 1 1 1 1 1 2 2 2 2 2 2 2 2 2 2 2 2 2 2 2 2 2 3 3 2 3 3 3 3 3 3 3 3 3 3 2 3 3 3 3 2 3 3 3 3 3 3 3 3 3 3 3 3 3 3 2 2 2 2 2 2 1
1 1 1 1 1 1 2 2 2 2 2 2 2 2 2 2 2 2 2 2 2 2 2 3 3 2 3 3 3 3 3 3 3 3 3 3 3 3 3 3 3 2 3 3 3 3 3 3 3 4 4 4 4 4 4 4 3 3 3 3 3 3 2
1 1 1 1 1 1 2 2 2 2 2 2 2 2 2 2 2 2 2 2 2 2 2 3 3 2 3 3 3 3 3 3 3 3 3 3 3 3 3 3 3 2 3 3 3 3 4 3 3 4 4 4 4 3 4 4 3 3 3 3 3 3 2
1 1 1 1 1 1 2 2 2 2 2 2 2 2 2 2 2 2 2 2 2 2 2 3 3 2 3 3 3 3 3 3 3 3 3 3 3 3 3 3 3 2 3 3 3 3 4 3 3 4 4 4 4 4 4 4 3 3 3 3 3 3 2
1 1 1 1 1 1 2 2 2 2 2 2 2 2 2 2 2 2 2 2 2 2 2 3 3 3 2 3 3 3 3 3 3 3 3 3 3 3 3 3 3 2 2 3 3 3 3 3 3 3 3 3 3 3 3 3 2 2 2 2 2 2 1
1 1 1 1 1 1 2 2 2 2 2 2 2 2 2 2 2 2 2 2 2 2 2 3 3 3 3 3 3 3 3 3 3 3 3 3 3 3 3 3 3 2 3 3 3 3 3 4 4 3 4 4 4 4 4 4 3 3 3 3 3 3 2
1 1 1 1 1 1 2 2 2 2 2 2 2 2 2 2 2 2 2 2 2 2 2 3 3 3 3 3 3 3 3 3 3 3 3 3 3 3 3 3 3 2 3 3 3 3 3 4 4 4 4 4 4 4 4 4 3 3 3 3 3 3 2
1 1 1 1 1 1 2 2 2 2 2 2 2 2 2 2 2 2 2 2 2 2 2 3 3 3 3 3 3 3 3 3 3 3 3 3 3 3 3 3 3 2 3 3 3 3 4 4 4 3 4 4 4 3 4 4 3 3 3 3 3 3 2
1 1 1 1 1 1 2 2 2 2 2 2 2 2 2 2 2 2 2 2 2 2 2 3 3 3 3 3 3 3 3 3 3 3 3 3 3 3 3 3 3 2 3 3 3 3 4 4 4 3 4 4 4 4 3 4 3 3 3 3 3 3 2
1 1 1 1 1 1 2 2 2 2 2 2 2 2 2 2 2 2 2 2 2 2 2 3 3 3 3 3 3 3 3 3 3 3 3 3 3 3 3 3 3 2 3 3 3 3 4 4 4 3 4 4 4 4 4 3 3 3 3 3 3 3 2
1 1 1 1 1 1 2 2 2 2 2 2 2 2 2 2 2 2 2 2 2 2 2 3 3 3 3 3 3 3 3 3 3 3 3 3 3 3 3 3 3 2 3 3 3 3 4 4 4 3 4 4 4 4 4 4 3 3 3 3 3 3 2
1 1 1 1 1 1 2 2 2 2 2 2 2 2 2 2 2 2 2 2 2 2 2 3 3 3 3 3 3 3 3 3 3 3 3 3 3 3 3 3 3 2 3 3 3 3 4 4 4 4 4 4 4 4 4 3 3 3 3 3 3 3 2
1 1 1 1 1 1 2 2 2 2 2 2 2 2 2 2 2 2 2 2 2 2 3 3 3 3 3 3 2 3 3 3 3 3 3 2 3 3 3 2 3 3 3 3 3 3 3 3 3 3 3 3 3 3 3 3 2 2 2 2 2 2 1
1 1 1 1 1 1 2 2 2 2 2 2 2 2 2 2 2 2 2 2 2 2 3 3 3 3 3 3 2 3 3 3 3 3 3 2 3 3 3 3 3 3 3 3 3 3 3 3 3 3 3 3 3 3 3 3 2 2 2 2 2 2 1
1 1 1 1 1 1 2 2 2 2 2 2 2 2 2 2 2 2 2 2 2 2 3 3 3 3 3 3 2 3 3 3 3 3 3 2 3 3 3 3 3 3 3 3 3 3 4 3 4 4 3 4 3 4 3 4 3 3 3 3 3 3 2
1 1 1 1 1 1 2 2 2 2 2 2 2 2 2 2 2 2 2 2 2 2 3 3 3 3 3 3 2 3 3 3 3 3 3 3 3 3 3 3 3 3 3 3 3 3 3 3 4 4 3 4 4 4 4 4 3 3 3 3 3 3 2
1 1 1 1 1 1 2 2 2 2 2 2 2 2 2 2 2 2 2 2 2 2 3 3 3 3 3 3 2 3 3 3 3 3 3 3 3 3 3 3 3 3 3 3 3 3 4 3 4 3 3 4 3 4 4 4 3 3 3 3 3 3 2
1 1 1 1 1 1 2 2 2 2 2 2 2 2 2 2 2 2 2 2 2 2 3 3 3 3 3 3 2 3 3 3 3 3 3 3 3 3 3 3 3 3 3 3 3 3 4 3 4 3 3 4 4 4 4 4 3 3 3 3 3 3 2
1 1 1 1 1 1 2 2 2 2 2 2 2 2 2 2 2 2 2 2 2 2 3 3 3 3 3 3 2 3 3 3 3 3 3 3 3 3 3 3 3 3 3 3 3 3 4 3 4 4 3 4 3 4 4 3 3 3 3 3 3 3 2
1 1 1 1 1 1 2 2 2 2 2 2 2 2 2 2 2 2 2 2 2 2 3 3 3 3 3 3 2 3 3 3 3 3 3 3 3 3 3 3 3 3 3 3 3 3 4 3 4 4 3 4 3 4 4 4 3 3 3 3 3 3 2
1 1 1 1 1 1 2 2 2 2 2 2 2 2 2 2 2 2 2 2 2 2 3 3 3 3 3 3 2 3 3 3 3 3 3 3 3 3 3 3 3 3 3 3 3 3 4 3 4 4 3 4 4 3 4 3 3 3 3 3 3 3 2
1 1 1 1 1 1 2 2 2 2 2 2 2 2 2 2 2 2 2 2 2 2 3 3 3 3 3 3 2 3 3 3 3 3 3 3 3 3 3 3 3 3 3 3 3 3 4 3 4 4 3 4 4 3 4 4 3 3 3 3 3 3 2
1 1 1 1 1 1 2 2 2 2 2 2 2 2 2 2 2 2 2 2 2 2 3 3 3 3 3 3 2 3 3 3 3 3 3 3 3 3 3 3 3 3 3 3 3 3 4 3 4 4 3 4 4 4 4 4 3 3 3 3 3 3 2
1 1 1 1 1 1 2 2 2 2 2 2 2 2 2 2 2 2 2 2 2 2 3 3 3 3 3 3 2 3 3 3 3 3 3 3 3 3 3 3 3 3 3 3 3 4 4 3 4 4 3 4 3 4 3 4 3 3 3 3 3 3 2
1 1 1 1 1 1 2 2 2 2 2 2 2 2 2 2 2 2 2 2 2 2 3 3 3 3 3 3 2 3 3 3 3 3 3 3 3 3 3 3 3 3 3 3 3 4 4 3 4 4 3 4 3 4 4 4 3 3 3 3 3 3 2
1 1 1 1 1 1 2 2 2 2 2 2 2 2 2 2 2 2 2 2 2 2 3 3 3 3 3 3 3 3 3 3 3 3 3 3 3 3 3 3 2 3 3 3 3 3 4 3 3 4 3 4 4 4 3 3 3 3 3 3 3 3 2
1 1 1 1 1 1 2 2 2 2 2 2 2 2 2 2 2 2 2 2 2 2 3 3 3 3 3 3 3 3 3 3 3 3 3 3 3 3 3 3 3 2 3 3 4 4 3 4 4 3 4 4 4 4 3 4 3 3 3 3 3 3 2
1 1 1 1 1 1 2 2 2 2 2 2 2 2 2 2 2 2 2 2 2 2 3 3 3 3 3 3 3 3 3 3 3 3 3 3 3 3 3 3 3 2 3 3 4 4 3 4 4 3 4 4 4 4 4 4 3 3 3 3 3 3 2
1 1 1 1 1 1 2 2 2 2 2 2 2 2 2 2 2 2 2 2 2 2 3 3 3 3 3 3 3 3 3 3 3 3 3 3 3 3 3 3 3 2 3 3 4 4 3 4 4 4 4 4 4 4 4 3 3 3 3 3 3 3 2
1 1 1 1 1 1 2 2 2 2 2 2 2 2 2 2 2 2 2 2 2 2 3 3 3 3 3 3 3 3 3 3 3 3 3 3 3 3 3 3 3 2 3 3 4 4 4 4 4 4 3 4 4 4 3 4 3 3 3 3 3 3 2
1 1 1 1 1 1 2 2 2 2 2 2 2 2 2 2 2 2 2 2 2 2 3 3 3 3 3 3 3 3 3 3 3 3 3 3 3 3 3 3 3 3 3 3 3 3 3 3 4 4 4 3 4 4 4 4 3 3 3 3 3 3 2
1 1 1 1 1 1 2 2 2 2 2 2 2 2 2 2 2 2 2 2 2 2 3 3 3 3 3 3 3 3 3 3 3 3 3 3 3 3 3 3 3 3 3 3 3 3 3 3 4 4 4 4 4 4 3 4 3 3 3 3 3 3 2
1 1 1 1 1 1 2 2 2 2 2 2 2 2 2 2 2 2 2 2 2 2 3 3 3 3 3 3 3 3 3 3 3 3 3 3 3 3 3 3 3 3 3 3 3 3 3 3 4 4 4 4 4 4 4 4 3 3 3 3 3 3 2
1 1 1 1 1 1 2 2 2 2 2 2 2 2 2 2 2 2 2 2 2 2 3 3 3 3 3 3 3 3 3 3 3 3 3 3 3 3 3 3 3 3 3 3 3 3 3 4 4 4 3 4 4 4 4 4 3 3 3 3 3 3 2
1 1 1 1 1 1 2 2 2 2 2 2 2 2 2 2 2 2 2 2 2 2 3 3 3 3 3 3 3 3 3 3 3 3 3 3 3 3 3 3 3 3 3 3 3 3 3 4 4 4 4 4 4 4 4 4 3 3 3 3 3 3 2
1 1 1 1 1 1 2 2 2 2 2 2 2 2 2 2 2 2 2 2 2 2 3 3 3 3 3 3 3 3 3 3 3 3 3 3 3 3 3 3 3 3 3 3 3 3 4 3 3 4 3 3 4 4 4 4 3 3 3 3 3 3 2
1 1 1 1 1 1 2 2 2 2 2 2 2 2 2 2 2 2 2 2 2 2 3 3 3 3 3 3 3 3 3 3 3 3 3 3 3 3 3 3 3 3 3 3 3 3 4 3 3 4 3 4 4 4 4 4 3 3 3 3 3 3 2
1 1 1 1 1 1 2 2 2 2 2 2 2 2 2 2 2 2 2 2 2 2 3 3 3 3 3 3 3 3 3 3 3 3 3 3 3 3 3 3 3 3 3 3 3 3 4 3 4 3 4 4 3 4 4 4 3 3 3 3 3 3 2
1 1 1 1 1 1 2 2 2 2 2 2 2 2 2 2 2 2 2 2 2 2 3 3 3 3 3 3 3 3 3 3 3 3 3 3 3 3 3 3 3 3 3 3 3 3 4 3 4 3 4 4 4 4 3 4 3 3 3 3 3 3 2
1 1 1 1 1 1 2 2 2 2 2 2 2 2 2 2 2 2 2 2 2 2 3 3 3 3 3 3 3 3 3 3 3 3 3 3 3 3 3 3 3 3 3 3 3 3 4 3 4 3 4 4 4 4 4 4 3 3 3 3 3 3 2
1 1 1 1 1 1 2 2 2 2 2 2 2 2 2 2 2 2 2 2 2 2 3 3 3 3 3 3 3 3 3 3 3 3 3 3 3 3 3 3 3 3 3 3 3 3 4 3 4 4 4 4 4 3 3 3 3 3 3 3 3 3 2
1 1 1 1 1 1 2 2 2 2 2 2 2 2 2 2 2 2 2 2 2 2 3 3 3 3 3 3 3 3 3 3 3 3 3 3 3 3 3 3 3 3 3 3 3 3 4 3 4 4 4 4 4 3 4 4 3 3 3 3 3 3 2
1 1 1 1 1 1 2 2 2 2 2 2 2 2 2 2 2 2 2 2 2 2 3 3 3 3 3 3 3 3 3 3 3 3 3 3 3 3 3 3 3 3 3 3 3 3 4 3 4 4 4 4 4 4 3 3 3 3 3 3 3 3 2
1 1 1 1 1 1 2 2 2 2 2 2 2 2 2 2 2 2 2 2 2 2 3 3 3 3 3 3 3 3 3 3 3 3 3 3 3 3 3 3 3 3 3 3 3 3 4 3 4 4 4 4 4 4 4 4 3 3 3 3 3 3 2
1 1 1 1 1 1 2 2 2 2 2 2 2 2 2 2 2 2 2 2 2 2 3 3 3 3 3 3 3 3 3 3 3 3 3 3 3 3 3 3 3 3 3 3 3 3 4 4 4 3 3 4 4 4 3 4 3 3 3 3 3 3 2
1 1 1 1 1 1 2 2 2 2 2 2 2 2 2 2 2 2 2 2 2 2 3 3 3 3 3 3 3 3 3 3 3 3 3 3 3 3 3 3 3 3 3 3 3 3 4 4 4 3 3 4 4 4 4 3 3 3 3 3 3 3 2
1 1 1 1 1 1 2 2 2 2 2 2 2 2 2 2 2 2 2 2 2 2 3 3 3 3 3 3 3 3 3 3 3 3 3 3 3 3 3 3 3 3 3 3 3 3 4 4 4 3 4 4 4 3 4 3 3 3 3 3 3 3 2
1 1 1 1 1 1 2 2 2 2 2 2 2 2 2 2 2 2 2 2 2 2 3 3 3 3 3 3 3 3 3 3 3 3 3 3 3 3 3 3 3 3 3 3 3 3 4 4 4 3 4 4 4 4 3 3 3 3 3 3 3 3 2
1 1 1 1 1 1 2 2 2 2 2 2 2 2 2 2 2 2 2 2 2 2 3 3 3 3 3 3 3 3 3 3 3 3 3 3 3 3 3 3 3 3 3 3 3 3 4 4 4 3 4 4 4 4 3 4 3 3 3 3 3 3 2
1 1 1 1 1 1 2 2 2 2 2 2 2 2 2 2 2 2 2 2 2 2 3 3 3 3 3 3 3 3 3 3 3 3 3 3 3 3 3 3 3 3 3 3 3 3 4 4 4 4 3 4 4 4 3 4 3 3 3 3 3 3 2
1 1 1 1 1 1 2 2 2 2 2 2 2 2 2 2 2 2 2 2 2 2 3 3 3 3 3 3 3 3 3 3 3 3 3 3 3 3 3 3 3 3 3 3 3 3 4 4 4 4 3 4 4 4 4 3 3 3 3 3 3 3 2
1 1 1 1 1 1 2 2 2 2 2 2 2 2 2 2 2 2 2 2 2 2 3 3 3 3 3 3 3 3 3 3 3 3 3 3 3 3 3 3 3 3 3 3 3 3 4 4 4 4 3 4 4 4 4 4 3 3 3 3 3 3 2
1 1 1 1 1 1 2 2 2 2 2 2 2 2 2 2 2 2 2 2 2 2 3 3 3 3 3 3 3 3 3 3 3 3 3 3 3 3 3 3 3 3 3 3 3 3 4 4 4 4 4 4 4 4 4 3 3 3 3 3 3 3 2
1 1 1 1 1 1 2 2 2 2 2 2 2 2 2 2 2 2 2 2 2 2 3 3 3 3 3 3 3 3 3 3 3 3 3 3 3 3 3 3 3 3 3 3 3 3 4 4 4 4 4 4 4 4 4 4 3 3 3 3 3 3 2
1 1 1 1 1 1 2 2 2 2 2 2 2 2 2 2 2 2 2 2 2 2 3 3 3 3 3 3 3 3 3 3 3 3 3 3 3 3 3 3 3 3 3 3 3 4 4 3 4 4 3 4 3 4 4 4 3 3 3 3 3 3 2
1 1 1 1 1 1 2 2 2 2 2 2 2 2 2 2 2 2 2 2 2 2 3 3 3 3 3 3 3 3 3 3 3 3 3 3 3 3 3 3 3 3 3 3 3 4 4 3 4 4 3 4 4 4 4 4 3 3 3 3 3 3 2
1 1 1 1 1 1 2 2 2 2 2 2 2 2 2 2 2 2 2 2 2 2 3 3 3 3 3 3 3 3 3 3 3 3 3 3 3 3 3 3 3 3 3 3 3 4 4 3 4 4 4 4 3 4 3 3 3 3 3 3 3 3 2
1 1 1 1 1 1 2 2 2 2 2 2 2 2 2 2 2 2 2 2 2 2 3 3 3 3 3 3 3 3 3 3 3 3 3 3 3 3 3 3 3 3 3 3 3 4 4 3 4 4 4 4 3 4 4 4 3 3 3 3 3 3 2
1 1 1 1 1 1 2 2 2 2 2 2 2 2 2 2 2 2 2 2 2 2 3 3 3 3 3 3 3 3 3 3 3 3 3 3 3 3 3 3 3 3 3 3 3 4 4 3 4 4 4 4 4 4 3 3 3 3 3 3 3 3 2
1 1 1 1 1 1 2 2 2 2 2 2 2 2 2 2 2 2 2 2 2 2 3 3 3 3 3 3 3 3 3 3 3 3 3 3 3 3 3 3 3 3 3 3 3 4 4 3 4 4 4 4 4 4 3 4 3 3 3 3 3 3 2
1 1 1 1 1 1 2 2 2 2 2 2 2 2 2 2 2 2 2 2 2 2 3 3 3 3 3 3 3 3 3 3 3 3 3 3 3 3 3 3 3 3 3 3 3 4 4 3 4 4 4 4 4 4 4 4 3 3 3 3 3 3 2
1 1 1 1 1 1 2 2 2 2 2 2 2 2 2 2 2 2 2 2 2 2 3 3 3 3 3 3 3 3 3 3 3 3 3 3 3 3 3 3 3 3 3 3 3 4 4 4 3 4 3 4 4 3 3 4 3 3 3 3 3 3 2
1 1 1 1 1 1 2 2 2 2 2 2 2 2 2 2 2 2 2 2 2 2 3 3 3 3 3 3 3 3 3 3 3 3 3 3 3 3 3 3 3 3 3 3 3 4 4 4 3 4 3 4 4 4 3 4 3 3 3 3 3 3 2
1 1 1 1 1 1 2 2 2 2 2 2 2 2 2 2 2 2 2 2 2 2 3 3 3 3 3 3 3 3 3 3 3 3 3 3 3 3 3 3 3 3 3 3 3 4 4 4 3 4 4 4 4 4 3 3 3 3 3 3 3 3 2
1 1 1 1 1 1 2 2 2 2 2 2 2 2 2 2 2 2 2 2 2 2 3 3 3 3 3 3 3 3 3 3 3 3 3 3 3 3 3 3 3 3 3 3 3 4 4 4 4 4 3 4 4 4 3 4 3 3 3 3 3 3 2
1 1 1 1 1 1 2 2 2 2 2 2 2 2 2 2 2 2 2 2 2 2 3 3 3 3 3 3 3 3 3 3 3 3 3 3 3 3 3 3 3 3 3 3 3 4 4 4 4 4 3 4 4 4 4 3 3 3 3 3 3 3 2
1 1 1 1 1 1 2 2 2 2 2 2 2 2 2 2 2 2 2 2 2 2 3 3 3 3 3 3 3 3 3 3 3 3 3 3 3 3 3 3 3 3 3 3 3 4 4 4 4 4 3 4 4 4 4 4 3 3 3 3 3 3 2
1 1 1 1 1 1 2 2 2 2 2 2 2 2 2 2 2 2 2 2 2 2 3 3 3 3 3 3 3 3 3 3 3 3 3 3 3 3 3 3 3 3 3 3 4 4 4 4 4 4 3 4 4 4 3 4 3 3 3 3 3 3 2
1 1 1 1 1 1 2 2 2 2 2 2 2 2 2 2 2 2 2 2 2 3 3 3 3 3 3 3 3 3 3 3 3 3 3 3 3 3 3 3 3 2 4 4 4 4 2 4 4 4 4 4 4 4 4 4 3 3 3 3 3 3 2
1 1 1 1 1 1 2 2 2 2 2 2 2 2 2 2 2 2 2 2 2 3 3 3 3 3 3 3 3 3 3 3 3 3 3 3 3 3 3 3 3 2 4 4 4 4 3 4 4 3 3 4 4 4 4 4 3 3 3 3 3 3 2
1 1 1 1 1 1 2 2 2 2 2 2 2 2 2 2 2 2 2 2 2 3 3 3 3 3 3 3 3 3 3 3 3 3 3 3 3 3 3 3 3 2 4 4 4 4 4 4 4 4 4 4 4 4 4 4 3 3 3 3 3 3 2
1 1 1 1 1 1 2 2 2 2 2 2 2 2 2 2 2 2 2 2 2 3 3 3 3 3 3 3 3 3 3 3 3 3 3 3 3 3 3 3 3 3 3 3 3 3 3 3 4 4 4 3 4 4 4 4 3 3 3 3 3 3 2
1 1 1 1 1 1 2 2 2 2 2 2 2 2 2 2 2 2 2 2 2 3 3 3 3 3 3 3 3 3 3 3 3 3 3 3 3 3 3 3 3 3 3 3 3 3 3 3 4 4 4 4 3 4 4 4 3 3 3 3 3 3 2
1 1 1 1 1 1 2 2 2 2 2 2 2 2 2 2 2 2 2 2 2 3 3 3 3 3 3 3 3 3 3 3 3 3 3 3 3 3 3 3 3 3 3 3 3 3 3 3 4 4 4 4 4 4 4 4 3 3 3 3 3 3 2
1 1 1 1 1 1 2 2 2 2 2 2 2 2 2 2 2 2 2 2 2 3 3 3 3 3 3 3 3 3 3 3 3 3 3 3 3 3 3 3 3 3 3 3 3 3 3 4 4 4 4 4 4 4 4 4 3 3 3 3 3 3 2
1 1 1 1 1 1 2 2 2 2 2 2 2 2 2 2 2 2 2 2 2 3 3 3 3 3 3 3 3 3 3 3 3 3 3 3 3 3 3 3 3 3 3 3 3 4 4 3 4 4 3 4 3 4 3 4 3 3 3 3 3 3 2
1 1 1 1 1 1 2 2 2 2 2 2 2 2 2 2 2 2 2 2 2 3 3 3 3 3 3 3 3 3 3 3 3 3 3 3 3 3 3 3 3 3 3 3 3 4 4 3 4 4 3 4 3 4 4 4 3 3 3 3 3 3 2
1 1 1 1 1 1 2 2 2 2 2 2 2 2 2 2 2 2 2 2 2 3 3 3 3 3 3 3 3 3 3 3 3 3 3 3 3 3 3 3 3 3 3 3 3 4 4 3 4 4 3 4 4 4 4 4 3 3 3 3 3 3 2
1 1 1 1 1 1 2 2 2 2 2 2 2 2 2 2 2 2 2 2 2 3 3 3 3 3 3 3 3 3 3 3 3 3 3 3 3 3 3 3 3 3 3 3 3 4 4 3 4 4 4 4 3 4 4 4 3 3 3 3 3 3 2
1 1 1 1 1 1 2 2 2 2 2 2 2 2 2 2 2 2 2 2 2 3 3 3 3 3 3 3 3 3 3 3 3 3 3 3 3 3 3 3 3 3 3 3 3 4 4 3 4 4 4 4 4 4 3 4 3 3 3 3 3 3 2
1 1 1 1 1 1 2 2 2 2 2 2 2 2 2 2 2 2 2 2 2 3 3 3 3 3 3 3 3 3 3 3 3 3 3 3 3 3 3 3 3 3 3 3 3 4 4 3 4 4 4 4 4 4 4 4 3 3 3 3 3 3 2
1 1 1 1 1 1 2 2 2 2 2 2 2 2 2 2 2 2 2 2 2 3 3 3 3 3 3 3 3 3 3 3 3 3 3 3 3 3 3 3 3 3 3 3 3 4 4 4 3 4 3 4 4 4 3 3 3 3 3 3 3 3 2
1 1 1 1 1 1 2 2 2 2 2 2 2 2 2 2 2 2 2 2 2 3 3 3 3 3 3 3 3 3 3 3 3 3 3 3 3 3 3 3 3 3 3 3 3 4 4 4 3 4 4 4 4 4 3 4 3 3 3 3 3 3 2
1 1 1 1 1 1 2 2 2 2 2 2 2 2 2 2 2 2 2 2 2 3 3 3 3 3 3 3 3 3 3 3 3 3 3 3 3 3 3 3 3 3 3 3 3 4 4 4 3 4 4 4 4 4 4 4 3 3 3 3 3 3 2
1 1 1 1 1 1 2 2 2 2 2 2 2 2 2 2 2 2 2 2 2 3 3 3 3 3 3 3 3 3 3 3 3 3 3 3 3 3 3 3 3 3 3 3 3 4 4 4 4 4 3 4 4 4 3 3 3 3 3 3 3 3 2
1 1 1 1 1 1 2 2 2 2 2 2 2 2 2 2 2 2 2 2 2 3 3 3 3 3 3 3 3 3 3 3 3 3 3 3 3 3 3 3 3 3 3 3 3 4 4 4 4 4 3 4 4 4 3 4 3 3 3 3 3 3 2
1 1 1 1 1 1 2 2 2 2 2 2 2 2 2 2 2 2 2 2 2 3 3 3 3 3 3 3 3 3 3 3 3 3 3 3 3 3 3 3 3 3 3 3 3 4 4 4 4 4 3 4 4 4 4 3 3 3 3 3 3 3 2
1 1 1 1 1 1 2 2 2 2 2 2 2 2 2 2 2 2 2 2 2 3 3 3 3 3 3 3 3 3 3 3 3 3 3 3 3 3 3 3 3 3 3 3 3 4 4 4 4 4 3 4 4 4 4 4 3 3 3 3 3 3 2
1 1 1 1 1 1 2 2 2 2 2 2 2 2 2 2 2 2 2 2 2 3 3 3 3 3 3 3 3 3 3 3 3 3 3 3 3 3 3 3 3 3 3 3 3 4 4 4 4 4 4 4 4 4 4 4 3 3 3 3 3 3 2
1 1 1 1 1 1 2 2 2 2 2 2 2 2 2 2 2 2 2 2 2 3 3 3 3 3 3 3 3 3 3 3 3 3 3 3 3 3 3 3 3 3 3 3 4 4 4 4 4 4 4 4 4 4 4 4 3 3 3 3 3 3 2
1 1 1 1 1 1 2 2 2 2 2 2 2 2 2 2 2 2 2 2 2 3 3 3 3 3 3 3 3 3 3 3 3 3 3 3 3 3 3 3 3 3 3 4 3 4 4 3 4 4 4 4 3 3 4 4 3 3 3 3 3 3 2
1 1 1 1 1 1 2 2 2 2 2 2 2 2 2 2 2 2 2 2 2 3 3 3 3 3 3 3 3 3 3 3 3 3 3 3 3 3 3 3 3 3 3 4 3 4 4 3 4 4 4 4 3 4 4 4 3 3 3 3 3 3 2
1 1 1 1 1 1 2 2 2 2 2 2 2 2 2 2 2 2 2 2 2 3 3 3 3 3 3 3 3 3 3 3 3 3 3 3 3 3 3 3 3 3 3 4 3 4 4 3 4 4 4 4 4 4 4 4 3 3 3 3 3 3 2
1 1 1 1 1 1 2 2 2 2 2 2 2 2 2 2 2 2 2 2 2 3 3 3 3 3 3 3 3 3 3 3 3 3 3 3 3 3 3 3 3 3 3 4 3 4 4 4 3 4 4 4 3 4 4 4 3 3 3 3 3 3 2
1 1 1 1 1 1 2 2 2 2 2 2 2 2 2 2 2 2 2 2 2 3 3 3 3 3 3 3 3 3 3 3 3 3 3 3 3 3 3 3 3 3 3 4 3 4 4 4 3 4 4 4 4 3 4 3 3 3 3 3 3 3 2
1 1 1 1 1 1 2 2 2 2 2 2 2 2 2 2 2 2 2 2 2 3 3 3 3 3 3 3 3 3 3 3 3 3 3 3 3 3 3 3 3 3 3 4 3 4 4 4 3 4 4 4 4 4 4 3 3 3 3 3 3 3 2
1 1 1 1 1 1 2 2 2 2 2 2 2 2 2 2 2 2 2 2 2 3 3 3 3 3 3 3 3 3 3 3 3 3 3 3 3 3 3 3 3 3 3 4 3 4 4 4 3 4 4 4 4 4 4 4 3 3 3 3 3 3 2
1 1 1 1 1 1 2 2 2 2 2 2 2 2 2 2 2 2 2 2 2 3 3 3 3 3 3 3 3 3 3 3 3 3 3 3 3 3 3 3 3 3 3 4 3 4 4 4 4 4 4 4 4 4 4 4 3 3 3 3 3 3 2
1 1 1 1 1 1 2 2 2 2 2 2 2 2 2 2 2 2 2 2 2 3 3 3 3 3 3 3 3 3 3 3 3 3 3 3 3 3 3 3 3 4 4 4 4 4 4 4 4 4 4 4 4 4 4 4 3 3 3 3 3 3 2
1 1 1 1 1 1 2 2 2 2 2 2 2 2 2 2 2 2 2 2 2 3 3 3 3 3 3 3 3 3 3 3 3 3 3 3 3 3 3 3 3 4 4 4 4 4 4 4 4 4 4 4 4 4 4 4 5 5 5 5 5 5 4
1 1 1 1 1 2 2 2 2 2 3 2 2 2 3 2 2 3 2 3 3 2 3 3 3 3 3 3 3 4 4 3 3 4 3 4 4 3 4 4 3 3 3 3 4 3 3 4 4 4 4 4 4 4 4 4 4 3 3 3 3 3 2
1 1 1 1 1 2 2 2 2 2 3 2 2 2 3 2 2 3 2 3 3 2 3 3 3 3 3 3 3 4 4 3 3 4 3 4 4 3 4 4 4 3 3 3 4 3 4 4 4 3 4 4 4 4 4 4 4 3 3 3 3 3 2
1 1 1 1 1 2 2 2 2 2 3 2 2 2 3 2 2 3 2 3 3 2 3 3 3 3 3 3 3 4 4 3 3 4 3 4 4 3 4 4 4 3 3 3 4 3 4 4 4 4 4 4 4 4 4 4 4 3 3 3 3 3 2
1 1 1 1 1 2 2 2 2 2 3 2 2 2 3 2 2 3 2 3 3 2 3 3 3 3 3 4 3 3 3 3 3 4 3 4 4 3 4 4 3 3 3 3 4 3 3 4 4 4 3 4 4 4 4 4 4 3 3 3 3 3 2
1 1 1 1 1 2 2 2 2 2 3 2 2 2 3 2 2 3 2 3 3 2 3 3 4 3 3 4 3 3 4 3 3 4 3 4 3 3 4 4 4 3 3 4 4 4 4 4 4 4 4 4 4 4 4 4 4 3 3 3 3 3 2
1 1 1 1 1 2 2 2 2 2 3 2 2 2 3 2 2 3 2 3 3 3 3 3 2 3 3 4 3 4 4 3 3 4 3 4 4 3 4 4 4 4 4 3 4 3 3 4 5 5 5 4 5 5 5 5 5 4 4 4 4 4 3
1 1 1 1 1 2 2 2 2 2 3 2 2 2 3 2 2 3 2 3 3 3 3 3 3 3 3 3 3 3 4 3 3 3 3 4 4 3 4 4 4 3 4 3 4 3 4 4 3 4 4 4 4 4 4 4 4 3 3 3 3 3 2
1 1 1 1 1 2 2 2 2 2 3 2 2 2 3 2 2 3 2 3 3 3 3 3 3 3 3 3 3 3 4 3 3 4 3 4 4 3 4 4 4 4 3 3 4 3 4 4 3 4 4 4 4 4 4 4 4 3 3 3 3 3 2
1 1 1 1 1 2 2 2 2 2 3 2 2 2 3 2 2 3 2 3 3 3 3 3 3 3 3 3 3 4 4 3 3 4 3 3 4 3 4 3 4 4 4 3 4 3 4 4 4 3 4 3 4 4 4 4 4 3 3 3 3 3 2
1 1 1 1 1 2 2 2 2 2 3 2 2 2 3 2 2 3 2 3 3 3 3 3 3 3 3 3 3 4 4 3 3 4 3 3 4 3 4 4 4 3 4 3 4 3 4 4 4 3 4 4 4 4 4 4 4 3 3 3 3 3 2
1 1 1 1 1 2 2 2 2 2 3 2 2 2 3 2 2 3 2 3 3 3 3 3 3 3 3 3 3 4 4 3 3 4 3 3 4 3 4 4 4 3 4 3 4 3 4 4 4 4 4 4 4 4 4 4 4 3 3 3 3 3 2
1 1 1 1 1 2 2 2 2 2 3 2 2 2 3 2 2 3 2 3 3 3 3 3 3 3 3 3 3 4 4 3 3 4 3 4 4 3 4 4 3 4 4 3 3 3 4 4 4 4 4 4 4 4 4 3 4 3 3 3 3 3 2
1 1 1 1 1 2 2 2 2 2 3 2 2 2 3 2 2 3 2 3 3 3 3 3 3 3 3 3 3 4 4 3 3 4 3 4 4 3 4 4 3 4 4 3 3 3 4 4 4 4 4 4 4 4 4 4 4 3 3 3 3 3 2
1 1 1 1 1 2 2 2 2 2 3 2 2 2 3 2 2 3 2 3 3 3 3 3 3 3 3 4 3 4 4 3 3 4 3 4 4 3 3 4 4 4 3 4 4 4 4 4 4 3 4 4 4 4 4 4 4 3 3 3 3 3 2
1 1 1 1 1 2 2 2 2 2 3 2 2 2 3 2 2 3 2 3 3 3 3 3 3 3 3 4 3 4 4 3 3 4 3 4 4 3 4 4 4 4 4 4 4 4 4 4 4 4 5 4 5 5 5 5 5 4 4 4 4 4 3
1 1 1 1 1 2 2 2 2 2 3 2 2 2 3 2 2 3 2 3 3 3 3 3 4 3 3 4 3 4 4 3 3 4 3 4 4 3 4 4 4 4 4 3 4 5 5 4 5 5 3 4 5 5 5 5 5 4 4 4 4 4 3
1 1 1 1 1 2 2 2 2 2 3 2 2 2 3 2 2 3 2 3 3 3 3 3 4 3 3 4 3 4 4 3 3 4 3 4 4 3 4 4 4 4 4 3 4 5 5 4 5 5 5 4 5 5 5 5 5 4 4 4 4 4 3
1 1 1 1 1 2 2 2 2 2 3 2 2 2 3 2 2 3 2 3 3 3 3 3 4 3 3 4 3 4 4 3 3 4 3 4 4 3 4 4 4 4 4 4 4 4 4 4 4 5 5 4 5 4 5 5 5 4 4 4 4 4 3
1 1 1 1 1 2 2 2 2 2 3 2 2 2 3 2 2 3 2 3 3 3 3 3 4 3 3 4 3 4 4 3 3 4 3 4 4 3 4 4 4 4 4 4 4 4 4 4 4 5 5 4 5 5 5 5 5 4 4 4 4 4 3
1 1 1 1 1 2 2 2 2 2 3 2 2 2 3 2 2 3 2 3 3 3 3 3 4 3 3 4 3 4 4 3 3 4 3 4 4 3 4 4 4 4 4 4 4 4 4 4 5 5 5 4 5 5 5 5 5 4 4 4 4 4 3
1 1 1 1 1 2 2 2 2 2 3 2 2 2 3 2 2 3 2 3 3 3 3 3 4 3 3 4 3 4 4 3 3 4 3 4 4 3 4 4 4 4 4 4 4 4 5 4 4 5 5 4 5 4 4 5 5 4 4 4 4 4 3
1 1 1 1 1 2 2 2 2 2 3 2 2 2 3 2 2 3 2 3 3 3 3 3 4 3 3 4 3 4 4 3 3 4 3 4 4 3 4 4 4 4 4 4 4 4 5 4 4 5 5 4 5 4 5 5 5 4 4 4 4 4 3
1 1 1 1 1 2 2 2 2 2 3 2 2 2 3 2 2 3 2 3 3 3 3 3 4 3 3 4 3 4 4 3 3 4 3 4 4 3 4 4 4 4 4 4 4 4 5 4 4 5 5 4 5 5 5 5 5 4 4 4 4 4 3
1 1 1 1 1 2 2 2 2 2 3 2 2 2 3 2 2 3 2 3 3 3 3 3 4 3 3 4 3 4 4 3 3 4 3 4 4 3 4 4 4 4 4 5 4 5 5 4 5 5 5 4 5 5 5 5 5 4 4 4 4 4 3
1 1 1 1 2 2 2 2 2 3 3 2 2 3 3 2 3 3 3 3 4 3 3 2 4 3 4 4 4 4 3 3 4 4 4 4 3 4 4 5 5 4 3 5 3 5 2 5 5 4 4 5 5 4 4 4 4 4 3 3 3 3 2
1 1 1 1 2 2 2 2 2 3 3 2 2 3 3 2 3 3 3 3 4 3 3 2 4 3 4 4 4 4 5 3 4 4 4 4 5 4 4 3 5 4 3 5 3 5 4 5 5 4 4 5 5 4 4 4 4 4 3 3 3 3 2
1 1 1 1 2 2 2 2 2 3 3 2 2 3 3 2 3 3 3 3 4 3 3 2 4 3 4 4 4 4 5 3 4 4 4 4 5 4 4 5 5 4 3 5 3 5 4 5 5 4 4 5 5 4 4 4 4 4 3 3 3 3 2
1 1 1 1 2 2 2 2 2 3 3 2 2 3 3 2 3 3 3 3 4 3 3 3 3 3 4 4 4 4 4 3 4 4 4 4 5 3 4 5 5 4 4 3 4 4 4 4 5 4 4 4 5 4 4 4 4 4 3 3 3 3 2
1 1 1 1 2 2 2 2 2 3 3 2 2 3 3 2 3 3 3 3 4 3 3 3 3 3 4 4 4 4 4 3 4 4 4 4 5 4 4 5 5 4 3 3 4 4 4 5 5 4 4 5 5 4 4 4 4 4 3 3 3 3 2
1 1 1 1 2 2 2 2 2 3 3 2 2 3 3 2 3 3 3 3 4 3 3 3 3 3 4 4 4 4 4 3 4 4 4 4 5 4 4 5 5 4 4 4 4 4 4 4 5 4 4 5 5 4 4 4 4 4 3 3 3 3 2
1 1 1 1 2 2 2 2 2 3 3 2 2 3 3 2 3 3 3 3 4 3 3 3 3 3 4 4 4 4 4 3 4 4 4 4 5 4 4 5 5 4 4 4 4 4 4 5 5 4 4 4 5 4 4 4 4 4 3 3 3 3 2
1 1 1 1 2 2 2 2 2 3 3 2 2 3 3 2 3 3 3 3 4 3 3 3 3 3 4 4 4 4 4 3 4 4 4 4 5 4 4 5 5 4 4 4 4 4 4 5 5 4 4 5 5 4 4 4 4 4 3 3 3 3 2
1 1 1 1 2 2 2 2 2 3 3 2 2 3 3 2 3 3 3 3 4 3 3 3 4 3 3 4 4 3 4 3 3 4 4 4 4 4 4 4 5 4 3 5 4 4 4 4 4 4 4 4 5 4 4 4 4 4 3 3 3 3 2
1 1 1 1 2 2 2 2 2 3 3 2 2 3 3 2 3 3 3 3 4 3 3 3 4 3 3 4 4 3 4 3 3 4 4 4 5 4 4 5 5 4 3 5 4 4 4 4 4 4 4 4 5 4 4 4 4 4 3 3 3 3 2
1 1 1 1 2 2 2 2 2 3 3 2 2 3 3 2 3 3 3 3 4 3 3 3 4 3 3 4 4 3 5 3 3 4 4 4 4 4 4 5 5 4 3 5 4 4 4 4 4 4 4 4 4 4 4 4 4 4 3 3 3 3 2
1 1 1 1 2 2 2 2 2 3 3 2 2 3 3 2 3 3 3 3 4 3 3 3 4 3 3 4 4 3 5 3 3 4 4 4 5 4 4 5 5 4 3 5 4 4 4 4 4 4 4 4 4 4 4 4 4 4 3 3 3 3 2
1 1 1 1 2 2 2 2 2 3 3 2 2 3 3 2 3 3 3 3 4 3 3 3 4 3 3 4 4 4 3 3 4 4 4 4 4 4 4 4 5 4 3 4 4 5 3 4 5 3 4 5 5 4 4 4 4 4 3 3 3 3 2
1 1 1 1 2 2 2 2 2 3 3 2 2 3 3 2 3 3 3 3 4 3 3 3 4 3 3 4 4 4 4 3 3 4 4 4 4 4 4 4 5 4 3 5 4 4 4 4 5 4 4 4 5 4 4 4 4 4 3 3 3 3 2
1 1 1 1 2 2 2 2 2 3 3 2 2 3 3 2 3 3 3 3 4 3 3 3 4 3 3 4 4 4 4 3 3 4 4 4 4 4 4 4 5 4 3 5 4 5 4 4 5 4 4 4 5 4 4 4 4 4 3 3 3 3 2
1 1 1 1 2 2 2 2 2 3 3 2 2 3 3 2 3 3 3 3 4 3 3 3 4 3 3 4 4 4 4 3 4 4 4 4 4 4 4 5 4 4 3 5 4 5 4 4 5 4 4 5 4 4 4 4 4 4 3 3 3 3 2
1 1 1 1 2 2 2 2 2 3 3 2 2 3 3 2 3 3 3 3 4 3 3 3 4 3 3 4 4 4 4 3 4 4 4 4 5 4 4 5 5 4 3 5 4 5 4 4 5 4 4 5 5 4 4 4 4 4 3 3 3 3 2
1 1 1 1 2 2 2 2 2 3 3 2 2 3 3 2 3 3 3 3 4 3 3 3 4 3 3 4 4 4 5 3 3 4 4 4 5 4 4 5 3 4 3 5 4 5 4 4 5 4 4 4 5 4 4 4 4 4 3 3 3 3 2
1 1 1 1 2 2 2 2 2 3 3 2 2 3 3 2 3 3 3 3 4 3 3 3 4 3 4 3 4 4 4 3 4 4 4 4 4 4 4 5 5 4 4 4 4 5 4 5 4 4 4 5 5 4 4 4 4 4 3 3 3 3 2
1 1 1 1 2 2 2 2 2 3 3 2 2 3 3 2 3 3 3 3 4 3 3 3 4 3 4 3 4 4 4 3 4 4 4 4 5 4 4 5 5 4 4 4 4 4 4 5 4 4 4 5 4 4 4 4 4 4 3 3 3 3 2
1 1 1 1 2 2 2 2 2 3 3 2 2 3 3 2 3 3 3 3 4 3 3 3 4 3 4 3 4 4 4 3 4 4 4 4 5 4 4 5 5 4 4 4 4 5 4 5 4 4 4 4 5 4 4 4 4 4 3 3 3 3 2
1 1 1 1 2 2 2 2 2 3 3 2 2 3 3 2 3 3 3 3 4 3 3 3 4 3 4 3 4 4 5 3 4 4 4 4 4 4 4 5 5 4 4 4 4 5 4 5 4 4 4 5 4 4 4 4 4 4 3 3 3 3 2
1 1 1 1 2 2 2 2 2 3 3 2 2 3 3 2 3 3 3 3 4 3 3 3 4 3 4 3 4 4 5 3 4 4 4 4 5 4 4 5 5 4 4 4 4 4 4 5 4 4 4 4 4 4 4 4 4 4 3 3 3 3 2
1 1 1 1 2 2 2 2 2 3 3 2 2 3 3 2 3 3 3 3 4 3 3 3 4 3 4 3 4 4 5 3 4 4 4 4 5 4 4 5 5 4 4 4 4 5 4 5 4 4 4 4 4 4 4 4 4 4 3 3 3 3 2
1 1 1 1 2 2 2 2 2 3 3 2 2 3 3 2 3 3 3 3 4 3 3 3 4 3 4 3 4 4 5 3 4 4 4 4 5 4 4 5 5 4 4 4 4 5 4 5 4 4 4 4 5 4 4 4 4 4 3 3 3 3 2
1 1 1 1 2 2 2 2 2 3 3 2 2 3 3 2 3 3 3 3 4 3 3 3 4 3 4 4 4 4 3 3 4 4 4 4 4 4 4 5 5 4 4 4 4 5 3 5 5 4 4 5 4 4 4 4 4 4 3 3 3 3 2
1 1 1 1 2 2 2 2 2 3 3 2 2 3 3 2 3 3 3 3 4 3 3 3 4 3 4 4 4 4 4 3 4 4 4 4 4 4 3 4 5 4 4 4 4 5 4 4 4 4 4 4 4 4 4 4 4 4 3 3 3 3 2
1 1 1 1 2 2 2 2 2 3 3 2 2 3 3 2 3 3 3 3 4 3 3 3 4 3 4 4 4 4 4 3 4 4 4 4 4 4 4 4 4 4 4 5 4 5 4 4 4 4 4 4 4 4 4 4 4 4 3 3 3 3 2
1 1 1 1 2 2 2 2 2 3 3 2 2 3 3 2 3 3 3 3 4 3 3 3 4 3 4 4 4 4 4 3 4 4 4 4 4 4 4 4 5 4 4 5 3 5 4 5 5 4 4 5 5 4 4 4 4 4 3 3 3 3 2
1 1 1 1 2 2 2 2 2 3 3 2 2 3 3 2 3 3 3 3 4 3 3 3 4 3 4 4 4 4 4 3 4 4 4 4 4 4 4 4 5 4 4 5 4 5 4 4 4 4 4 4 5 4 4 4 4 4 3 3 3 3 2
1 1 1 1 2 2 2 2 2 3 3 2 2 3 3 2 3 3 3 3 4 3 3 3 4 3 4 4 4 4 4 3 4 4 4 4 4 4 4 4 5 4 4 5 4 5 4 4 4 4 4 5 5 4 4 4 4 4 3 3 3 3 2
1 1 1 1 2 2 2 2 2 3 3 2 2 3 3 2 3 3 3 3 4 3 3 3 4 3 4 4 4 4 4 3 4 4 4 4 4 4 4 4 5 4 4 5 4 5 4 4 5 4 4 4 5 4 4 4 4 4 3 3 3 3 2
1 1 1 1 2 2 2 2 2 3 3 2 2 3 3 2 3 3 3 3 4 3 3 3 4 3 4 4 4 4 4 3 4 4 4 4 4 4 4 4 5 4 4 5 4 5 4 4 5 4 4 5 4 4 4 4 4 4 3 3 3 3 2
1 1 1 1 2 2 2 2 2 3 3 2 2 3 3 2 3 3 3 3 4 3 3 3 4 3 4 4 4 4 4 3 4 4 4 4 4 4 4 4 5 4 4 5 4 5 4 4 5 4 4 5 5 4 4 4 4 4 3 3 3 3 2
1 1 1 1 2 2 2 2 2 3 3 2 2 3 3 2 3 3 3 3 4 3 3 3 4 3 4 4 4 4 4 3 4 4 4 4 4 4 4 4 5 4 4 5 4 5 4 5 4 4 4 5 5 4 4 4 4 4 3 3 3 3 2
1 1 1 1 2 2 2 2 2 3 3 2 2 3 3 2 3 3 3 3 4 3 3 3 4 3 4 4 4 4 4 3 4 4 4 4 4 4 4 4 5 4 4 5 4 5 4 5 5 4 4 5 5 4 4 4 4 4 3 3 3 3 2
1 1 1 1 2 2 2 2 2 3 3 2 2 3 3 2 3 3 3 3 4 3 3 3 4 3 4 4 4 4 4 3 4 4 4 4 4 4 4 5 5 4 3 3 4 5 4 5 5 4 4 5 5 4 4 4 4 4 3 3 3 3 2
1 1 1 1 2 2 2 2 2 3 3 2 2 3 3 2 3 3 3 3 4 3 3 3 4 3 4 4 4 4 4 3 4 4 4 4 4 4 4 5 5 4 4 4 4 4 4 5 4 4 4 5 5 4 4 4 4 4 3 3 3 3 2
1 1 1 1 2 2 2 2 2 3 3 2 2 3 3 2 3 3 3 3 4 3 3 3 4 3 4 4 4 4 4 3 4 4 4 4 4 4 4 5 5 4 4 4 4 5 4 5 4 4 4 5 5 4 4 4 4 4 3 3 3 3 2
1 1 1 1 2 2 2 2 2 3 3 2 2 3 3 2 3 3 3 3 4 3 3 3 4 3 4 4 4 4 4 3 4 4 4 4 4 4 4 5 5 4 4 5 4 5 4 4 5 4 4 4 5 4 4 4 4 4 3 3 3 3 2
1 1 1 1 2 2 2 2 2 3 3 2 2 3 3 2 3 3 3 3 4 3 3 3 4 3 4 4 4 4 4 3 4 4 4 4 4 4 4 5 5 4 4 5 4 5 4 4 5 4 4 5 5 4 4 4 4 4 3 3 3 3 2
1 1 1 1 2 2 2 2 2 3 3 2 2 3 3 2 3 3 3 3 4 3 3 3 4 3 4 4 4 4 4 3 4 4 4 4 4 4 4 5 5 4 4 5 4 5 4 5 4 4 4 5 5 4 4 4 4 4 3 3 3 3 2
1 1 1 1 2 2 2 2 2 3 3 2 2 3 3 2 3 3 3 3 4 3 3 3 4 3 4 4 4 4 4 3 4 4 4 4 4 4 4 5 5 4 4 5 4 5 4 5 5 4 4 5 5 4 4 4 4 4 3 3 3 3 2
1 1 1 1 2 2 2 2 2 3 3 2 2 3 3 2 3 3 3 3 4 3 3 3 4 3 4 4 4 4 4 3 4 4 4 4 5 4 4 4 4 4 4 5 4 5 4 4 5 4 4 5 5 4 4 4 4 4 3 3 3 3 2
1 1 1 1 2 2 2 2 2 3 3 2 2 3 3 2 3 3 3 3 4 3 3 3 4 3 4 4 4 4 4 3 4 4 4 4 5 4 4 4 4 4 4 5 4 5 4 5 4 4 4 5 5 4 4 4 4 4 3 3 3 3 2
1 1 1 1 2 2 2 2 2 3 3 2 2 3 3 2 3 3 3 3 4 3 3 3 4 3 4 4 4 4 4 3 4 4 4 4 5 4 4 4 4 4 4 5 4 5 4 5 5 4 4 4 5 4 4 4 4 4 3 3 3 3 2
1 1 1 1 2 2 2 2 2 3 3 2 2 3 3 2 3 3 3 3 4 3 3 3 4 3 4 4 4 4 4 3 4 4 4 4 5 4 4 4 4 4 4 5 4 5 4 5 5 4 4 5 4 4 4 4 4 4 3 3 3 3 2
1 1 1 1 2 2 2 2 2 3 3 2 2 3 3 2 3 3 3 3 4 3 3 3 4 3 4 4 4 4 4 3 4 4 4 4 5 4 4 4 4 4 4 5 4 5 4 5 5 4 4 5 5 4 4 4 4 4 3 3 3 3 2
1 1 1 1 2 2 2 2 2 3 3 2 2 3 3 2 3 3 3 3 4 3 3 4 4 3 4 4 4 4 3 3 4 4 4 4 5 4 4 5 5 4 3 3 5 5 4 5 5 4 4 5 5 4 4 4 4 4 3 3 3 3 2
1 1 1 1 2 2 2 2 2 3 3 2 2 3 3 2 3 3 3 3 4 3 3 4 4 3 4 4 4 4 3 3 4 4 4 4 5 4 4 5 5 4 3 5 5 3 4 5 5 4 4 5 5 4 4 4 4 4 3 3 3 3 2
1 1 1 1 2 2 2 2 2 3 3 2 2 3 3 2 3 3 3 3 4 3 3 4 4 3 4 4 4 4 3 3 4 4 4 4 5 4 4 5 5 4 3 5 5 5 4 5 5 4 4 5 5 4 4 4 4 4 3 3 3 3 2
1 1 1 1 2 2 2 2 2 3 3 2 2 3 3 2 3 3 3 3 4 3 3 4 4 3 4 4 4 4 3 3 4 4 4 4 5 4 4 5 5 4 4 5 4 5 4 5 5 4 4 4 5 4 4 4 4 4 3 3 3 3 2
1 1 1 1 2 2 2 2 2 3 3 2 2 3 3 2 3 3 3 3 4 3 3 4 4 3 4 4 4 4 3 3 4 4 4 4 5 4 4 5 5 4 5 5 5 5 4 5 5 4 4 3 5 4 4 4 4 4 3 3 3 3 2
1 1 1 1 2 2 2 2 2 3 3 2 2 3 3 2 3 3 3 3 4 3 3 4 4 3 4 4 4 4 3 3 4 4 4 4 5 4 4 5 5 4 5 5 5 5 4 5 5 4 4 5 5 4 4 4 4 4 3 3 3 3 2
1 1 1 1 2 2 2 2 2 3 3 2 2 3 3 2 3 3 3 3 4 3 3 4 4 3 4 4 4 4 4 3 4 4 4 4 4 4 4 4 4 3 4 5 4 5 4 4 5 4 4 5 5 4 4 4 4 4 3 3 3 3 2
1 1 1 1 2 2 2 2 2 3 3 2 2 3 3 2 3 3 3 3 4 3 3 4 4 3 4 4 4 4 4 3 4 4 4 4 4 4 4 4 4 3 4 5 4 5 4 5 5 4 4 5 5 4 4 4 4 4 3 3 3 3 2
1 1 1 1 2 2 2 2 2 3 3 2 2 3 3 2 3 3 3 3 4 3 3 4 4 3 4 4 4 4 4 3 4 4 4 4 4 4 4 4 5 3 4 4 4 5 4 5 5 4 4 5 5 4 4 4 4 4 3 3 3 3 2
1 1 1 1 2 2 2 2 2 3 3 2 2 3 3 2 3 3 3 3 4 3 3 4 4 3 4 4 4 4 4 3 4 4 4 4 4 4 4 4 5 3 4 5 5 5 4 5 5 4 4 5 5 4 4 4 4 4 3 3 3 3 2
1 1 1 1 2 2 2 2 2 3 3 2 2 3 3 2 3 3 3 3 4 3 3 4 4 3 4 4 4 4 4 3 4 4 4 4 4 4 4 4 5 3 5 5 4 5 4 4 5 4 4 4 5 4 4 4 4 4 3 3 3 3 2
1 1 1 1 2 2 2 2 2 3 3 2 2 3 3 2 3 3 3 3 4 3 3 4 4 3 4 4 4 4 4 3 4 4 4 4 4 4 4 4 5 3 5 5 4 5 4 4 5 4 4 5 4 4 4 4 4 4 3 3 3 3 2
1 1 1 1 2 2 2 2 2 3 3 2 2 3 3 2 3 3 3 3 4 3 3 4 4 3 4 4 4 4 4 3 4 4 4 4 4 4 4 4 5 3 5 5 4 5 4 5 5 4 4 5 5 4 4 4 4 4 3 3 3 3 2
1 1 1 1 2 2 2 2 2 3 3 2 2 3 3 2 3 3 3 3 4 3 3 4 4 3 4 4 4 4 4 3 4 4 4 4 4 4 4 4 5 3 5 5 5 5 4 5 5 4 4 5 5 4 4 4 4 4 3 3 3 3 2
1 1 1 1 2 2 2 2 2 3 3 2 2 3 3 2 3 3 3 3 4 3 3 4 4 3 4 4 4 4 4 3 4 4 4 4 4 4 4 4 5 4 4 5 4 5 4 4 5 4 4 5 5 4 4 4 4 4 3 3 3 3 2
1 1 1 1 2 2 2 2 2 3 3 2 2 3 3 2 3 3 3 3 4 3 3 4 4 3 4 4 4 4 4 3 4 4 4 4 4 4 4 4 5 4 5 5 4 5 4 4 5 4 4 4 5 4 4 4 4 4 3 3 3 3 2
1 1 1 1 2 2 2 2 2 3 3 2 2 3 3 2 3 3 3 3 4 3 3 4 4 3 4 4 4 4 4 3 4 4 4 4 4 4 4 4 5 4 5 5 5 5 4 5 5 4 4 5 5 4 4 4 4 4 3 3 3 3 2
1 1 1 1 2 2 2 2 2 3 3 2 2 3 3 2 3 3 3 3 4 3 3 4 4 3 4 4 4 4 4 3 4 4 4 4 4 4 4 5 5 3 4 4 5 5 4 4 5 4 4 5 4 4 4 4 4 4 3 3 3 3 2
1 1 1 1 2 2 2 2 2 3 3 2 2 3 3 2 3 3 3 3 4 3 3 4 4 3 4 4 4 4 4 3 4 4 4 4 4 4 4 5 5 3 5 5 5 5 4 4 5 4 4 4 5 4 4 4 4 4 3 3 3 3 2
1 1 1 1 2 2 2 2 2 3 3 2 2 3 3 2 3 3 3 3 4 3 3 4 4 3 4 4 4 4 4 3 4 4 4 4 4 4 4 5 5 3 5 5 5 5 4 5 5 4 4 5 5 4 4 4 4 4 3 3 3 3 2
1 1 1 1 2 2 2 2 2 3 3 2 2 3 3 2 3 3 3 3 4 3 3 4 4 3 4 4 4 4 5 3 4 4 4 4 5 4 4 5 5 2 5 5 5 5 4 5 5 4 4 5 5 4 4 4 4 4 3 3 3 3 2
1 1 1 1 2 2 2 2 2 3 3 2 2 3 3 2 3 3 3 3 4 3 3 4 4 3 4 4 4 4 5 3 4 4 4 4 5 4 4 5 5 4 5 5 5 5 4 5 5 4 4 5 5 4 4 4 4 4 3 3 3 3 2
1 1 1 1 2 2 2 2 2 3 3 2 2 3 3 2 3 3 3 3 4 3 3 4 4 3 4 4 4 4 5 3 4 4 4 4 5 4 4 5 5 4 5 5 5 5 4 5 5 6 6 5 5 6 6 6 6 6 5 5 5 5 4
1 1 1 1 2 2 2 2 2 3 3 2 2 3 3 2 3 3 3 3 4 3 3 4 4 3 4 4 4 4 5 3 4 4 4 4 5 4 4 5 5 4 5 5 5 5 6 5 5 6 6 5 5 6 6 6 6 6 5 5 5 5 4
1 1 1 1 2 3 2 2 2 3 4 2 2 3 4 2 3 4 3 4 5 3 3 4 3 3 4 5 4 5 6 3 4 5 4 5 6 4 5 6 6 4 5 4 5 4 5 5 6 5 5 5 6 5 5 5 6 5 4 4 4 4 3
1 1 1 1 2 3 2 2 2 3 4 2 2 3 4 2 3 4 3 4 5 3 3 4 5 3 4 5 4 5 4 3 4 5 4 5 6 4 5 6 6 4 5 4 5 6 5 5 6 5 5 5 6 5 5 5 6 5 4 4 4 4 3
1 1 1 1 2 3 2 2 2 3 4 2 2 3 4 2 3 4 3 4 5 3 3 4 5 3 4 5 4 5 4 3 4 5 4 5 6 4 5 6 6 4 5 6 5 6 5 5 6 5 5 5 6 5 5 5 6 5 4 4 4 4 3
1 1 1 1 2 3 2 2 2 3 4 2 2 3 4 2 3 4 3 4 5 3 3 4 5 3 4 5 4 5 5 3 4 5 4 5 5 4 5 5 6 4 5 6 5 6 5 5 6 5 5 5 6 5 5 5 6 5 4 4 4 4 3
1 1 1 1 2 3 2 2 2 3 4 2 2 3 4 2 3 4 3 4 5 3 3 4 5 3 4 5 4 5 6 3 4 5 4 5 6 4 5 6 6 4 5 6 5 6 5 5 6 5 5 5 6 5 5 5 6 5 4 4 4 4 3
1 1 1 1 3 3 2 2 2 4 4 2 2 4 4 2 4 4 4 4 6 3 3 5 5 3 5 5 5 5 7 3 5 5 5 5 7 5 5 7 7 4 6 6 6 6 6 6 6 6 6 6 6 6 6 6 7 7 5 5 5 5 4
1 1 1 2 2 2 2 2 3 3 3 2 3 3 3 3 3 3 4 4 4 3 2 4 4 4 4 4 5 5 5 4 4 4 5 5 5 5 5 5 6 3 5 5 4 4 6 6 6 6 5 6 6 6 5 5 5 5 5 4 4 4 3
1 1 1 2 2 2 2 2 3 3 3 2 3 3 3 3 3 3 4 4 4 3 3 4 4 4 4 4 4 4 5 4 4 4 5 5 5 5 5 5 6 4 5 5 4 4 6 5 5 6 5 6 6 6 5 5 5 5 5 4 4 4 3
1 1 1 2 2 2 2 2 3 3 3 2 3 3 3 3 3 3 4 4 4 3 4 4 4 4 4 4 3 3 5 4 4 4 5 5 5 5 5 5 4 5 5 5 4 4 6 4 4 6 3 6 6 6 5 5 5 5 5 4 4 4 3
1 1 1 2 2 2 2 2 3 3 3 2 3 3 3 3 3 3 4 4 4 3 4 4 4 4 4 4 3 5 5 4 4 4 5 3 5 5 5 5 6 5 5 5 4 4 6 4 6 6 5 6 4 6 5 5 5 5 5 4 4 4 3
1 1 1 2 2 2 2 2 3 3 3 2 3 3 3 3 3 3 4 4 4 3 4 4 4 4 4 4 3 5 5 4 4 4 5 5 5 5 5 5 4 5 5 5 4 6 6 4 6 6 3 6 4 6 5 5 5 5 5 4 4 4 3
1 1 1 2 2 2 2 2 3 3 3 2 3 3 3 3 3 3 4 4 4 3 4 4 4 4 4 4 3 5 5 4 4 4 5 5 5 5 5 5 6 5 5 5 4 4 6 4 6 4 5 6 6 6 5 5 5 5 5 4 4 4 3
1 1 1 2 2 2 2 2 3 3 3 2 3 3 3 3 3 3 4 4 4 3 4 4 4 4 4 4 3 5 5 4 4 4 5 5 5 5 5 5 6 5 5 5 4 4 6 4 6 6 5 6 6 4 5 5 5 5 5 4 4 4 3
1 1 1 2 2 2 2 2 3 3 3 2 3 3 3 3 3 3 4 4 4 3 4 4 4 4 4 4 3 5 5 4 4 4 5 5 5 5 5 5 6 5 5 5 4 4 6 4 6 6 5 6 6 6 5 5 5 5 5 4 4 4 3
1 1 1 2 2 2 2 2 3 3 3 2 3 3 3 3 3 3 4 4 4 3 4 4 4 4 4 4 3 5 5 4 4 4 5 5 5 5 5 5 6 5 5 5 4 6 6 4 6 6 5 6 4 6 5 5 5 5 5 4 4 4 3
1 1 1 2 2 2 2 2 3 3 3 2 3 3 3 3 3 3 4 4 4 3 4 4 4 4 4 4 3 5 5 4 4 4 5 5 5 5 5 5 6 5 5 5 4 6 6 4 6 6 5 6 6 6 5 5 5 5 5 4 4 4 3
1 1 1 2 2 2 2 2 3 3 3 2 3 3 3 3 3 3 4 4 4 3 4 4 4 4 4 4 5 5 5 4 4 4 5 5 5 5 5 5 4 5 5 5 4 4 4 6 6 6 5 6 6 6 5 5 5 5 5 4 4 4 3
1 1 1 2 2 2 2 2 3 3 3 2 3 3 3 3 3 3 4 4 4 3 4 4 4 4 4 4 5 5 5 4 4 4 5 5 5 5 5 5 4 5 5 5 4 4 6 6 6 4 5 6 6 6 5 5 5 5 5 4 4 4 3
1 1 1 2 2 2 2 2 3 3 3 2 3 3 3 3 3 3 4 4 4 3 4 4 4 4 4 4 5 5 5 4 4 4 5 5 5 5 5 5 4 5 5 5 4 4 6 6 6 6 5 6 6 6 5 3 5 5 5 4 4 4 3
1 1 1 2 2 2 2 2 3 3 3 2 3 3 3 3 3 3 4 4 4 3 4 4 4 4 4 4 5 5 5 4 4 4 5 5 5 5 5 5 4 5 5 5 4 4 6 6 6 6 5 6 6 6 5 5 5 5 5 4 4 4 3
1 1 1 2 2 2 2 2 3 3 3 2 3 3 3 3 3 3 4 4 4 3 4 4 4 4 4 4 5 5 5 4 4 4 5 5 5 5 5 5 6 3 5 5 6 6 4 6 6 6 5 6 6 6 5 5 5 5 5 4 4 4 3
1 1 1 2 2 2 2 2 3 3 3 2 3 3 3 3 3 3 4 4 4 3 4 4 4 4 4 4 5 5 5 4 4 4 5 5 5 5 5 5 6 3 5 5 6 6 6 6 6 6 5 6 6 6 5 5 5 5 5 4 4 4 3
1 1 1 2 2 2 2 2 3 3 3 2 3 3 3 3 3 3 4 4 4 3 4 4 4 4 4 4 5 5 5 4 4 4 5 5 5 5 5 5 6 4 4 4 6 6 6 6 6 6 5 6 6 6 5 5 5 5 5 4 4 4 3
1 1 1 2 2 2 2 2 3 3 3 2 3 3 3 3 3 3 4 4 4 3 4 4 4 4 4 4 5 5 5 4 4 4 5 5 5 5 5 5 6 4 4 5 5 6 6 5 6 6 5 6 6 6 5 5 5 5 5 4 4 4 3
1 1 1 2 2 2 2 2 3 3 3 2 3 3 3 3 3 3 4 4 4 3 4 4 4 4 4 4 5 5 5 4 4 4 5 5 5 5 5 5 6 4 4 5 5 6 6 6 6 6 5 6 6 6 5 5 5 5 5 4 4 4 3
1 1 1 2 2 2 2 2 3 3 3 2 3 3 3 3 3 3 4 4 4 3 4 4 4 4 4 4 5 5 5 4 4 4 5 5 5 5 5 5 6 4 5 5 5 5 6 5 5 6 5 5 6 6 5 5 5 5 5 4 4 4 3
1 1 1 2 2 2 2 2 3 3 3 2 3 3 3 3 3 3 4 4 4 3 4 4 4 4 4 4 5 5 5 4 4 4 5 5 5 5 5 5 6 4 5 5 5 5 6 5 5 6 5 6 6 6 5 5 5 5 5 4 4 4 3
1 1 1 2 2 2 2 2 3 3 3 2 3 3 3 3 3 3 4 4 4 3 4 4 4 4 4 4 5 5 5 4 4 4 5 5 5 5 5 5 6 4 5 5 5 6 6 5 6 6 5 6 6 6 5 5 5 5 5 4 4 4 3
1 1 1 2 2 2 2 2 3 3 3 2 3 3 3 3 3 3 4 4 4 3 4 4 4 4 4 4 5 5 5 4 4 4 5 5 5 5 5 5 6 5 5 5 4 4 6 6 6 4 5 6 6 6 5 5 5 5 5 4 4 4 3
1 1 1 2 2 2 2 2 3 3 3 2 3 3 3 3 3 3 4 4 4 3 4 4 4 4 4 4 5 5 5 4 4 4 5 5 5 5 5 5 6 5 5 5 4 4 6 6 6 6 5 6 6 6 5 5 5 5 5 4 4 4 3
1 1 1 2 2 2 2 2 3 3 3 2 3 3 3 3 3 3 4 4 4 3 4 4 4 4 4 4 5 5 5 4 4 4 5 5 5 5 5 5 6 5 5 5 4 6 6 6 4 6 5 6 6 4 5 5 5 5 5 4 4 4 3
1 1 1 2 2 2 2 2 3 3 3 2 3 3 3 3 3 3 4 4 4 3 4 4 4 4 4 4 5 5 5 4 4 4 5 5 5 5 5 5 6 5 5 5 4 6 6 6 4 6 5 6 6 6 5 5 5 5 5 4 4 4 3
1 1 1 2 2 2 2 2 3 3 3 2 3 3 3 3 3 3 4 4 4 3 4 4 4 4 4 4 5 5 5 4 4 4 5 5 5 5 5 5 6 5 5 5 4 6 6 6 6 6 5 6 6 6 5 5 5 5 5 4 4 4 3
1 1 1 2 2 2 2 2 3 3 3 2 3 3 3 3 3 3 4 4 4 3 4 4 4 4 4 4 5 5 5 4 4 4 5 5 5 5 5 5 6 5 5 5 6 6 6 6 6 6 5 6 6 6 5 5 5 5 5 4 4 4 3
1 1 1 2 2 2 2 2 3 3 3 2 3 3 3 3 3 3 4 4 4 3 4 4 4 4 4 4 5 5 5 4 4 4 5 5 5 5 5 5 6 5 5 5 6 6 6 6 6 6 7 6 6 6 7 7 7 7 7 6 6 6 5
1 1 1 2 2 3 2 2 3 3 4 2 3 3 4 3 3 4 4 5 5 3 4 4 5 4 4 5 5 4 6 4 4 5 5 6 6 5 6 6 7 5 5 6 6 5 7 6 5 7 6 6 7 7 6 6 7 6 6 5 5 5 4
1 1 1 2 2 3 2 2 3 3 4 2 3 3 4 3 3 4 4 5 5 3 4 4 5 4 4 5 5 6 6 4 4 5 5 6 6 5 6 6 5 5 5 6 6 5 5 6 7 7 6 6 7 7 6 6 7 6 6 5 5 5 4
1 1 1 2 2 3 2 2 3 3 4 2 3 3 4 3 3 4 4 5 5 3 4 4 5 4 4 5 5 6 6 4 4 5 5 6 6 5 6 6 7 5 5 4 6 7 7 6 7 7 6 6 7 7 6 6 7 6 6 5 5 5 4
1 1 1 2 2 3 2 2 3 3 4 2 3 3 4 3 3 4 4 5 5 3 4 4 5 4 4 5 5 6 6 4 4 5 5 6 6 5 6 6 7 5 5 6 6 5 7 6 7 5 6 6 7 7 6 6 7 6 6 5 5 5 4
1 1 1 2 2 3 2 2 3 3 4 2 3 3 4 3 3 4 4 5 5 3 4 4 5 4 4 5 5 6 6 4 4 5 5 6 6 5 6 6 7 5 5 6 6 5 7 6 7 7 6 6 7 7 6 6 7 6 6 5 5 5 4
1 1 1 2 2 3 2 2 3 3 4 2 3 3 4 3 3 4 4 5 5 3 4 4 5 4 4 5 5 6 6 4 4 5 5 6 6 5 6 6 7 5 5 6 6 7 7 6 7 7 6 6 7 7 6 6 7 6 6 5 5 5 4
1 1 1 2 3 3 2 2 3 4 4 2 3 4 4 3 4 4 5 5 6 3 4 5 5 4 5 5 4 4 7 4 5 5 6 6 7 6 6 7 6 5 6 6 5 5 6 5 5 6 5 7 7 6 5 5 6 6 5 4 4 4 3
1 1 1 2 3 3 2 2 3 4 4 2 3 4 4 3 4 4 5 5 6 3 4 5 5 4 5 5 4 6 5 4 5 5 6 6 5 6 6 7 6 5 6 6 5 7 4 5 7 6 5 7 7 6 5 5 6 6 5 4 4 4 3
1 1 1 2 3 3 2 2 3 4 4 2 3 4 4 3 4 4 5 5 6 3 4 5 5 4 5 5 4 6 5 4 5 5 6 6 7 6 6 7 6 5 6 6 5 5 6 5 7 6 5 7 7 6 5 5 6 6 5 4 4 4 3
1 1 1 2 3 3 2 2 3 4 4 2 3 4 4 3 4 4 5 5 6 3 4 5 5 4 5 5 4 6 5 4 5 5 6 6 7 6 6 7 6 5 6 6 5 7 6 5 7 6 5 7 7 6 5 5 6 6 5 4 4 4 3
1 1 1 2 3 3 2 2 3 4 4 2 3 4 4 3 4 4 5 5 6 3 4 5 5 4 5 5 4 6 7 4 5 5 6 6 5 6 6 7 6 5 6 6 5 5 6 5 7 6 5 7 7 6 5 5 6 6 5 4 4 4 3
1 1 1 2 3 3 2 2 3 4 4 2 3 4 4 3 4 4 5 5 6 3 4 5 5 4 5 5 6 6 7 4 5 5 6 6 7 6 6 7 8 5 6 6 7 7 8 7 7 8 7 7 7 8 7 7 8 8 7 6 6 6 5
1 1 1 3 3 3 2 2 4 4 4 2 4 4 4 4 4 4 6 6 6 3 5 5 5 5 5 5 5 5 7 5 5 5 7 7 7 7 7 7 7 6 6 6 6 6 8 6 6 8 6 8 8 8 6 6 7 7 7 5 5 5 4
1 1 2 2 2 2 2 3 3 3 3 3 3 3 3 4 4 4 4 4 4 2 4 4 4 5 5 5 5 5 5 5 5 5 5 5 5 4 4 6 4 4 4 4 6 6 6 5 5 5 5 5 5 5 5 4 4 4 4 4 3 3 2
1 1 2 2 2 2 2 3 3 3 3 3 3 3 3 4 4 4 4 4 4 4 4 4 4 3 3 5 5 5 5 5 5 5 5 3 5 4 6 6 6 4 4 6 6 4 6 3 5 5 5 5 5 5 5 4 4 4 4 4 3 3 2
1 1 2 2 2 2 2 3 3 3 3 3 3 3 3 4 4 4 4 4 4 4 4 4 4 3 3 5 5 5 5 5 5 5 5 5 5 4 6 6 4 4 4 6 6 6 6 3 5 5 5 5 5 5 5 4 4 4 4 4 3 3 2
1 1 2 2 2 2 2 3 3 3 3 3 3 3 3 4 4 4 4 4 4 4 4 4 4 3 3 5 5 5 5 5 5 5 5 5 5 4 6 6 6 4 4 6 6 6 6 3 5 5 5 5 5 5 5 4 4 4 4 4 3 3 2
1 1 2 2 2 2 2 3 3 3 3 3 3 3 3 4 4 4 4 4 4 4 4 4 4 3 5 5 5 5 5 5 3 5 5 5 5 6 6 6 4 4 4 6 6 6 6 5 5 5 5 5 5 5 5 4 4 4 4 4 3 3 2
1 1 2 2 2 2 2 3 3 3 3 3 3 3 3 4 4 4 4 4 4 4 4 4 4 3 5 5 5 5 5 5 5 5 5 5 3 6 6 6 6 4 4 4 6 6 4 5 5 5 5 5 5 5 5 4 4 4 4 4 3 3 2
1 1 2 2 2 2 2 3 3 3 3 3 3 3 3 4 4 4 4 4 4 4 4 4 4 3 5 5 5 5 5 5 5 5 5 5 3 6 6 6 6 4 4 6 6 4 4 5 5 5 5 5 5 5 5 4 4 4 4 4 3 3 2
1 1 2 2 2 2 2 3 3 3 3 3 3 3 3 4 4 4 4 4 4 4 4 4 4 3 5 5 5 5 5 5 5 5 5 5 3 6 6 6 6 4 4 6 6 6 4 5 5 5 5 5 5 5 5 4 4 4 4 4 3 3 2
1 1 2 2 2 2 2 3 3 3 3 3 3 3 3 4 4 4 4 4 4 4 4 4 4 3 5 5 5 5 5 5 5 5 5 5 5 6 6 4 4 4 4 6 6 6 6 5 5 5 5 5 5 5 5 4 4 4 4 4 3 3 2
1 1 2 2 2 2 2 3 3 3 3 3 3 3 3 4 4 4 4 4 4 4 4 4 4 3 5 5 5 5 5 5 5 5 5 5 5 6 6 4 4 4 6 6 6 6 6 5 5 5 5 5 5 5 5 4 4 4 4 4 3 3 2
1 1 2 2 2 2 2 3 3 3 3 3 3 3 3 4 4 4 4 4 4 4 4 4 4 3 5 5 5 5 5 5 5 5 5 5 5 6 6 4 6 4 4 4 6 6 6 5 5 5 5 5 5 5 5 4 4 4 4 4 3 3 2
1 1 2 2 2 2 2 3 3 3 3 3 3 3 3 4 4 4 4 4 4 4 4 4 4 3 5 5 5 5 5 5 5 5 5 5 5 6 6 4 6 4 4 6 6 6 6 5 5 5 5 5 5 5 5 4 4 4 4 4 3 3 2
1 1 2 2 2 2 2 3 3 3 3 3 3 3 3 4 4 4 4 4 4 4 4 4 4 3 5 5 5 5 5 5 5 5 5 5 5 6 6 4 6 4 6 6 4 6 6 5 5 5 5 5 5 5 5 4 4 4 4 4 3 3 2
1 1 2 2 2 2 2 3 3 3 3 3 3 3 3 4 4 4 4 4 4 4 4 4 4 3 5 5 5 5 5 5 5 5 5 5 5 6 6 4 6 4 6 6 6 6 6 5 5 5 5 5 5 5 5 4 4 4 4 4 3 3 2
1 1 2 2 2 2 2 3 3 3 3 3 3 3 3 4 4 4 4 4 4 4 4 4 4 3 5 5 5 5 5 5 5 5 5 5 5 6 6 6 6 4 6 6 6 6 6 5 5 5 7 7 7 7 7 6 6 6 6 6 5 5 4
1 1 2 2 2 2 2 3 3 3 3 3 3 3 3 4 4 4 4 4 4 4 4 4 4 3 5 5 5 5 5 5 5 5 5 5 5 6 6 6 6 4 6 6 6 6 6 5 5 7 7 7 7 5 7 6 6 6 6 6 5 5 4
1 1 2 2 2 2 2 3 3 3 3 3 3 3 3 4 4 4 4 4 4 4 4 4 4 5 5 5 5 5 5 5 5 5 5 5 5 4 4 4 6 4 4 4 6 6 6 5 5 5 5 5 5 5 5 4 4 4 4 4 3 3 2
1 1 2 2 2 2 2 3 3 3 3 3 3 3 3 4 4 4 4 4 4 4 4 4 4 5 5 5 5 5 5 5 5 5 5 5 5 4 4 4 6 4 6 6 6 6 4 5 5 5 5 5 5 5 5 4 4 4 4 4 3 3 2
1 1 2 2 2 2 2 3 3 3 3 3 3 3 3 4 4 4 4 4 4 4 4 4 4 5 5 5 5 5 5 5 5 5 5 5 5 4 4 4 6 4 6 6 6 6 6 5 5 5 5 5 5 5 5 4 4 4 4 4 3 3 2
1 1 2 2 2 2 2 3 3 3 3 3 3 3 3 4 4 4 4 4 4 4 4 4 4 5 5 5 5 5 5 5 5 5 5 5 5 4 4 4 6 6 6 6 4 6 6 5 5 5 5 5 5 5 5 4 4 4 4 4 3 3 2
1 1 2 2 2 2 2 3 3 3 3 3 3 3 3 4 4 4 4 4 4 4 4 4 4 5 5 5 5 5 5 5 5 5 5 5 5 4 4 4 6 6 6 6 6 6 6 5 5 5 5 5 5 5 5 4 4 4 4 4 3 3 2
1 1 2 2 2 2 2 3 3 3 3 3 3 3 3 4 4 4 4 4 4 4 4 4 4 5 5 5 5 5 5 5 5 5 5 5 5 4 4 6 6 4 4 6 6 6 6 5 5 5 5 5 5 5 5 4 4 4 4 4 3 3 2
1 1 2 2 2 2 2 3 3 3 3 3 3 3 3 4 4 4 4 4 4 4 4 4 4 5 5 5 5 5 5 5 5 5 5 5 5 4 4 6 6 4 6 6 6 6 4 5 5 5 5 5 5 5 5 4 4 4 4 4 3 3 2
1 1 2 2 2 2 2 3 3 3 3 3 3 3 3 4 4 4 4 4 4 4 4 4 4 5 5 5 5 5 5 5 5 5 5 5 5 4 4 6 6 4 6 6 6 6 6 5 5 5 5 5 5 5 5 4 4 4 4 4 3 3 2
1 1 2 2 2 2 2 3 3 3 3 3 3 3 3 4 4 4 4 4 4 4 4 4 4 5 5 5 5 5 5 5 5 5 5 5 5 4 4 6 6 6 4 6 6 6 6 5 5 5 5 5 5 5 5 4 4 4 4 4 3 3 2
1 1 2 2 2 2 2 3 3 3 3 3 3 3 3 4 4 4 4 4 4 4 4 4 4 5 5 5 5 5 5 5 5 5 5 5 5 4 4 6 6 6 6 6 6 6 4 5 5 5 5 5 5 5 5 4 4 4 4 4 3 3 2
1 1 2 2 2 2 2 3 3 3 3 3 3 3 3 4 4 4 4 4 4 4 4 4 4 5 5 5 5 5 5 5 5 5 5 5 5 4 4 6 6 6 6 6 6 6 6 5 5 5 5 5 5 5 5 4 4 4 4 4 3 3 2
1 1 2 2 2 2 2 3 3 3 3 3 3 3 3 4 4 4 4 4 4 4 4 4 4 5 5 5 5 5 5 5 5 5 5 5 5 4 6 6 6 4 6 6 6 6 6 5 5 5 5 5 5 5 5 4 4 4 4 4 3 3 2
1 1 2 2 2 2 2 3 3 3 3 3 3 3 3 4 4 4 4 4 4 4 4 4 4 5 5 5 5 5 5 5 5 5 5 5 5 4 6 6 6 6 6 6 6 6 6 5 5 5 5 5 5 5 5 4 4 4 4 4 3 3 2
1 1 2 2 2 2 2 3 3 3 3 3 3 3 3 4 4 4 4 4 4 4 4 4 4 5 5 5 5 5 5 5 5 5 5 5 5 4 6 6 6 6 6 6 6 6 6 5 5 5 7 5 7 7 7 6 6 6 6 6 5 5 4
1 1 2 2 2 2 2 3 3 3 3 3 3 3 3 4 4 4 4 4 4 4 4 4 4 5 5 5 5 5 5 5 5 5 5 5 5 6 6 6 6 4 6 6 6 6 6 7 7 5 5 7 7 7 7 6 6 6 6 6 5 5 4
1 1 2 2 2 2 2 3 3 3 3 3 3 3 3 4 4 4 4 4 4 4 4 4 4 5 5 5 5 5 5 5 5 5 5 5 5 6 6 6 6 4 6 6 6 6 6 7 7 5 7 7 7 7 5 6 6 6 6 6 5 5 4
1 1 2 2 2 2 2 3 3 3 3 3 3 3 3 4 4 4 4 4 4 4 4 4 4 5 5 5 5 5 5 5 5 5 5 5 5 6 6 6 6 6 6 6 6 6 6 5 5 5 7 7 7 7 7 6 6 6 6 6 5 5 4
1 1 2 2 2 2 2 3 3 3 3 3 3 3 3 4 4 4 4 4 4 4 4 4 4 5 5 5 5 5 5 5 5 5 5 5 5 6 6 6 6 6 6 6 6 6 6 5 5 7 7 7 7 5 5 6 6 6 6 6 5 5 4
1 1 2 2 2 2 2 3 3 3 3 3 3 3 3 4 4 4 4 4 4 4 4 4 4 5 5 5 5 5 5 5 5 5 5 5 5 6 6 6 6 6 6 6 6 6 6 5 5 7 7 7 7 5 7 6 6 6 6 6 5 5 4
1 1 2 2 2 2 2 3 3 3 3 3 3 3 3 4 4 4 4 4 4 4 4 4 4 5 5 5 5 5 5 5 5 5 5 5 5 6 6 6 6 6 6 6 6 6 6 5 5 7 7 7 7 7 7 6 6 6 6 6 5 5 4
1 1 2 2 2 3 2 3 3 3 4 3 3 3 4 4 4 5 4 5 5 4 4 4 5 3 5 4 5 6 6 5 5 6 5 6 6 6 5 7 7 4 6 5 6 7 7 5 4 6 6 7 6 6 6 5 6 5 5 5 4 4 3
1 1 2 2 2 3 2 3 3 3 4 3 3 3 4 4 4 5 4 5 5 4 4 4 5 3 5 6 5 6 6 5 5 6 5 6 4 6 7 7 7 4 6 5 6 7 5 5 6 6 6 7 6 6 6 5 6 5 5 5 4 4 3
1 1 2 2 2 3 2 3 3 3 4 3 3 3 4 4 4 5 4 5 5 4 4 4 5 3 5 6 5 6 6 5 5 6 5 6 6 6 7 5 5 4 6 7 6 7 7 5 6 6 6 7 6 6 6 5 6 5 5 5 4 4 3
1 1 2 2 2 3 2 3 3 3 4 3 3 3 4 4 4 5 4 5 5 4 4 4 5 3 5 6 5 6 6 5 5 6 5 6 6 6 7 5 7 4 6 5 6 7 7 5 6 6 6 7 6 6 6 5 6 5 5 5 4 4 3
1 1 2 2 2 3 2 3 3 3 4 3 3 3 4 4 4 5 4 5 5 4 4 4 5 3 5 6 5 6 6 5 5 6 5 6 6 6 7 5 7 4 6 7 6 7 7 5 6 6 6 7 6 6 6 5 6 5 5 5 4 4 3
1 1 2 2 2 3 2 3 3 3 4 3 3 3 4 4 4 5 4 5 5 4 4 4 5 5 5 4 5 4 4 5 5 6 5 6 6 6 5 5 5 6 6 5 6 5 5 7 4 4 4 7 6 6 6 5 6 5 5 5 4 4 3
1 1 2 2 2 3 2 3 3 3 4 3 3 3 4 4 4 5 4 5 5 4 4 4 5 5 5 4 5 4 6 5 5 6 5 6 4 6 5 7 7 6 6 5 6 5 5 7 4 6 6 7 6 6 6 5 6 5 5 5 4 4 3
1 1 2 2 2 3 2 3 3 3 4 3 3 3 4 4 4 5 4 5 5 4 4 4 5 5 5 4 5 4 6 5 5 6 5 6 6 6 5 7 7 6 6 5 6 5 5 5 4 6 6 7 6 6 6 5 6 5 5 5 4 4 3
1 1 2 2 2 3 2 3 3 3 4 3 3 3 4 4 4 5 4 5 5 4 4 4 5 5 5 4 5 4 6 5 5 6 5 6 6 6 5 7 7 6 6 5 6 5 5 7 4 6 6 5 6 6 6 5 6 5 5 5 4 4 3
1 1 2 2 2 3 2 3 3 3 4 3 3 3 4 4 4 5 4 5 5 4 4 4 5 5 5 4 5 4 6 5 5 6 5 6 6 6 5 7 7 6 6 5 6 5 7 5 4 6 6 7 6 6 6 5 6 5 5 5 4 4 3
1 1 2 2 2 3 2 3 3 3 4 3 3 3 4 4 4 5 4 5 5 4 4 4 5 5 5 4 5 4 6 5 5 6 5 6 6 6 5 7 7 6 6 5 6 5 7 7 4 6 6 7 6 6 6 5 6 5 5 5 4 4 3
1 1 2 2 2 3 2 3 3 3 4 3 3 3 4 4 4 5 4 5 5 4 4 4 5 5 5 4 5 6 6 5 5 4 5 6 6 6 7 7 7 6 6 3 6 7 7 7 6 6 6 7 6 6 6 5 6 5 5 5 4 4 3
1 1 2 2 2 3 2 3 3 3 4 3 3 3 4 4 4 5 4 5 5 4 4 4 5 5 5 4 5 6 6 5 5 5 5 6 6 6 6 7 7 5 6 4 6 7 7 7 5 6 6 7 6 6 6 5 6 5 5 5 4 4 3
1 1 2 2 2 3 2 3 3 3 4 3 3 3 4 4 4 5 4 5 5 4 4 4 5 5 5 4 5 6 6 5 5 6 5 4 6 4 7 7 7 6 6 5 6 5 7 5 6 6 6 5 6 6 6 5 6 5 5 5 4 4 3
1 1 2 2 2 3 2 3 3 3 4 3 3 3 4 4 4 5 4 5 5 4 4 4 5 5 5 4 5 6 6 5 5 6 5 4 6 6 7 5 5 6 6 5 6 5 7 7 6 4 6 7 6 6 4 5 6 5 5 5 4 4 3
1 1 2 2 2 3 2 3 3 3 4 3 3 3 4 4 4 5 4 5 5 4 4 4 5 5 5 4 5 6 6 5 5 6 5 4 6 6 7 5 7 6 6 5 6 5 7 7 6 4 6 5 6 6 6 5 6 5 5 5 4 4 3
1 1 2 2 2 3 2 3 3 3 4 3 3 3 4 4 4 5 4 5 5 4 4 4 5 5 5 4 5 6 6 5 5 6 5 4 6 6 7 7 7 6 6 5 6 5 5 5 6 6 6 7 6 6 6 5 6 5 5 5 4 4 3
1 1 2 2 2 3 2 3 3 3 4 3 3 3 4 4 4 5 4 5 5 4 4 4 5 5 5 4 5 6 6 5 5 6 5 4 6 6 7 7 7 6 6 5 6 5 7 7 6 6 6 7 6 6 6 5 6 5 5 5 4 4 3
1 1 2 2 2 3 2 3 3 3 4 3 3 3 4 4 4 5 4 5 5 4 4 4 5 5 5 4 5 6 6 5 5 6 5 6 6 4 5 7 5 6 6 5 6 7 7 5 4 6 6 5 6 6 6 5 6 5 5 5 4 4 3
1 1 2 2 2 3 2 3 3 3 4 3 3 3 4 4 4 5 4 5 5 4 4 4 5 5 5 4 5 6 6 5 5 6 5 6 6 4 5 7 7 6 6 5 6 7 7 5 4 6 6 5 6 6 6 5 6 5 5 5 4 4 3
1 1 2 2 2 3 2 3 3 3 4 3 3 3 4 4 4 5 4 5 5 4 4 4 5 5 5 4 5 6 6 5 5 6 5 6 6 4 7 7 5 6 6 5 6 5 7 5 6 6 6 5 6 6 6 5 6 5 5 5 4 4 3
1 1 2 2 2 3 2 3 3 3 4 3 3 3 4 4 4 5 4 5 5 4 4 4 5 5 5 4 5 6 6 5 5 6 5 6 6 4 7 7 7 6 6 5 6 5 7 5 6 6 6 5 6 6 6 5 6 5 5 5 4 4 3
1 1 2 2 2 3 2 3 3 3 4 3 3 3 4 4 4 5 4 5 5 4 4 4 5 5 5 4 5 6 6 5 5 6 5 6 6 6 5 7 5 6 6 5 6 7 7 5 4 6 6 7 6 6 6 5 6 5 5 5 4 4 3
1 1 2 2 2 3 2 3 3 3 4 3 3 3 4 4 4 5 4 5 5 4 4 4 5 5 5 4 5 6 6 5 5 6 5 6 6 6 5 7 7 6 4 5 6 7 7 7 4 6 6 7 6 6 6 5 6 5 5 5 4 4 3
1 1 2 2 2 3 2 3 3 3 4 3 3 3 4 4 4 5 4 5 5 4 4 4 5 5 5 4 5 6 6 5 5 6 5 6 6 6 5 7 7 6 6 5 6 7 7 7 4 6 6 7 6 6 6 5 6 5 5 5 4 4 3
1 1 2 2 2 3 2 3 3 3 4 3 3 3 4 4 4 5 4 5 5 4 4 4 5 5 5 4 5 6 6 5 5 6 5 6 6 6 7 7 5 6 6 5 6 5 5 7 6 6 6 5 6 6 6 5 6 5 5 5 4 4 3
1 1 2 2 2 3 2 3 3 3 4 3 3 3 4 4 4 5 4 5 5 4 4 4 5 5 5 4 5 6 6 5 5 6 5 6 6 6 7 7 7 4 6 5 6 5 7 7 6 6 6 7 6 6 6 5 6 5 5 5 4 4 3
1 1 2 2 2 3 2 3 3 3 4 3 3 3 4 4 4 5 4 5 5 4 4 4 5 5 5 4 5 6 6 5 5 6 5 6 6 6 7 7 7 4 6 5 6 7 5 7 6 6 6 7 6 6 6 5 6 5 5 5 4 4 3
1 1 2 2 2 3 2 3 3 3 4 3 3 3 4 4 4 5 4 5 5 4 4 4 5 5 5 4 5 6 6 5 5 6 5 6 6 6 7 7 7 4 6 5 6 7 7 7 6 6 6 7 6 6 6 5 6 5 5 5 4 4 3
1 1 2 2 2 3 2 3 3 3 4 3 3 3 4 4 4 5 4 5 5 4 4 4 5 5 5 4 5 6 6 5 5 6 5 6 6 6 7 7 7 6 6 5 6 5 5 7 6 6 6 5 6 6 6 5 6 5 5 5 4 4 3
1 1 2 2 2 3 2 3 3 3 4 3 3 3 4 4 4 5 4 5 5 4 4 4 5 5 5 4 5 6 6 5 5 6 5 6 6 6 7 7 7 6 6 5 6 5 7 5 6 6 6 7 6 6 6 5 6 5 5 5 4 4 3
1 1 2 2 2 3 2 3 3 3 4 3 3 3 4 4 4 5 4 5 5 4 4 4 5 5 5 4 5 6 6 5 5 6 5 6 6 6 7 7 7 6 6 5 6 5 7 7 6 6 6 5 6 6 6 5 6 5 5 5 4 4 3
1 1 2 2 2 3 2 3 3 3 4 3 3 3 4 4 4 5 4 5 5 4 4 4 5 5 5 4 5 6 6 5 5 6 5 6 6 6 7 7 7 6 6 5 6 5 7 7 6 6 6 7 6 6 6 5 6 5 5 5 4 4 3
1 1 2 2 2 3 2 3 3 3 4 3 3 3 4 4 4 5 4 5 5 4 4 4 5 5 5 4 5 6 6 5 5 6 5 6 6 6 7 7 7 6 6 5 6 7 7 7 6 6 6 7 6 6 6 5 6 5 5 5 4 4 3
1 1 2 2 2 3 2 3 3 3 4 3 3 3 4 4 4 5 4 5 5 4 4 4 5 5 5 5 5 6 6 5 5 5 5 6 6 6 7 7 7 5 5 4 6 7 7 7 6 6 6 7 6 6 6 5 6 5 5 5 4 4 3
1 1 2 2 2 3 2 3 3 3 4 3 3 3 4 4 4 5 4 5 5 4 4 4 5 5 5 6 5 6 6 5 5 6 5 6 6 4 5 5 7 6 6 5 6 7 7 5 6 6 6 5 6 6 6 5 6 5 5 5 4 4 3
1 1 2 2 2 3 2 3 3 3 4 3 3 3 4 4 4 5 4 5 5 4 4 4 5 5 5 6 5 6 6 5 5 6 5 6 6 4 5 5 7 6 6 7 6 5 7 5 6 6 6 5 6 6 6 5 6 5 5 5 4 4 3
1 1 2 2 2 3 2 3 3 3 4 3 3 3 4 4 4 5 4 5 5 4 4 4 5 5 5 6 5 6 6 5 5 6 5 6 6 4 5 5 7 6 6 7 6 7 7 5 6 6 6 5 6 6 6 5 6 5 5 5 4 4 3
1 1 2 2 2 3 2 3 3 3 4 3 3 3 4 4 4 5 4 5 5 4 4 4 5 5 5 6 5 6 6 5 5 6 5 6 6 4 5 7 7 6 6 5 6 7 7 5 6 6 6 5 6 6 6 5 6 5 5 5 4 4 3
1 1 2 2 2 3 2 3 3 3 4 3 3 3 4 4 4 5 4 5 5 4 4 4 5 5 5 6 5 6 6 5 5 6 5 6 6 4 5 7 7 6 6 7 6 7 7 5 6 6 6 5 6 6 6 5 6 5 5 5 4 4 3
1 1 2 2 2 3 2 3 3 3 4 3 3 3 4 4 4 5 4 5 5 4 4 4 5 5 5 6 5 6 6 5 5 6 5 6 6 6 5 5 5 6 6 5 6 5 5 5 6 6 6 7 6 6 6 5 6 5 5 5 4 4 3
1 1 2 2 2 3 2 3 3 3 4 3 3 3 4 4 4 5 4 5 5 4 4 4 5 5 5 6 5 6 6 5 5 6 5 6 6 6 5 5 5 6 6 5 6 5 5 7 6 6 6 7 6 6 6 5 6 5 5 5 4 4 3
1 1 2 2 2 3 2 3 3 3 4 3 3 3 4 4 4 5 4 5 5 4 4 4 5 5 5 6 5 6 6 5 5 6 5 6 6 6 5 5 7 4 6 5 6 7 7 7 6 6 6 7 6 6 6 5 6 5 5 5 4 4 3
1 1 2 2 2 3 2 3 3 3 4 3 3 3 4 4 4 5 4 5 5 4 4 4 5 5 5 6 5 6 6 5 5 6 5 6 6 6 5 5 7 4 6 7 6 7 5 7 6 6 6 7 6 6 6 5 6 5 5 5 4 4 3
1 1 2 2 2 3 2 3 3 3 4 3 3 3 4 4 4 5 4 5 5 4 4 4 5 5 5 6 5 6 6 5 5 6 5 6 6 6 5 5 7 4 6 7 6 7 7 7 6 6 6 7 6 6 6 5 6 5 5 5 4 4 3
1 1 2 2 2 3 2 3 3 3 4 3 3 3 4 4 4 5 4 5 5 4 4 4 5 5 5 6 5 6 6 5 5 6 5 6 6 6 5 5 7 6 6 5 4 7 7 7 6 6 6 7 6 6 6 5 6 5 5 5 4 4 3
1 1 2 2 2 3 2 3 3 3 4 3 3 3 4 4 4 5 4 5 5 4 4 4 5 5 5 6 5 6 6 5 5 6 5 6 6 6 5 5 7 6 6 5 6 7 7 7 6 6 6 7 6 6 6 5 6 5 5 5 4 4 3
1 1 2 2 2 3 2 3 3 3 4 3 3 3 4 4 4 5 4 5 5 4 4 4 5 5 5 6 5 6 6 5 5 6 5 6 6 6 5 5 7 6 6 7 4 7 7 7 6 6 6 7 6 6 6 5 6 5 5 5 4 4 3
1 1 2 2 2 3 2 3 3 3 4 3 3 3 4 4 4 5 4 5 5 4 4 4 5 5 5 6 5 6 6 5 5 6 5 6 6 6 5 5 7 6 6 7 6 7 7 5 6 6 6 7 6 6 6 5 6 5 5 5 4 4 3
1 1 2 2 2 3 2 3 3 3 4 3 3 3 4 4 4 5 4 5 5 4 4 4 5 5 5 6 5 6 6 5 5 6 5 6 6 6 5 5 7 6 6 7 6 7 7 7 6 6 6 7 6 6 6 5 6 5 5 5 4 4 3
1 1 2 2 2 3 2 3 3 3 4 3 3 3 4 4 4 5 4 5 5 4 4 4 5 5 5 6 5 6 6 5 5 6 5 6 6 6 5 7 7 4 6 5 6 7 7 7 6 6 6 7 6 6 6 5 6 5 5 5 4 4 3
1 1 2 2 2 3 2 3 3 3 4 3 3 3 4 4 4 5 4 5 5 4 4 4 5 5 5 6 5 6 6 5 5 6 5 6 6 6 5 7 7 4 6 7 6 7 7 7 6 6 6 7 6 6 6 5 6 5 5 5 4 4 3
1 1 2 2 2 3 2 3 3 3 4 3 3 3 4 4 4 5 4 5 5 4 4 4 5 5 5 6 5 6 6 5 5 6 5 6 6 6 5 7 7 6 4 5 6 7 7 7 6 6 6 7 6 6 6 5 6 5 5 5 4 4 3
1 1 2 2 2 3 2 3 3 3 4 3 3 3 4 4 4 5 4 5 5 4 4 4 5 5 5 6 5 6 6 5 5 6 5 6 6 6 5 7 7 6 4 7 6 7 7 7 6 6 6 7 6 6 6 5 6 5 5 5 4 4 3
1 1 2 2 2 3 2 3 3 3 4 3 3 3 4 4 4 5 4 5 5 4 4 4 5 5 5 6 5 6 6 5 5 6 5 6 6 6 5 7 7 6 6 5 6 7 7 5 6 6 6 7 6 6 6 5 6 5 5 5 4 4 3
1 1 2 2 2 3 2 3 3 3 4 3 3 3 4 4 4 5 4 5 5 4 4 4 5 5 5 6 5 6 6 5 5 6 5 6 6 6 5 7 7 6 6 5 6 7 7 7 6 6 6 7 6 6 6 5 6 5 5 5 4 4 3
1 1 2 2 2 3 2 3 3 3 4 3 3 3 4 4 4 5 4 5 5 4 4 4 5 5 5 6 5 6 6 5 5 6 5 6 6 6 5 7 7 6 6 7 6 7 7 5 6 6 6 7 6 6 6 5 6 5 5 5 4 4 3
1 1 2 2 2 3 2 3 3 3 4 3 3 3 4 4 4 5 4 5 5 4 4 4 5 5 5 6 5 6 6 5 5 6 5 6 6 6 5 7 7 6 6 7 6 7 7 7 6 6 6 7 6 6 6 5 6 5 5 5 4 4 3
1 1 2 2 2 3 2 3 3 3 4 3 3 3 4 4 4 5 4 5 5 4 4 4 5 5 5 6 5 6 6 5 5 6 5 6 6 6 7 7 7 4 6 7 6 7 7 7 6 6 6 7 6 6 6 5 6 5 5 5 4 4 3
1 1 2 2 2 3 2 3 3 3 4 3 3 3 4 4 4 5 4 5 5 4 4 4 5 5 5 6 5 6 6 5 5 6 5 6 6 6 7 7 7 5 5 7 5 7 7 7 6 6 6 7 6 6 6 5 6 5 5 5 4 4 3
1 1 2 2 2 3 2 3 3 3 4 3 3 3 4 4 4 5 4 5 5 4 4 4 5 5 5 6 5 6 6 5 5 6 5 6 6 6 7 7 7 6 6 7 6 7 7 7 6 6 6 7 6 6 6 5 6 5 5 5 4 4 3
1 1 2 2 2 3 2 3 3 3 4 3 3 3 4 4 4 5 4 5 5 4 4 4 5 5 5 6 5 6 6 5 5 6 5 6 6 6 7 7 7 6 6 7 6 7 7 7 6 6 8 7 8 8 8 7 8 7 7 7 6 6 5
1 1 2 2 2 4 2 3 3 3 5 3 3 3 5 4 4 6 4 6 6 4 4 4 6 5 5 5 5 7 7 5 5 7 5 7 7 6 8 8 8 6 6 6 6 6 8 7 7 7 7 7 7 7 7 6 8 6 6 6 5 5 4
1 1 2 2 2 4 2 3 3 3 5 3 3 3 5 4 4 6 4 6 6 4 4 4 6 5 5 7 5 7 7 5 5 7 5 7 7 6 6 6 6 6 6 6 6 6 6 7 7 7 7 7 7 7 7 6 8 6 6 6 5 5 4
1 1 2 2 2 4 2 3 3 3 5 3 3 3 5 4 4 6 4 6 6 4 4 4 6 5 5 7 5 7 7 5 5 7 5 7 7 6 6 6 8 6 6 6 6 8 8 7 7 7 7 7 7 7 7 6 8 6 6 6 5 5 4
1 1 2 2 2 4 2 3 3 3 5 3 3 3 5 4 4 6 4 6 6 4 4 4 6 5 5 7 5 7 7 5 5 7 5 7 7 6 6 6 8 6 6 8 6 8 8 7 7 7 7 7 7 7 7 6 8 6 6 6 5 5 4
1 1 2 2 2 4 2 3 3 3 5 3 3 3 5 4 4 6 4 6 6 4 4 4 6 5 5 7 5 7 7 5 5 7 5 7 7 6 6 8 8 6 6 6 6 8 8 7 7 7 7 7 7 7 7 6 8 6 6 6 5 5 4
1 1 2 2 2 4 2 3 3 3 5 3 3 3 5 4 4 6 4 6 6 4 4 4 6 5 5 7 5 7 7 5 5 7 5 7 7 6 6 8 8 6 6 8 6 8 8 7 7 7 7 7 7 7 7 6 8 6 6 6 5 5 4
1 1 2 2 3 3 2 3 3 4 4 3 3 4 4 4 5 5 5 5 6 4 4 5 5 5 4 6 6 6 7 5 6 6 6 6 7 7 7 6 6 6 5 7 7 7 8 6 6 5 7 8 8 7 7 6 7 7 6 6 5 5 4
1 1 2 2 3 3 2 3 3 4 4 3 3 4 4 4 5 5 5 5 6 4 4 5 5 5 4 6 6 6 7 5 6 6 6 6 7 7 7 8 8 6 5 5 7 7 8 6 8 7 7 8 8 7 7 6 7 7 6 6 5 5 4
1 1 2 2 3 3 2 3 3 4 4 3 3 4 4 4 5 5 5 5 6 4 4 5 5 5 4 6 6 6 7 5 6 6 6 6 7 7 7 8 8 6 5 7 7 7 6 6 8 7 7 8 6 7 7 6 7 7 6 6 5 5 4
1 1 2 2 3 3 2 3 3 4 4 3 3 4 4 4 5 5 5 5 6 4 4 5 5 5 4 6 6 6 7 5 6 6 6 6 7 7 7 8 8 6 5 7 7 7 8 6 8 7 7 8 8 7 7 6 7 7 6 6 5 5 4
1 1 2 2 3 3 2 3 3 4 4 3 3 4 4 4 5 5 5 5 6 4 4 5 5 5 6 6 6 6 5 5 6 6 6 6 7 7 7 6 6 6 7 7 7 7 6 6 8 5 5 8 8 7 7 6 7 7 6 6 5 5 4
1 1 2 2 3 3 2 3 3 4 4 3 3 4 4 4 5 5 5 5 6 4 4 5 5 5 6 6 6 6 7 5 6 6 6 6 7 5 5 6 8 6 7 7 7 7 8 6 6 7 7 6 6 7 7 6 7 7 6 6 5 5 4
1 1 2 2 3 3 2 3 3 4 4 3 3 4 4 4 5 5 5 5 6 4 4 5 5 5 6 6 6 6 7 5 6 6 6 6 7 5 7 6 6 6 7 7 7 7 8 6 6 5 7 6 8 7 7 6 7 7 6 6 5 5 4
1 1 2 2 3 3 2 3 3 4 4 3 3 4 4 4 5 5 5 5 6 4 4 5 5 5 6 6 6 6 7 5 6 6 6 6 7 5 7 6 8 6 7 5 7 7 8 6 8 7 7 6 8 7 7 6 7 7 6 6 5 5 4
1 1 2 2 3 3 2 3 3 4 4 3 3 4 4 4 5 5 5 5 6 4 4 5 5 5 6 6 6 6 7 5 6 6 6 6 7 5 7 8 8 6 7 5 7 7 8 6 8 7 7 6 8 7 7 6 7 7 6 6 5 5 4
1 1 2 2 3 3 2 3 3 4 4 3 3 4 4 4 5 5 5 5 6 4 4 5 5 5 6 6 6 6 7 5 6 6 6 6 7 7 7 6 8 6 5 5 7 7 8 8 8 7 7 8 8 7 7 6 7 7 6 6 5 5 4
1 1 2 2 3 3 2 3 3 4 4 3 3 4 4 4 5 5 5 5 6 4 4 5 5 5 6 6 6 6 7 5 6 6 6 6 7 7 7 8 8 4 7 7 7 7 8 8 8 7 7 8 8 7 7 6 7 7 6 6 5 5 4
1 1 2 2 3 3 2 3 3 4 4 3 3 4 4 4 5 5 5 5 6 4 4 5 5 5 6 6 6 6 7 5 6 6 6 6 7 7 7 8 8 5 6 7 6 7 8 7 8 7 7 8 8 7 7 6 7 7 6 6 5 5 4
1 1 2 2 3 3 2 3 3 4 4 3 3 4 4 4 5 5 5 5 6 4 4 5 5 5 6 6 6 6 7 5 6 6 6 6 7 7 7 8 8 5 6 7 6 7 8 8 8 7 7 8 8 7 7 6 7 7 6 6 5 5 4
1 1 2 2 3 3 2 3 3 4 4 3 3 4 4 4 5 5 5 5 6 4 4 5 5 5 6 6 6 6 7 5 6 6 6 6 7 7 7 8 8 5 6 7 7 7 8 7 8 7 7 8 8 7 7 6 7 7 6 6 5 5 4
1 1 2 2 3 3 2 3 3 4 4 3 3 4 4 4 5 5 5 5 6 4 4 5 5 5 6 6 6 6 7 5 6 6 6 6 7 7 7 8 8 6 5 5 7 7 8 8 8 7 7 8 8 7 7 6 7 7 6 6 5 5 4
1 1 2 2 3 3 2 3 3 4 4 3 3 4 4 4 5 5 5 5 6 4 4 5 5 5 6 6 6 6 7 5 6 6 6 6 7 7 7 8 8 6 5 7 7 7 8 8 6 7 7 8 8 7 7 6 7 7 6 6 5 5 4
1 1 2 2 3 3 2 3 3 4 4 3 3 4 4 4 5 5 5 5 6 4 4 5 5 5 6 6 6 6 7 5 6 6 6 6 7 7 7 8 8 6 5 7 7 7 8 8 8 7 7 8 8 7 7 6 7 7 6 6 5 5 4
1 1 2 2 3 3 2 3 3 4 4 3 3 4 4 4 5 5 5 5 6 4 4 5 5 5 6 6 6 6 7 5 6 6 6 6 7 7 7 8 8 6 6 7 6 7 8 7 8 7 7 8 8 7 7 6 7 7 6 6 5 5 4
1 1 2 2 3 3 2 3 3 4 4 3 3 4 4 4 5 5 5 5 6 4 4 5 5 5 6 6 6 6 7 5 6 6 6 6 7 7 7 8 8 6 7 7 7 7 8 6 8 7 7 8 8 7 7 6 7 7 6 6 5 5 4
1 1 2 2 3 3 2 3 3 4 4 3 3 4 4 4 5 5 5 5 6 4 4 5 5 5 6 6 6 6 7 5 6 6 6 6 7 7 7 8 8 6 7 7 7 7 8 8 8 7 7 8 8 7 7 6 7 7 6 6 5 5 4
1 1 2 2 3 4 2 3 3 4 5 3 3 4 5 4 5 6 5 6 7 4 4 5 6 5 6 7 6 7 8 5 6 7 6 7 8 7 8 9 9 6 7 6 7 8 9 8 9 8 8 8 9 8 8 7 9 8 7 7 6 6 5
1 1 2 2 3 4 2 3 3 4 5 3 3 4 5 4 5 6 5 6 7 4 4 5 6 5 6 7 6 7 8 5 6 7 6 7 8 7 8 9 9 6 7 8 7 8 9 8 9 8 8 8 9 8 8 7 9 8 7 7 6 6 5
1 1 2 3 3 3 2 3 4 4 4 3 4 4 4 5 5 5 6 6 6 4 5 5 5 6 6 6 5 5 7 6 6 6 7 7 7 6 6 6 7 7 7 7 6 6 8 5 5 7 6 7 7 7 6 5 6 6 6 5 4 4 3
1 1 2 3 3 3 2 3 4 4 4 3 4 4 4 5 5 5 6 6 6 4 5 5 5 6 6 6 5 5 7 6 6 6 7 7 7 8 8 8 7 5 7 7 6 6 8 7 7 7 6 7 7 7 6 5 6 6 6 5 4 4 3
1 1 2 3 3 3 2 3 4 4 4 3 4 4 4 5 5 5 6 6 6 4 5 5 5 6 6 6 5 7 7 6 6 6 5 7 7 8 6 8 7 7 7 7 4 6 8 7 7 7 6 7 7 7 6 5 6 6 6 5 4 4 3
1 1 2 3 3 3 2 3 4 4 4 3 4 4 4 5 5 5 6 6 6 4 5 5 5 6 6 6 5 7 7 6 6 6 5 7 7 8 6 8 7 7 7 7 4 8 8 7 7 7 6 7 7 7 6 5 6 6 6 5 4 4 3
1 1 2 3 3 3 2 3 4 4 4 3 4 4 4 5 5 5 6 6 6 4 5 5 5 6 6 6 7 7 7 6 6 6 7 7 7 6 6 6 7 5 5 7 8 8 8 7 7 7 6 7 7 7 6 5 6 6 6 5 4 4 3
1 1 2 3 3 3 2 3 4 4 4 3 4 4 4 5 5 5 6 6 6 4 5 5 5 6 6 6 7 7 7 6 6 6 7 7 7 6 6 8 5 7 7 7 6 6 8 7 7 7 6 7 7 7 6 5 6 6 6 5 4 4 3
1 1 2 3 3 4 2 3 4 4 5 3 4 4 5 5 5 6 6 7 7 4 5 5 6 6 6 7 7 6 8 6 6 7 7 6 8 8 9 9 8 7 7 8 6 5 9 9 8 8 7 9 8 8 7 6 8 7 7 6 5 5 4
1 2 2 2 2 2 3 3 3 3 3 4 4 4 4 4 4 4 4 4 4 3 3 5 5 5 5 5 5 5 5 4 6 6 6 6 6 6 6 6 6 3 5 5 5 5 7 7 7 7 7 6 6 6 6 6 5 5 5 5 5 4 3
1 2 2 2 2 2 3 3 3 3 3 4 4 4 4 4 4 4 4 4 4 3 5 5 5 5 5 5 5 5 5 4 6 6 6 6 6 6 6 6 6 3 5 5 7 7 5 7 7 7 7 6 6 6 6 6 5 5 5 5 5 4 3
1 2 2 2 2 2 3 3 3 3 3 4 4 4 4 4 4 4 4 4 4 3 5 5 5 5 5 5 5 5 5 6 6 6 4 4 6 6 6 6 4 5 5 5 5 5 7 7 7 7 5 6 6 6 4 6 5 5 5 5 5 4 3
1 2 2 2 2 2 3 3 3 3 3 4 4 4 4 4 4 4 4 4 4 3 5 5 5 5 5 5 5 5 5 6 6 6 4 6 6 6 4 6 6 5 5 5 5 7 7 7 5 7 7 6 6 6 6 6 5 5 5 5 5 4 3
1 2 2 2 2 2 3 3 3 3 3 4 4 4 4 4 4 4 4 4 4 3 5 5 5 5 5 5 5 5 5 6 6 6 4 6 6 6 6 6 4 5 5 5 5 7 7 7 5 7 5 6 6 6 4 6 5 5 5 5 5 4 3
1 2 2 2 2 2 3 3 3 3 3 4 4 4 4 4 4 4 4 4 4 3 5 5 5 5 5 5 5 5 5 6 6 6 4 6 6 6 6 6 6 5 5 5 5 5 7 7 7 5 7 6 6 6 6 6 5 5 5 5 5 4 3
1 2 2 2 2 2 3 3 3 3 3 4 4 4 4 4 4 4 4 4 4 3 5 5 5 5 5 5 5 5 5 6 6 6 4 6 6 6 6 6 6 5 5 5 5 5 7 7 7 7 7 6 6 6 6 6 5 5 5 5 5 4 3
1 2 2 2 2 2 3 3 3 3 3 4 4 4 4 4 4 4 4 4 4 3 5 5 5 5 5 5 5 5 5 6 6 6 4 6 6 6 6 6 6 5 5 5 5 7 7 7 5 7 7 6 6 6 6 6 5 5 5 5 5 4 3
1 2 2 2 2 2 3 3 3 3 3 4 4 4 4 4 4 4 4 4 4 3 5 5 5 5 5 5 5 5 5 6 6 6 6 6 6 6 6 6 4 5 5 5 5 5 5 7 7 7 5 6 6 6 6 6 5 5 5 5 5 4 3
1 2 2 2 2 2 3 3 3 3 3 4 4 4 4 4 4 4 4 4 4 3 5 5 5 5 5 5 5 5 5 6 6 6 6 6 6 6 6 6 4 5 5 5 5 5 7 7 7 5 5 6 6 6 6 6 5 5 5 5 5 4 3
1 2 2 2 2 2 3 3 3 3 3 4 4 4 4 4 4 4 4 4 4 3 5 5 5 5 5 5 5 5 5 6 6 6 6 6 6 6 6 6 4 5 5 5 5 5 7 7 7 7 5 6 6 6 6 4 5 5 5 5 5 4 3
1 2 2 2 2 2 3 3 3 3 3 4 4 4 4 4 4 4 4 4 4 3 5 5 5 5 5 5 5 5 5 6 6 6 6 6 6 6 6 6 4 5 5 5 5 5 7 7 7 7 5 6 6 6 6 6 5 5 5 5 5 4 3
1 2 2 2 2 2 3 3 3 3 3 4 4 4 4 4 4 4 4 4 4 3 5 5 5 5 5 5 5 5 5 6 6 6 6 6 6 6 6 6 6 5 5 5 5 5 7 5 7 5 7 6 6 6 6 6 5 5 5 5 5 4 3
1 2 2 2 2 2 3 3 3 3 3 4 4 4 4 4 4 4 4 4 4 3 5 5 5 5 5 5 5 5 5 6 6 6 6 6 6 6 6 6 6 5 5 5 5 5 7 5 7 7 7 6 6 6 6 6 5 5 5 5 5 4 3
1 2 2 2 2 2 3 3 3 3 3 4 4 4 4 4 4 4 4 4 4 3 5 5 5 5 5 5 5 5 5 6 6 6 6 6 6 6 6 6 6 5 5 5 5 5 7 7 7 5 7 6 6 6 6 6 5 5 5 5 5 4 3
1 2 2 2 2 2 3 3 3 3 3 4 4 4 4 4 4 4 4 4 4 3 5 5 5 5 5 5 5 5 5 6 6 6 6 6 6 6 6 6 6 5 5 5 5 5 7 7 7 7 7 6 6 6 6 6 5 5 5 5 5 4 3
1 2 2 2 2 2 3 3 3 3 3 4 4 4 4 4 4 4 4 4 4 3 5 5 5 5 5 5 5 5 5 6 6 6 6 6 6 6 6 6 6 5 5 5 5 7 7 7 5 7 7 6 6 6 6 6 5 5 5 5 5 4 3
1 2 2 2 2 2 3 3 3 3 3 4 4 4 4 4 4 4 4 4 4 3 5 5 5 5 5 5 5 5 5 6 6 6 6 6 6 6 6 6 6 5 5 5 5 7 7 7 7 7 7 6 6 6 6 6 5 5 5 5 5 4 3
1 2 2 2 2 2 3 3 3 3 3 4 4 4 4 4 4 4 4 4 4 4 5 5 5 5 5 5 5 5 5 4 5 5 6 6 6 6 6 6 6 4 5 5 6 6 7 7 7 7 7 5 5 6 6 6 5 5 5 5 5 4 3
1 2 2 2 2 2 3 3 3 3 3 4 4 4 4 4 4 4 4 4 4 5 5 5 5 5 5 5 5 5 5 4 4 4 4 6 6 6 6 6 6 5 5 5 5 7 7 7 7 7 7 4 4 4 6 6 5 5 5 5 5 4 3
1 2 2 2 2 2 3 3 3 3 3 4 4 4 4 4 4 4 4 4 4 5 5 5 5 5 5 5 5 5 5 4 4 4 6 6 6 6 6 6 6 5 5 5 7 7 7 7 7 7 7 4 4 4 6 6 5 5 5 5 5 4 3
1 2 2 2 2 2 3 3 3 3 3 4 4 4 4 4 4 4 4 4 4 5 5 5 5 5 5 5 5 5 5 4 4 6 4 6 6 6 4 6 6 5 5 7 5 7 7 7 5 7 7 4 4 6 6 6 5 5 5 5 5 4 3
1 2 2 2 2 2 3 3 3 3 3 4 4 4 4 4 4 4 4 4 4 5 5 5 5 5 5 5 5 5 5 4 4 6 4 6 6 6 6 6 6 5 5 5 5 7 7 7 7 7 5 4 6 6 6 6 5 5 5 5 5 4 3
1 2 2 2 2 2 3 3 3 3 3 4 4 4 4 4 4 4 4 4 4 5 5 5 5 5 5 5 5 5 5 4 4 6 4 6 6 6 6 6 6 5 5 5 5 7 7 7 7 7 7 4 6 6 4 6 5 5 5 5 5 4 3
1 2 2 2 2 2 3 3 3 3 3 4 4 4 4 4 4 4 4 4 4 5 5 5 5 5 5 5 5 5 5 4 4 6 4 6 6 6 6 6 6 5 5 5 5 7 7 7 7 7 7 4 6 6 6 6 5 5 5 5 5 4 3
1 2 2 2 2 2 3 3 3 3 3 4 4 4 4 4 4 4 4 4 4 5 5 5 5 5 5 5 5 5 5 4 4 6 4 6 6 6 6 6 6 5 5 7 5 7 7 7 5 7 7 4 6 4 6 6 5 5 5 5 5 4 3
1 2 2 2 2 2 3 3 3 3 3 4 4 4 4 4 4 4 4 4 4 5 5 5 5 5 5 5 5 5 5 4 4 6 4 6 6 6 6 6 6 5 5 7 5 7 7 7 5 7 7 4 6 6 6 6 5 5 5 5 5 4 3
1 2 2 2 2 2 3 3 3 3 3 4 4 4 4 4 4 4 4 4 4 5 5 5 5 5 5 5 5 5 5 4 4 6 4 6 6 6 6 6 6 5 5 7 5 7 7 7 7 7 7 4 4 6 6 6 5 5 5 5 5 4 3
1 2 2 2 2 2 3 3 3 3 3 4 4 4 4 4 4 4 4 4 4 5 5 5 5 5 5 5 5 5 5 4 4 6 4 6 6 6 6 6 6 5 5 7 5 7 7 7 7 7 7 4 6 6 6 6 5 5 5 5 5 4 3
1 2 2 2 2 2 3 3 3 3 3 4 4 4 4 4 4 4 4 4 4 5 5 5 5 5 5 5 5 5 5 4 4 6 6 4 6 6 6 6 6 5 5 7 7 5 5 7 7 7 7 4 4 6 6 6 5 5 5 5 5 4 3
1 2 2 2 2 2 3 3 3 3 3 4 4 4 4 4 4 4 4 4 4 5 5 5 5 5 5 5 5 5 5 4 4 6 6 4 6 6 6 6 6 5 5 7 7 5 7 7 7 5 7 4 4 6 6 6 5 5 5 5 5 4 3
1 2 2 2 2 2 3 3 3 3 3 4 4 4 4 4 4 4 4 4 4 5 5 5 5 5 5 5 5 5 5 4 4 6 6 4 6 6 6 6 6 5 5 7 7 5 7 7 7 7 7 4 4 6 6 6 5 5 5 5 5 4 3
1 2 2 2 2 2 3 3 3 3 3 4 4 4 4 4 4 4 4 4 4 5 5 5 5 5 5 5 5 5 5 4 4 6 6 6 6 6 6 6 4 5 5 7 7 5 7 7 7 7 5 4 6 6 6 6 5 5 5 5 5 4 3
1 2 2 2 2 2 3 3 3 3 3 4 4 4 4 4 4 4 4 4 4 5 5 5 5 5 5 5 5 5 5 4 4 6 6 6 6 6 6 6 4 5 5 7 7 7 7 7 7 7 5 4 6 6 6 6 5 5 5 5 5 4 3
1 2 2 2 2 2 3 3 3 3 3 4 4 4 4 4 4 4 4 4 4 5 5 5 5 5 5 5 5 5 5 4 4 6 6 6 6 6 6 6 6 5 5 5 7 5 7 7 7 7 5 4 6 6 6 6 5 5 5 5 5 4 3
1 2 2 2 2 2 3 3 3 3 3 4 4 4 4 4 4 4 4 4 4 5 5 5 5 5 5 5 5 5 5 4 4 6 6 6 6 6 6 6 6 5 5 5 7 5 7 7 7 7 7 4 6 6 6 6 5 5 5 5 5 4 3
1 2 2 2 2 2 3 3 3 3 3 4 4 4 4 4 4 4 4 4 4 5 5 5 5 5 5 5 5 5 5 4 4 6 6 6 6 6 6 6 6 5 5 5 7 7 7 7 7 7 5 4 6 6 6 6 5 5 5 5 5 4 3
1 2 2 2 2 2 3 3 3 3 3 4 4 4 4 4 4 4 4 4 4 5 5 5 5 5 5 5 5 5 5 4 4 6 6 6 6 6 6 6 6 5 5 5 7 7 7 7 7 7 7 4 6 6 6 6 5 5 5 5 5 4 3
1 2 2 2 2 2 3 3 3 3 3 4 4 4 4 4 4 4 4 4 4 5 5 5 5 5 5 5 5 5 5 4 4 6 6 6 6 6 6 6 6 5 5 7 7 5 5 7 5 5 7 4 6 6 6 6 5 5 5 5 5 4 3
1 2 2 2 2 2 3 3 3 3 3 4 4 4 4 4 4 4 4 4 4 5 5 5 5 5 5 5 5 5 5 4 4 6 6 6 6 6 6 6 6 5 5 7 7 5 7 7 5 7 7 4 6 4 6 6 5 5 5 5 5 4 3
1 2 2 2 2 2 3 3 3 3 3 4 4 4 4 4 4 4 4 4 4 5 5 5 5 5 5 5 5 5 5 4 4 6 6 6 6 6 6 6 6 5 5 7 7 5 7 7 5 7 7 4 6 6 6 6 5 5 5 5 5 4 3
1 2 2 2 2 2 3 3 3 3 3 4 4 4 4 4 4 4 4 4 4 5 5 5 5 5 5 5 5 5 5 4 4 6 6 6 6 6 6 6 6 5 5 7 7 5 7 7 7 5 7 4 6 6 6 6 5 5 5 5 5 4 3
1 2 2 2 2 2 3 3 3 3 3 4 4 4 4 4 4 4 4 4 4 5 5 5 5 5 5 5 5 5 5 4 4 6 6 6 6 6 6 6 6 5 5 7 7 5 7 7 7 7 5 4 6 4 6 6 5 5 5 5 5 4 3
1 2 2 2 2 2 3 3 3 3 3 4 4 4 4 4 4 4 4 4 4 5 5 5 5 5 5 5 5 5 5 4 4 6 6 6 6 6 6 6 6 5 5 7 7 5 7 7 7 7 5 4 6 6 6 6 5 5 5 5 5 4 3
1 2 2 2 2 2 3 3 3 3 3 4 4 4 4 4 4 4 4 4 4 5 5 5 5 5 5 5 5 5 5 4 4 6 6 6 6 6 6 6 6 5 5 7 7 5 7 7 7 7 7 4 6 4 6 6 5 5 5 5 5 4 3
1 2 2 2 2 2 3 3 3 3 3 4 4 4 4 4 4 4 4 4 4 5 5 5 5 5 5 5 5 5 5 4 4 6 6 6 6 6 6 6 6 5 5 7 7 5 7 7 7 7 7 4 6 6 6 6 5 5 5 5 5 4 3
1 2 2 2 2 2 3 3 3 3 3 4 4 4 4 4 4 4 4 4 4 5 5 5 5 5 5 5 5 5 5 4 4 6 6 6 6 6 6 6 6 5 5 7 7 7 7 7 7 7 5 4 4 6 6 6 5 5 5 5 5 4 3
1 2 2 2 2 2 3 3 3 3 3 4 4 4 4 4 4 4 4 4 4 5 5 5 5 5 5 5 5 5 5 4 4 6 6 6 6 6 6 6 6 5 5 7 7 7 7 7 7 7 5 4 6 6 6 6 5 5 5 5 5 4 3
1 2 2 2 2 2 3 3 3 3 3 4 4 4 4 4 4 4 4 4 4 5 5 5 5 5 5 5 5 5 5 4 4 6 6 6 6 6 6 6 6 5 5 7 7 7 7 7 7 7 7 4 6 6 6 6 5 5 5 5 5 4 3
1 2 2 2 2 2 3 3 3 3 3 4 4 4 4 4 4 4 4 4 4 5 5 5 5 5 5 5 5 5 5 4 6 6 6 6 4 6 6 6 6 5 5 5 7 7 5 7 7 5 7 6 6 6 6 6 5 5 5 5 5 4 3
1 2 2 2 2 2 3 3 3 3 3 4 4 4 4 4 4 4 4 4 4 5 5 5 5 5 5 5 5 5 5 4 6 6 6 6 4 6 6 6 6 5 5 5 7 7 5 7 7 7 5 6 6 6 6 6 5 5 5 5 5 4 3
1 2 2 2 2 2 3 3 3 3 3 4 4 4 4 4 4 4 4 4 4 5 5 5 5 5 5 5 5 5 5 4 6 6 6 6 4 6 6 6 6 5 5 5 7 7 5 7 7 7 7 6 6 6 4 6 5 5 5 5 5 4 3
1 2 2 2 2 2 3 3 3 3 3 4 4 4 4 4 4 4 4 4 4 5 5 5 5 5 5 5 5 5 5 4 6 6 6 6 4 6 6 6 6 5 5 5 7 7 5 7 7 7 7 6 6 6 6 6 5 5 5 5 5 4 3
1 2 2 2 2 2 3 3 3 3 3 4 4 4 4 4 4 4 4 4 4 5 5 5 5 5 5 5 5 5 5 4 6 6 6 6 4 6 6 6 6 5 5 7 7 5 5 5 7 7 7 6 6 6 6 6 5 5 5 5 5 4 3
1 2 2 2 2 2 3 3 3 3 3 4 4 4 4 4 4 4 4 4 4 5 5 5 5 5 5 5 5 5 5 4 6 6 6 6 4 6 6 6 6 5 5 7 7 7 5 5 7 7 5 6 6 6 6 6 5 5 5 5 5 4 3
1 2 2 2 2 2 3 3 3 3 3 4 4 4 4 4 4 4 4 4 4 5 5 5 5 5 5 5 5 5 5 4 6 6 6 6 4 6 6 6 6 5 5 7 7 7 5 5 7 7 7 6 4 6 6 6 5 5 5 5 5 4 3
1 2 2 2 2 2 3 3 3 3 3 4 4 4 4 4 4 4 4 4 4 5 5 5 5 5 5 5 5 5 5 4 6 6 6 6 4 6 6 6 6 5 5 7 7 7 5 5 7 7 7 6 6 6 4 6 5 5 5 5 5 4 3
1 2 2 2 2 2 3 3 3 3 3 4 4 4 4 4 4 4 4 4 4 5 5 5 5 5 5 5 5 5 5 4 6 6 6 6 4 6 6 6 6 5 5 7 7 7 5 5 7 7 7 6 6 6 6 6 5 5 5 5 5 4 3
1 2 2 2 2 2 3 3 3 3 3 4 4 4 4 4 4 4 4 4 4 5 5 5 5 5 5 5 5 5 5 4 6 6 6 6 4 6 6 6 6 5 5 7 7 7 5 7 5 7 5 6 6 6 6 6 5 5 5 5 5 4 3
1 2 2 2 2 2 3 3 3 3 3 4 4 4 4 4 4 4 4 4 4 5 5 5 5 5 5 5 5 5 5 4 6 6 6 6 4 6 6 6 6 5 5 7 7 7 5 7 5 7 7 6 6 6 4 6 5 5 5 5 5 4 3
1 2 2 2 2 2 3 3 3 3 3 4 4 4 4 4 4 4 4 4 4 5 5 5 5 5 5 5 5 5 5 4 6 6 6 6 4 6 6 6 6 5 5 7 7 7 5 7 5 7 7 6 6 6 6 6 5 5 5 5 5 4 3
1 2 2 2 2 2 3 3 3 3 3 4 4 4 4 4 4 4 4 4 4 5 5 5 5 5 5 5 5 5 5 4 6 6 6 6 4 6 6 6 6 5 5 7 7 7 5 7 7 7 7 6 4 6 6 6 5 5 5 5 5 4 3
1 2 2 2 2 2 3 3 3 3 3 4 4 4 4 4 4 4 4 4 4 5 5 5 5 5 5 5 5 5 5 4 6 6 6 6 4 6 6 6 6 5 5 7 7 7 5 7 7 7 7 6 6 6 6 6 5 5 5 5 5 4 3
1 2 2 2 2 2 3 3 3 3 3 4 4 4 4 4 4 4 4 4 4 5 5 5 5 5 5 5 5 5 5 4 6 6 6 6 4 6 6 6 6 5 7 7 7 7 5 5 7 5 7 6 4 6 6 6 5 5 5 5 5 4 3
1 2 2 2 2 2 3 3 3 3 3 4 4 4 4 4 4 4 4 4 4 5 5 5 5 5 5 5 5 5 5 4 6 6 6 6 4 6 6 6 6 5 7 7 7 7 5 5 7 5 7 6 6 6 6 6 5 5 5 5 5 4 3
1 2 2 2 2 2 3 3 3 3 3 4 4 4 4 4 4 4 4 4 4 5 5 5 5 5 5 5 5 5 5 4 6 6 6 6 4 6 6 6 6 5 7 7 7 7 5 5 7 7 7 6 4 6 6 6 5 5 5 5 5 4 3
1 2 2 2 2 2 3 3 3 3 3 4 4 4 4 4 4 4 4 4 4 5 5 5 5 5 5 5 5 5 5 4 6 6 6 6 4 6 6 6 6 5 7 7 7 7 5 5 7 7 7 6 6 4 4 6 5 5 5 5 5 4 3
1 2 2 2 2 2 3 3 3 3 3 4 4 4 4 4 4 4 4 4 4 5 5 5 5 5 5 5 5 5 5 4 6 6 6 6 4 6 6 6 6 5 7 7 7 7 5 5 7 7 7 6 6 4 6 6 5 5 5 5 5 4 3
1 2 2 2 2 2 3 3 3 3 3 4 4 4 4 4 4 4 4 4 4 5 5 5 5 5 5 5 5 5 5 4 6 6 6 6 4 6 6 6 6 5 7 7 7 7 5 5 7 7 7 6 6 6 6 6 5 5 5 5 5 4 3
1 2 2 2 2 2 3 3 3 3 3 4 4 4 4 4 4 4 4 4 4 5 5 5 5 5 5 5 5 5 5 4 6 6 6 6 4 6 6 6 6 5 7 7 7 7 5 7 7 7 7 4 6 6 6 6 5 5 5 5 5 4 3
1 2 2 2 2 2 3 3 3 3 3 4 4 4 4 4 4 4 4 4 4 5 5 5 5 5 5 5 5 5 5 4 6 6 6 6 4 6 6 6 6 5 7 7 7 7 5 7 7 7 7 6 6 6 6 6 5 5 5 5 5 4 3
1 2 2 2 2 2 3 3 3 3 3 4 4 4 4 4 4 4 4 4 4 5 5 5 5 5 5 5 5 5 5 4 6 6 6 6 6 6 6 6 6 3 7 7 7 7 5 7 7 5 7 6 6 6 6 6 5 5 5 5 5 4 3
1 2 2 2 2 2 3 3 3 3 3 4 4 4 4 4 4 4 4 4 4 5 5 5 5 5 5 5 5 5 5 4 6 6 6 6 6 6 6 6 6 5 5 5 5 7 7 5 7 7 5 6 6 6 6 6 5 5 5 5 5 4 3
1 2 2 2 2 2 3 3 3 3 3 4 4 4 4 4 4 4 4 4 4 5 5 5 5 5 5 5 5 5 5 4 6 6 6 6 6 6 6 6 6 5 5 5 5 7 7 5 7 7 7 6 6 6 6 6 5 5 5 5 5 4 3
1 2 2 2 2 2 3 3 3 3 3 4 4 4 4 4 4 4 4 4 4 5 5 5 5 5 5 5 5 5 5 4 6 6 6 6 6 6 6 6 6 5 5 5 5 7 7 7 5 7 7 6 6 6 6 6 5 5 5 5 5 4 3
1 2 2 2 2 2 3 3 3 3 3 4 4 4 4 4 4 4 4 4 4 5 5 5 5 5 5 5 5 5 5 4 6 6 6 6 6 6 6 6 6 5 5 5 5 7 7 7 7 5 5 6 6 6 6 6 5 5 5 5 5 4 3
1 2 2 2 2 2 3 3 3 3 3 4 4 4 4 4 4 4 4 4 4 5 5 5 5 5 5 5 5 5 5 4 6 6 6 6 6 6 6 6 6 5 5 5 5 7 7 7 7 5 7 6 6 6 6 6 5 5 5 5 5 4 3
1 2 2 2 2 2 3 3 3 3 3 4 4 4 4 4 4 4 4 4 4 5 5 5 5 5 5 5 5 5 5 4 6 6 6 6 6 6 6 6 6 5 5 5 5 7 7 7 7 7 7 6 6 6 6 4 5 5 5 5 5 4 3
1 2 2 2 2 2 3 3 3 3 3 4 4 4 4 4 4 4 4 4 4 5 5 5 5 5 5 5 5 5 5 4 6 6 6 6 6 6 6 6 6 5 5 5 5 7 7 7 7 7 7 6 6 6 6 6 5 5 5 5 5 4 3
1 2 2 2 2 2 3 3 3 3 3 4 4 4 4 4 4 4 4 4 4 5 5 5 5 5 5 5 5 5 5 4 6 6 6 6 6 6 6 6 6 5 5 5 7 7 5 7 7 7 5 6 6 6 6 6 5 5 5 5 5 4 3
1 2 2 2 2 2 3 3 3 3 3 4 4 4 4 4 4 4 4 4 4 5 5 5 5 5 5 5 5 5 5 4 6 6 6 6 6 6 6 6 6 5 5 5 7 7 5 7 7 7 7 6 6 6 6 4 5 5 5 5 5 4 3
1 2 2 2 2 2 3 3 3 3 3 4 4 4 4 4 4 4 4 4 4 5 5 5 5 5 5 5 5 5 5 4 6 6 6 6 6 6 6 6 6 5 5 5 7 7 5 7 7 7 7 6 6 6 6 6 5 5 5 5 5 4 3
1 2 2 2 2 2 3 3 3 3 3 4 4 4 4 4 4 4 4 4 4 5 5 5 5 5 5 5 5 5 5 4 6 6 6 6 6 6 6 6 6 5 5 5 7 7 7 7 7 7 5 6 6 6 6 6 5 5 5 5 5 4 3
1 2 2 2 2 2 3 3 3 3 3 4 4 4 4 4 4 4 4 4 4 5 5 5 5 5 5 5 5 5 5 4 6 6 6 6 6 6 6 6 6 5 5 5 7 7 7 7 7 7 7 6 6 6 4 6 5 5 5 5 5 4 3
1 2 2 2 2 2 3 3 3 3 3 4 4 4 4 4 4 4 4 4 4 5 5 5 5 5 5 5 5 5 5 4 6 6 6 6 6 6 6 6 6 5 5 5 7 7 7 7 7 7 7 6 6 6 6 6 5 5 5 5 5 4 3
1 2 2 2 2 2 3 3 3 3 3 4 4 4 4 4 4 4 4 4 4 5 5 5 5 5 5 5 5 5 5 4 6 6 6 6 6 6 6 6 6 5 5 7 5 7 5 5 7 7 7 6 4 6 6 6 5 5 5 5 5 4 3
1 2 2 2 2 2 3 3 3 3 3 4 4 4 4 4 4 4 4 4 4 5 5 5 5 5 5 5 5 5 5 4 6 6 6 6 6 6 6 6 6 5 5 7 5 7 5 5 7 7 7 6 6 6 6 6 5 5 5 5 5 4 3
1 2 2 2 2 2 3 3 3 3 3 4 4 4 4 4 4 4 4 4 4 5 5 5 5 5 5 5 5 5 5 4 6 6 6 6 6 6 6 6 6 5 5 7 5 7 5 7 5 7 7 6 6 6 6 6 5 5 5 5 5 4 3
1 2 2 2 2 2 3 3 3 3 3 4 4 4 4 4 4 4 4 4 4 5 5 5 5 5 5 5 5 5 5 4 6 6 6 6 6 6 6 6 6 5 5 7 5 7 5 7 7 7 7 6 4 6 6 6 5 5 5 5 5 4 3
1 2 2 2 2 2 3 3 3 3 3 4 4 4 4 4 4 4 4 4 4 5 5 5 5 5 5 5 5 5 5 4 6 6 6 6 6 6 6 6 6 5 5 7 5 7 5 7 7 7 7 6 6 6 6 4 5 5 5 5 5 4 3
1 2 2 2 2 2 3 3 3 3 3 4 4 4 4 4 4 4 4 4 4 5 5 5 5 5 5 5 5 5 5 4 6 6 6 6 6 6 6 6 6 5 5 7 5 7 5 7 7 7 7 6 6 6 6 6 5 5 5 5 5 4 3
1 2 2 2 2 2 3 3 3 3 3 4 4 4 4 4 4 4 4 4 4 5 5 5 5 5 5 5 5 5 5 4 6 6 6 6 6 6 6 6 6 5 5 7 5 7 7 5 7 7 7 6 6 6 6 6 5 5 5 5 5 4 3
1 2 2 2 2 2 3 3 3 3 3 4 4 4 4 4 4 4 4 4 4 5 5 5 5 5 5 5 5 5 5 4 6 6 6 6 6 6 6 6 6 5 5 7 5 7 7 7 5 7 7 6 6 6 6 6 5 5 5 5 5 4 3
1 2 2 2 2 2 3 3 3 3 3 4 4 4 4 4 4 4 4 4 4 5 5 5 5 5 5 5 5 5 5 4 6 6 6 6 6 6 6 6 6 5 5 7 5 7 7 7 7 5 5 6 6 6 6 6 5 5 5 5 5 4 3
1 2 2 2 2 2 3 3 3 3 3 4 4 4 4 4 4 4 4 4 4 5 5 5 5 5 5 5 5 5 5 4 6 6 6 6 6 6 6 6 6 5 5 7 5 7 7 7 7 5 7 6 4 6 6 6 5 5 5 5 5 4 3
1 2 2 2 2 2 3 3 3 3 3 4 4 4 4 4 4 4 4 4 4 5 5 5 5 5 5 5 5 5 5 4 6 6 6 6 6 6 6 6 6 5 5 7 5 7 7 7 7 5 7 6 6 6 6 6 5 5 5 5 5 4 3
1 2 2 2 2 2 3 3 3 3 3 4 4 4 4 4 4 4 4 4 4 5 5 5 5 5 5 5 5 5 5 4 6 6 6 6 6 6 6 6 6 5 5 7 5 7 7 7 7 7 7 6 4 6 6 6 5 5 5 5 5 4 3
1 2 2 2 2 2 3 3 3 3 3 4 4 4 4 4 4 4 4 4 4 5 5 5 5 5 5 5 5 5 5 4 6 6 6 6 6 6 6 6 6 5 5 7 5 7 7 7 7 7 7 6 6 6 6 4 5 5 5 5 5 4 3
1 2 2 2 2 2 3 3 3 3 3 4 4 4 4 4 4 4 4 4 4 5 5 5 5 5 5 5 5 5 5 4 6 6 6 6 6 6 6 6 6 5 5 7 5 7 7 7 7 7 7 6 6 6 6 6 5 5 5 5 5 4 3
1 2 2 2 2 2 3 3 3 3 3 4 4 4 4 4 4 4 4 4 4 5 5 5 5 5 5 5 5 5 5 4 6 6 6 6 6 6 6 6 6 5 5 7 7 5 5 7 7 5 7 6 6 6 6 6 5 5 5 5 5 4 3
1 2 2 2 2 2 3 3 3 3 3 4 4 4 4 4 4 4 4 4 4 5 5 5 5 5 5 5 5 5 5 4 6 6 6 6 6 6 6 6 6 5 5 7 7 5 7 7 7 5 5 6 6 6 6 6 5 5 5 5 5 4 3
1 2 2 2 2 2 3 3 3 3 3 4 4 4 4 4 4 4 4 4 4 5 5 5 5 5 5 5 5 5 5 4 6 6 6 6 6 6 6 6 6 5 5 7 7 7 5 7 7 5 7 6 4 6 6 6 5 5 5 5 5 4 3
1 2 2 2 2 2 3 3 3 3 3 4 4 4 4 4 4 4 4 4 4 5 5 5 5 5 5 5 5 5 5 4 6 6 6 6 6 6 6 6 6 5 5 7 7 7 5 7 7 5 7 6 6 6 6 6 5 5 5 5 5 4 3
1 2 2 2 2 2 3 3 3 3 3 4 4 4 4 4 4 4 4 4 4 5 5 5 5 5 5 5 5 5 5 4 6 6 6 6 6 6 6 6 6 5 5 7 7 7 5 7 7 7 5 6 4 6 6 6 5 5 5 5 5 4 3
1 2 2 2 2 2 3 3 3 3 3 4 4 4 4 4 4 4 4 4 4 5 5 5 5 5 5 5 5 5 5 4 6 6 6 6 6 6 6 6 6 5 5 7 7 7 5 7 7 7 5 6 6 6 6 6 5 5 5 5 5 4 3
1 2 2 2 2 2 3 3 3 3 3 4 4 4 4 4 4 4 4 4 4 5 5 5 5 5 5 5 5 5 5 4 6 6 6 6 6 6 6 6 6 5 5 7 7 7 5 7 7 7 7 6 4 6 6 6 5 5 5 5 5 4 3
1 2 2 2 2 2 3 3 3 3 3 4 4 4 4 4 4 4 4 4 4 5 5 5 5 5 5 5 5 5 5 4 6 6 6 6 6 6 6 6 6 5 5 7 7 7 5 7 7 7 7 6 6 6 6 4 5 5 5 5 5 4 3
1 2 2 2 2 2 3 3 3 3 3 4 4 4 4 4 4 4 4 4 4 5 5 5 5 5 5 5 5 5 5 4 6 6 6 6 6 6 6 6 6 5 5 7 7 7 5 7 7 7 7 6 6 6 6 6 5 5 5 5 5 4 3
1 2 2 2 2 2 3 3 3 3 3 4 4 4 4 4 4 4 4 4 4 5 5 5 5 5 5 5 5 5 5 4 6 6 6 6 6 6 6 6 6 5 5 7 7 7 7 7 7 7 5 6 4 6 6 6 5 5 5 5 5 4 3
1 2 2 2 2 2 3 3 3 3 3 4 4 4 4 4 4 4 4 4 4 5 5 5 5 5 5 5 5 5 5 4 6 6 6 6 6 6 6 6 6 5 7 7 7 7 5 7 7 5 7 4 4 6 6 6 5 5 5 5 5 4 3
1 2 2 2 2 2 3 3 3 3 3 4 4 4 4 4 4 4 4 4 4 5 5 5 5 5 5 5 5 5 5 4 6 6 6 6 6 6 6 6 6 5 7 7 7 7 5 7 7 5 7 4 6 6 6 6 5 5 5 5 5 4 3
1 2 2 2 2 2 3 3 3 3 3 4 4 4 4 4 4 4 4 4 4 5 5 5 5 5 5 5 5 5 5 4 6 6 6 6 6 6 6 6 6 5 7 7 7 7 5 7 7 5 7 6 6 6 6 6 5 5 5 5 5 4 3
1 2 2 2 2 2 3 3 3 3 3 4 4 4 4 4 4 4 4 4 4 5 5 5 5 5 5 5 5 5 5 4 6 6 6 6 6 6 6 6 6 5 7 7 7 7 5 7 7 7 7 4 4 6 6 6 5 5 5 5 5 4 3
1 2 2 2 2 2 3 3 3 3 3 4 4 4 4 4 4 4 4 4 4 5 5 5 5 5 5 5 5 5 5 6 6 6 6 6 6 6 6 6 6 5 5 5 5 7 7 5 7 7 5 6 6 6 6 6 5 5 5 5 5 4 3
1 2 2 2 2 2 3 3 3 3 3 4 4 4 4 4 4 4 4 4 4 5 5 5 5 5 5 5 5 5 5 6 6 6 6 6 6 6 6 6 6 5 5 5 5 7 7 5 7 7 7 6 6 6 6 6 5 5 5 5 5 4 3
1 2 2 2 2 2 3 3 3 3 3 4 4 4 4 4 4 4 4 4 4 5 5 5 5 5 5 5 5 5 5 6 6 6 6 6 6 6 6 6 6 5 5 5 5 7 7 7 5 7 7 6 6 6 6 6 5 5 5 5 5 4 3
1 2 2 2 2 2 3 3 3 3 3 4 4 4 4 4 4 4 4 4 4 5 5 5 5 5 5 5 5 5 5 6 6 6 6 6 6 6 6 6 6 5 5 5 5 7 7 7 7 7 5 6 6 6 6 6 5 5 5 5 5 4 3
1 2 2 2 2 2 3 3 3 3 3 4 4 4 4 4 4 4 4 4 4 5 5 5 5 5 5 5 5 5 5 6 6 6 6 6 6 6 6 6 6 5 5 5 5 7 7 7 7 7 7 6 6 6 6 4 5 5 5 5 5 4 3
1 2 2 2 2 2 3 3 3 3 3 4 4 4 4 4 4 4 4 4 4 5 5 5 5 5 5 5 5 5 5 6 6 6 6 6 6 6 6 6 6 5 5 5 5 7 7 7 7 7 7 6 6 6 6 6 5 5 5 5 5 4 3
1 2 2 2 2 2 3 3 3 3 3 4 4 4 4 4 4 4 4 4 4 5 5 5 5 5 5 5 5 5 5 6 6 6 6 6 6 6 6 6 6 5 5 5 7 7 7 7 7 7 7 6 6 6 4 6 5 5 5 5 5 4 3
1 2 2 2 2 2 3 3 3 3 3 4 4 4 4 4 4 4 4 4 4 5 5 5 5 5 5 5 5 5 5 6 6 6 6 6 6 6 6 6 6 5 5 5 7 7 7 7 7 7 7 6 6 6 6 6 5 5 5 5 5 4 3
1 2 2 2 2 2 3 3 3 3 3 4 4 4 4 4 4 4 4 4 4 5 5 5 5 5 5 5 5 5 5 6 6 6 6 6 6 6 6 6 6 5 5 7 5 7 7 7 5 7 7 6 6 6 6 6 5 5 5 5 5 4 3
1 2 2 2 2 2 3 3 3 3 3 4 4 4 4 4 4 4 4 4 4 5 5 5 5 5 5 5 5 5 5 6 6 6 6 6 6 6 6 6 6 5 5 7 5 7 7 7 7 7 7 6 6 6 6 4 5 5 5 5 5 4 3
1 2 2 2 2 2 3 3 3 3 3 4 4 4 4 4 4 4 4 4 4 5 5 5 5 5 5 5 5 5 5 6 6 6 6 6 6 6 6 6 6 5 5 7 5 7 7 7 7 7 7 6 6 6 6 6 5 5 5 5 5 4 3
1 2 2 2 2 2 3 3 3 3 3 4 4 4 4 4 4 4 4 4 4 5 5 5 5 5 5 5 5 5 5 6 6 6 6 6 6 6 6 6 6 5 5 7 7 5 7 7 7 7 7 6 6 6 6 4 5 5 5 5 5 4 3
1 2 2 2 2 2 3 3 3 3 3 4 4 4 4 4 4 4 4 4 4 5 5 5 5 5 5 5 5 5 5 6 6 6 6 6 6 6 6 6 6 5 5 7 7 5 7 7 7 7 7 6 6 6 6 6 5 5 5 5 5 4 3
1 2 2 2 2 2 3 3 3 3 3 4 4 4 4 4 4 4 4 4 4 5 5 5 5 5 5 5 5 5 5 6 6 6 6 6 6 6 6 6 6 5 5 7 7 7 7 7 7 7 5 6 6 6 6 6 5 5 5 5 5 4 3
1 2 2 2 2 2 3 3 3 3 3 4 4 4 4 4 4 4 4 4 4 5 5 5 5 5 5 5 5 5 5 6 6 6 6 6 6 6 6 6 6 5 5 7 7 7 7 7 7 7 7 6 6 6 4 6 5 5 5 5 5 4 3
1 2 2 2 2 2 3 3 3 3 3 4 4 4 4 4 4 4 4 4 4 5 5 5 5 5 5 5 5 5 5 6 6 6 6 6 6 6 6 6 6 5 5 7 7 7 7 7 7 7 7 6 6 6 6 6 5 5 5 5 5 4 3
1 2 2 2 2 3 3 3 3 3 4 4 4 4 5 4 4 5 4 5 5 3 5 5 6 5 5 6 5 6 6 6 6 7 6 7 7 6 7 7 5 5 5 6 7 6 6 7 8 8 6 8 7 7 7 7 7 6 6 6 6 5 4
1 2 2 2 2 3 3 3 3 3 4 4 4 4 5 4 4 5 4 5 5 3 5 5 6 5 5 6 5 6 6 6 6 7 6 7 7 6 7 7 7 5 5 6 7 6 8 7 8 6 8 8 7 7 7 7 7 6 6 6 6 5 4
1 2 2 2 2 3 3 3 3 3 4 4 4 4 5 4 4 5 4 5 5 3 5 5 6 5 5 6 5 6 6 6 6 7 6 7 7 6 7 7 7 5 5 6 7 6 8 7 8 8 8 8 7 7 7 7 7 6 6 6 6 5 4
1 2 2 2 2 3 3 3 3 3 4 4 4 4 5 4 4 5 4 5 5 5 5 5 6 5 5 6 5 6 6 4 6 5 6 5 7 6 7 7 7 5 7 6 7 6 8 7 8 6 8 6 5 7 7 7 7 6 6 6 6 5 4
1 2 2 2 2 3 3 3 3 3 4 4 4 4 5 4 4 5 4 5 5 5 5 5 6 5 5 6 5 6 6 4 6 5 6 5 7 6 7 7 7 5 7 6 7 6 8 7 8 8 8 6 5 5 7 7 7 6 6 6 6 5 4
1 2 2 2 2 3 3 3 3 3 4 4 4 4 5 4 4 5 4 5 5 5 5 5 6 5 5 6 5 6 6 4 6 5 6 5 7 6 7 7 7 5 7 6 7 6 8 7 8 8 8 6 5 7 7 7 7 6 6 6 6 5 4
1 2 2 2 2 3 3 3 3 3 4 4 4 4 5 4 4 5 4 5 5 5 5 5 6 5 5 6 5 6 6 4 6 5 6 7 5 6 7 7 7 5 7 6 7 8 6 7 8 8 8 6 5 5 7 7 7 6 6 6 6 5 4
1 2 2 2 2 3 3 3 3 3 4 4 4 4 5 4 4 5 4 5 5 5 5 5 6 5 5 6 5 6 6 4 6 5 6 7 7 6 7 7 7 5 7 6 7 8 6 7 8 8 6 6 5 7 7 7 7 6 6 6 6 5 4
1 2 2 2 2 3 3 3 3 3 4 4 4 4 5 4 4 5 4 5 5 5 5 5 6 5 5 6 5 6 6 4 6 5 6 7 7 6 7 7 7 5 7 6 7 8 6 7 8 8 8 6 5 7 7 7 7 6 6 6 6 5 4
1 2 2 2 2 3 3 3 3 3 4 4 4 4 5 4 4 5 4 5 5 5 5 5 6 5 5 6 5 6 6 4 6 7 6 7 5 6 7 5 7 5 7 8 7 8 6 7 8 6 8 6 7 5 7 7 7 6 6 6 6 5 4
1 2 2 2 2 3 3 3 3 3 4 4 4 4 5 4 4 5 4 5 5 5 5 5 6 5 5 6 5 6 6 4 6 7 6 7 5 6 7 7 7 5 7 6 7 8 6 7 8 6 8 6 7 7 7 7 7 6 6 6 6 5 4
1 2 2 2 2 3 3 3 3 3 4 4 4 4 5 4 4 5 4 5 5 5 5 5 6 5 5 6 5 6 6 4 6 7 6 7 5 6 7 7 7 5 7 6 7 8 6 7 8 8 6 6 7 7 7 7 7 6 6 6 6 5 4
1 2 2 2 2 3 3 3 3 3 4 4 4 4 5 4 4 5 4 5 5 5 5 5 6 5 5 6 5 6 6 4 6 7 6 7 5 6 7 7 7 5 7 6 7 8 6 7 8 8 8 6 7 7 7 7 7 6 6 6 6 5 4
1 2 2 2 2 3 3 3 3 3 4 4 4 4 5 4 4 5 4 5 5 5 5 5 6 5 5 6 5 6 6 4 6 7 6 7 5 6 7 7 7 5 7 8 7 8 6 7 8 6 8 6 5 7 7 7 7 6 6 6 6 5 4
1 2 2 2 2 3 3 3 3 3 4 4 4 4 5 4 4 5 4 5 5 5 5 5 6 5 5 6 5 6 6 4 6 7 6 7 5 6 7 7 7 5 7 8 7 8 6 7 8 6 8 6 7 7 5 7 7 6 6 6 6 5 4
1 2 2 2 2 3 3 3 3 3 4 4 4 4 5 4 4 5 4 5 5 5 5 5 6 5 5 6 5 6 6 4 6 7 6 7 5 6 7 7 7 5 7 8 7 8 6 7 8 6 8 6 7 7 7 7 7 6 6 6 6 5 4
1 2 2 2 2 3 3 3 3 3 4 4 4 4 5 4 4 5 4 5 5 5 5 5 6 5 5 6 5 6 6 4 6 7 6 7 5 6 7 7 7 5 7 8 7 8 6 7 8 8 8 6 7 5 7 7 7 6 6 6 6 5 4
1 2 2 2 2 3 3 3 3 3 4 4 4 4 5 4 4 5 4 5 5 5 5 5 6 5 5 6 5 6 6 4 6 7 6 7 5 6 7 7 7 5 7 8 7 8 6 7 8 8 8 6 7 7 7 7 7 6 6 6 6 5 4
1 2 2 2 2 3 3 3 3 3 4 4 4 4 5 4 4 5 4 5 5 5 5 5 6 5 5 6 5 6 6 4 6 7 6 7 7 6 7 7 7 5 7 6 7 6 8 7 8 6 6 6 7 7 7 7 7 6 6 6 6 5 4
1 2 2 2 2 3 3 3 3 3 4 4 4 4 5 4 4 5 4 5 5 5 5 5 6 5 5 6 5 6 6 4 6 7 6 7 7 6 7 7 7 5 7 6 7 6 8 7 8 6 8 6 7 7 7 7 7 6 6 6 6 5 4
1 2 2 2 2 3 3 3 3 3 4 4 4 4 5 4 4 5 4 5 5 5 5 5 6 5 5 6 5 6 6 4 6 7 6 7 7 6 7 7 7 5 7 6 7 6 8 7 8 8 8 6 7 7 7 7 7 6 6 6 6 5 4
1 2 2 2 2 3 3 3 3 3 4 4 4 4 5 4 4 5 4 5 5 5 5 5 6 5 5 6 5 6 6 4 6 7 6 7 7 6 7 7 7 5 7 6 7 8 6 7 8 8 6 6 7 7 7 7 7 6 6 6 6 5 4
1 2 2 2 2 3 3 3 3 3 4 4 4 4 5 4 4 5 4 5 5 5 5 5 6 5 5 6 5 6 6 4 6 7 6 7 7 6 7 7 7 5 7 6 7 8 6 7 8 8 8 6 7 7 7 5 7 6 6 6 6 5 4
1 2 2 2 2 3 3 3 3 3 4 4 4 4 5 4 4 5 4 5 5 5 5 5 6 5 5 6 5 6 6 4 6 7 6 7 7 6 7 7 7 5 7 6 7 8 6 7 8 8 8 6 7 7 7 7 7 6 6 6 6 5 4
1 2 2 2 2 3 3 3 3 3 4 4 4 4 5 4 4 5 4 5 5 5 5 5 6 5 5 6 5 6 6 4 6 7 6 7 7 6 7 7 7 5 7 8 7 8 6 7 8 6 8 6 5 7 7 7 7 6 6 6 6 5 4
1 2 2 2 2 3 3 3 3 3 4 4 4 4 5 4 4 5 4 5 5 5 5 5 6 5 5 6 5 6 6 4 6 7 6 7 7 6 7 7 7 5 7 8 7 8 6 7 8 6 8 6 7 7 7 7 7 6 6 6 6 5 4
1 2 2 2 2 3 3 3 3 3 4 4 4 4 5 4 4 5 4 5 5 5 5 5 6 5 5 6 5 6 6 6 6 5 6 5 7 6 5 7 7 7 7 6 7 6 8 7 6 8 8 6 5 5 7 7 7 6 6 6 6 5 4
1 2 2 2 2 3 3 3 3 3 4 4 4 4 5 4 4 5 4 5 5 5 5 5 6 5 5 6 5 6 6 6 6 5 6 5 7 6 7 5 7 7 7 6 7 6 8 7 8 6 8 6 5 5 7 7 7 6 6 6 6 5 4
1 2 2 2 2 3 3 3 3 3 4 4 4 4 5 4 4 5 4 5 5 5 5 5 6 5 5 6 5 6 6 6 6 5 6 5 7 6 7 7 7 7 5 6 7 6 8 7 8 8 6 8 5 7 7 7 7 6 6 6 6 5 4
1 2 2 2 2 3 3 3 3 3 4 4 4 4 5 4 4 5 4 5 5 5 5 5 6 5 5 6 5 6 6 6 6 5 6 5 7 6 7 7 7 7 5 6 7 6 8 7 8 8 8 8 5 7 7 7 7 6 6 6 6 5 4
1 2 2 2 2 3 3 3 3 3 4 4 4 4 5 4 4 5 4 5 5 5 5 5 6 5 5 6 5 6 6 6 6 5 6 5 7 6 7 7 7 7 7 6 7 6 6 5 8 8 8 8 5 7 7 7 7 6 6 6 6 5 4
1 2 2 2 2 3 3 3 3 3 4 4 4 4 5 4 4 5 4 5 5 5 5 5 6 5 5 6 5 6 6 6 6 5 6 5 7 6 7 7 7 7 7 6 7 6 8 5 8 8 8 8 5 5 7 7 7 6 6 6 6 5 4
1 2 2 2 2 3 3 3 3 3 4 4 4 4 5 4 4 5 4 5 5 5 5 5 6 5 5 6 5 6 6 6 6 5 6 5 7 6 7 7 7 7 7 6 7 6 8 5 8 8 8 8 5 7 7 7 7 6 6 6 6 5 4
1 2 2 2 2 3 3 3 3 3 4 4 4 4 5 4 4 5 4 5 5 5 5 5 6 5 5 6 5 6 6 6 6 5 6 5 7 6 7 7 7 7 7 6 7 6 8 7 8 8 8 6 5 7 7 7 7 6 6 6 6 5 4
1 2 2 2 2 3 3 3 3 3 4 4 4 4 5 4 4 5 4 5 5 5 5 5 6 5 5 6 5 6 6 6 6 5 6 5 7 6 7 7 7 7 7 6 7 6 8 7 8 8 8 8 5 7 7 7 7 6 6 6 6 5 4
1 2 2 2 2 3 3 3 3 3 4 4 4 4 5 4 4 5 4 5 5 5 5 5 6 5 5 6 5 6 6 6 6 5 6 7 7 6 7 7 7 5 7 6 7 6 8 7 6 8 6 8 7 7 7 7 7 6 6 6 6 5 4
1 2 2 2 2 3 3 3 3 3 4 4 4 4 5 4 4 5 4 5 5 5 5 5 6 5 5 6 5 6 6 6 6 5 6 7 7 6 7 7 7 5 7 6 7 6 8 7 6 8 8 8 7 7 7 7 7 6 6 6 6 5 4
1 2 2 2 2 3 3 3 3 3 4 4 4 4 5 4 4 5 4 5 5 5 5 5 6 5 5 6 5 6 6 6 6 5 6 7 7 6 7 7 7 5 7 6 7 6 8 7 8 8 6 8 7 5 7 7 7 6 6 6 6 5 4
1 2 2 2 2 3 3 3 3 3 4 4 4 4 5 4 4 5 4 5 5 5 5 5 6 5 5 6 5 6 6 6 6 5 6 7 7 6 7 7 7 5 7 6 7 6 8 7 8 8 6 8 7 7 7 7 7 6 6 6 6 5 4
1 2 2 2 2 3 3 3 3 3 4 4 4 4 5 4 4 5 4 5 5 5 5 5 6 5 5 6 5 6 6 6 6 5 6 7 7 6 7 7 7 5 7 6 7 6 8 7 8 8 8 8 7 5 7 7 7 6 6 6 6 5 4
1 2 2 2 2 3 3 3 3 3 4 4 4 4 5 4 4 5 4 5 5 5 5 5 6 5 5 6 5 6 6 6 6 5 6 7 7 6 7 7 7 5 7 6 7 6 8 7 8 8 8 8 7 7 7 7 7 6 6 6 6 5 4
1 2 2 2 2 3 3 3 3 3 4 4 4 4 5 4 4 5 4 5 5 5 5 5 6 5 5 6 5 6 6 6 6 5 6 7 7 6 7 7 7 7 7 6 5 6 8 7 6 8 8 8 7 5 7 7 7 6 6 6 6 5 4
1 2 2 2 2 3 3 3 3 3 4 4 4 4 5 4 4 5 4 5 5 5 5 5 6 5 5 6 5 6 6 6 6 5 6 7 7 6 7 7 7 7 7 6 5 6 8 7 6 8 8 8 7 7 7 7 7 6 6 6 6 5 4
1 2 2 2 2 3 3 3 3 3 4 4 4 4 5 4 4 5 4 5 5 5 5 5 6 5 5 6 5 6 6 6 6 5 6 7 7 6 7 7 7 7 7 6 5 6 8 7 8 6 8 8 7 7 7 7 7 6 6 6 6 5 4
1 2 2 2 2 3 3 3 3 3 4 4 4 4 5 4 4 5 4 5 5 5 5 5 6 5 5 6 5 6 6 6 6 5 6 7 7 6 7 7 7 7 7 6 5 6 8 7 8 8 8 8 7 5 7 7 7 6 6 6 6 5 4
1 2 2 2 2 3 3 3 3 3 4 4 4 4 5 4 4 5 4 5 5 5 5 5 6 5 5 6 5 6 6 6 6 5 6 7 7 6 7 7 7 7 7 6 5 6 8 7 8 8 8 8 7 7 7 5 7 6 6 6 6 5 4
1 2 2 2 2 3 3 3 3 3 4 4 4 4 5 4 4 5 4 5 5 5 5 5 6 5 5 6 5 6 6 6 6 5 6 7 7 6 7 7 7 7 7 6 5 6 8 7 8 8 8 8 7 7 7 7 7 6 6 6 6 5 4
1 2 2 2 2 3 3 3 3 3 4 4 4 4 5 4 4 5 4 5 5 5 5 5 6 5 5 6 5 6 6 6 6 5 6 7 7 6 7 7 7 7 7 6 5 8 8 7 6 6 8 8 7 7 7 7 7 6 6 6 6 5 4
1 2 2 2 2 3 3 3 3 3 4 4 4 4 5 4 4 5 4 5 5 5 5 5 6 5 5 6 5 6 6 6 6 5 6 7 7 6 7 7 7 7 7 6 5 8 8 7 8 8 8 8 5 5 7 7 7 6 6 6 6 5 4
1 2 2 2 2 3 3 3 3 3 4 4 4 4 5 4 4 5 4 5 5 5 5 5 6 5 5 6 5 6 6 6 6 5 6 7 7 6 7 7 7 7 7 6 7 6 8 7 6 8 6 8 7 7 7 7 7 6 6 6 6 5 4
1 2 2 2 2 3 3 3 3 3 4 4 4 4 5 4 4 5 4 5 5 5 5 5 6 5 5 6 5 6 6 6 6 5 6 7 7 6 7 7 7 7 7 6 7 6 8 7 6 8 8 8 7 7 7 7 7 6 6 6 6 5 4
1 2 2 2 2 3 3 3 3 3 4 4 4 4 5 4 4 5 4 5 5 5 5 5 6 5 5 6 5 6 6 6 6 7 6 7 7 6 7 7 7 5 7 6 7 6 8 7 8 6 8 8 7 7 7 7 7 6 6 6 6 5 4
1 2 2 2 2 3 3 3 3 3 4 4 4 4 5 4 4 5 4 5 5 5 5 5 6 5 5 6 5 6 6 6 6 7 6 7 7 6 7 7 7 5 7 6 7 6 8 7 8 8 8 8 7 7 7 5 7 6 6 6 6 5 4
1 2 2 2 2 3 3 3 3 3 4 4 4 4 5 4 4 5 4 5 5 5 5 5 6 5 5 6 5 6 6 6 6 7 6 7 7 6 7 7 7 5 7 6 7 6 8 7 8 8 8 8 7 7 7 7 7 6 6 6 6 5 4
1 2 2 2 2 3 3 3 3 3 4 4 4 4 5 4 4 5 4 5 5 5 5 5 6 5 5 6 5 6 6 6 6 7 6 7 7 6 7 7 7 5 7 6 7 8 6 7 8 6 8 8 7 7 7 7 7 6 6 6 6 5 4
1 2 2 2 2 3 3 3 3 3 4 4 4 4 5 4 4 5 4 5 5 5 5 5 6 5 5 6 5 6 6 6 6 7 6 7 7 6 7 7 7 5 7 6 7 8 6 7 8 8 8 8 7 7 7 7 7 6 6 6 6 5 4
1 2 2 2 2 3 3 3 3 3 4 4 4 4 5 4 4 5 4 5 5 5 5 5 6 5 5 6 5 6 6 6 6 7 6 7 7 6 7 7 7 5 7 6 7 8 8 7 8 8 8 8 7 7 5 7 7 6 6 6 6 5 4
1 2 2 2 2 3 3 3 3 3 4 4 4 4 5 4 4 5 4 5 5 5 5 5 6 5 5 6 5 6 6 6 6 7 6 7 7 6 7 7 7 5 7 6 7 8 8 7 8 8 8 8 7 7 7 7 7 6 6 6 6 5 4
1 2 2 2 2 3 3 3 3 3 4 4 4 4 5 4 4 5 4 5 5 5 5 5 6 5 5 6 5 6 6 6 6 7 6 7 7 6 7 7 7 5 7 8 7 8 6 7 8 6 8 8 7 7 7 7 7 6 6 6 6 5 4
1 2 2 2 2 3 3 3 3 3 4 4 4 4 5 4 4 5 4 5 5 5 5 5 6 5 5 6 5 6 6 6 6 7 6 7 7 6 7 7 7 7 7 6 7 6 8 7 8 6 6 8 7 7 7 7 7 6 6 6 6 5 4
1 2 2 2 2 3 3 3 3 3 4 4 4 4 5 4 4 5 4 5 5 5 5 5 6 5 5 6 5 6 6 6 6 7 6 7 7 6 7 7 7 7 7 6 7 6 8 7 8 6 8 8 7 7 7 7 7 6 6 6 6 5 4
1 2 2 2 2 3 3 3 3 3 4 4 4 4 5 4 4 5 4 5 5 5 5 5 6 5 5 6 5 6 6 6 6 7 6 7 7 6 7 7 7 7 7 6 7 6 8 7 8 8 8 6 7 7 7 5 7 6 6 6 6 5 4
1 2 2 2 2 3 3 3 3 3 4 4 4 4 5 4 4 5 4 5 5 5 5 5 6 5 5 6 5 6 6 6 6 7 6 7 7 6 7 7 7 7 7 6 7 6 8 7 8 8 8 8 7 7 7 5 7 6 6 6 6 5 4
1 2 2 2 2 3 3 3 3 3 4 4 4 4 5 4 4 5 4 5 5 5 5 5 6 5 5 6 5 6 6 6 6 7 6 7 7 6 7 7 7 7 7 6 7 6 8 7 8 8 8 8 7 7 7 7 7 6 6 6 6 5 4
1 2 2 2 2 4 3 3 3 3 5 4 4 4 6 4 4 6 4 6 6 5 5 5 7 5 5 7 5 7 7 6 6 6 6 6 8 6 8 8 8 7 7 7 7 7 9 7 9 9 9 8 6 8 8 8 9 7 7 7 7 6 5
1 2 2 2 2 4 3 3 3 3 5 4 4 4 6 4 4 6 4 6 6 5 5 5 7 5 5 7 5 7 7 6 6 6 6 8 8 6 8 8 8 7 7 7 7 7 9 7 7 9 7 8 8 8 8 8 9 7 7 7 7 6 5
1 2 2 2 2 4 3 3 3 3 5 4 4 4 6 4 4 6 4 6 6 5 5 5 7 5 5 7 5 7 7 6 6 6 6 8 8 6 8 8 8 7 7 7 7 7 9 7 7 9 9 8 8 8 8 8 9 7 7 7 7 6 5
1 2 2 2 2 4 3 3 3 3 5 4 4 4 6 4 4 6 4 6 6 5 5 5 7 5 5 7 5 7 7 6 6 8 6 8 8 6 8 8 8 7 7 7 7 7 9 7 9 7 7 8 8 8 8 8 9 7 7 7 7 6 5
1 2 2 2 2 4 3 3 3 3 5 4 4 4 6 4 4 6 4 6 6 5 5 5 7 5 5 7 5 7 7 6 6 8 6 8 8 6 8 8 8 7 7 7 7 7 9 7 9 7 9 8 8 8 8 8 9 7 7 7 7 6 5
1 2 2 2 2 4 3 3 3 3 5 4 4 4 6 4 4 6 4 6 6 5 5 5 7 5 5 7 5 7 7 6 6 8 6 8 8 6 8 8 8 7 7 7 7 7 9 7 9 9 9 8 8 8 8 6 9 7 7 7 7 6 5
1 2 2 2 2 4 3 3 3 3 5 4 4 4 6 4 4 6 4 6 6 5 5 5 7 5 5 7 5 7 7 6 6 8 6 8 8 6 8 8 8 7 7 7 7 7 9 7 9 9 9 8 8 8 8 8 9 7 7 7 7 6 5
1 2 2 2 3 3 3 3 3 4 4 4 4 5 5 4 5 5 5 5 6 3 5 6 6 5 6 6 6 6 7 6 7 7 5 7 6 7 7 8 6 5 6 6 6 6 7 8 8 7 7 7 7 6 6 6 6 6 5 5 5 4 3
1 2 2 2 3 3 3 3 3 4 4 4 4 5 5 4 5 5 5 5 6 3 5 6 6 5 6 6 6 6 7 6 7 7 5 7 6 7 7 8 6 5 6 6 6 8 7 8 8 7 7 7 7 6 6 6 6 6 5 5 5 4 3
1 2 2 2 3 3 3 3 3 4 4 4 4 5 5 4 5 5 5 5 6 3 5 6 6 5 6 6 6 6 7 6 7 7 7 7 6 7 7 6 6 5 6 6 6 8 7 8 6 7 7 7 7 6 6 6 6 6 5 5 5 4 3
1 2 2 2 3 3 3 3 3 4 4 4 4 5 5 4 5 5 5 5 6 5 5 4 6 5 4 6 6 6 5 6 5 7 7 7 6 7 7 6 8 7 4 8 6 8 5 6 8 5 7 7 7 6 6 6 6 6 5 5 5 4 3
1 2 2 2 3 3 3 3 3 4 4 4 4 5 5 4 5 5 5 5 6 5 5 4 6 5 4 6 6 6 7 6 5 7 7 5 6 7 7 8 8 7 4 8 6 6 5 6 8 7 7 7 7 6 6 6 6 6 5 5 5 4 3
1 2 2 2 3 3 3 3 3 4 4 4 4 5 5 4 5 5 5 5 6 5 5 4 6 5 4 6 6 6 7 6 5 7 7 5 8 7 7 8 6 7 4 8 6 6 7 6 8 7 7 7 7 6 6 6 6 6 5 5 5 4 3
1 2 2 2 3 3 3 3 3 4 4 4 4 5 5 4 5 5 5 5 6 5 5 4 6 5 4 6 6 6 7 6 5 7 7 5 8 7 7 8 8 7 4 6 6 6 7 6 8 7 7 7 7 6 6 6 6 6 5 5 5 4 3
1 2 2 2 3 3 3 3 3 4 4 4 4 5 5 4 5 5 5 5 6 5 5 4 6 5 4 6 6 6 7 6 5 7 7 7 8 7 7 8 6 7 4 8 6 8 7 6 8 7 7 7 7 6 6 6 6 6 5 5 5 4 3
1 2 2 2 3 3 3 3 3 4 4 4 4 5 5 4 5 5 5 5 6 5 5 4 6 5 6 6 6 6 5 4 7 7 7 7 6 7 7 6 8 5 6 8 6 8 5 8 8 5 7 7 7 6 6 6 6 6 5 5 5 4 3
1 2 2 2 3 3 3 3 3 4 4 4 4 5 5 4 5 5 5 5 6 5 5 4 6 5 6 6 6 6 5 4 7 7 7 7 6 7 7 8 8 5 6 6 6 8 5 8 8 7 7 7 7 6 6 6 6 6 5 5 5 4 3
1 2 2 2 3 3 3 3 3 4 4 4 4 5 5 4 5 5 5 5 6 5 5 4 6 5 6 6 6 6 5 6 5 7 7 7 6 7 7 8 6 7 4 8 6 8 5 8 8 7 5 7 7 6 6 6 6 6 5 5 5 4 3
1 2 2 2 3 3 3 3 3 4 4 4 4 5 5 4 5 5 5 5 6 5 5 4 6 5 6 6 6 6 5 6 5 7 7 7 6 7 7 8 8 7 4 6 6 8 5 8 8 7 7 7 7 6 6 6 6 6 5 5 5 4 3
1 2 2 2 3 3 3 3 3 4 4 4 4 5 5 4 5 5 5 5 6 5 5 4 6 5 6 6 6 6 5 6 7 5 7 7 6 5 7 8 8 7 6 6 6 8 5 6 8 7 7 7 7 6 6 6 6 6 5 5 5 4 3
1 2 2 2 3 3 3 3 3 4 4 4 4 5 5 4 5 5 5 5 6 5 5 4 6 5 6 6 6 6 5 6 7 5 7 7 6 7 5 8 8 7 6 6 6 8 5 6 6 7 7 7 5 6 6 6 6 6 5 5 5 4 3
1 2 2 2 3 3 3 3 3 4 4 4 4 5 5 4 5 5 5 5 6 5 5 4 6 5 6 6 6 6 5 6 7 5 7 7 6 7 7 8 8 7 6 6 6 6 5 6 8 7 7 7 7 6 6 6 6 6 5 5 5 4 3
1 2 2 2 3 3 3 3 3 4 4 4 4 5 5 4 5 5 5 5 6 5 5 4 6 5 6 6 6 6 5 6 7 7 7 7 6 5 5 6 8 7 6 8 6 8 5 6 6 5 7 7 7 6 6 6 6 6 5 5 5 4 3
1 2 2 2 3 3 3 3 3 4 4 4 4 5 5 4 5 5 5 5 6 5 5 4 6 5 6 6 6 6 5 6 7 7 7 7 6 5 5 8 8 7 6 6 6 8 5 6 6 7 7 7 7 6 6 6 6 6 5 5 5 4 3
1 2 2 2 3 3 3 3 3 4 4 4 4 5 5 4 5 5 5 5 6 5 5 4 6 5 6 6 6 6 5 6 7 7 7 7 6 5 7 6 8 7 6 8 6 6 5 6 8 5 7 7 7 6 6 6 6 6 5 5 5 4 3
1 2 2 2 3 3 3 3 3 4 4 4 4 5 5 4 5 5 5 5 6 5 5 4 6 5 6 6 6 6 5 6 7 7 7 7 6 5 7 6 8 7 6 8 6 8 5 6 8 5 7 7 7 6 6 6 6 6 5 5 5 4 3
1 2 2 2 3 3 3 3 3 4 4 4 4 5 5 4 5 5 5 5 6 5 5 4 6 5 6 6 6 6 5 6 7 7 7 7 6 5 7 8 8 7 6 6 6 8 5 6 8 7 7 7 7 6 6 6 6 6 5 5 5 4 3
1 2 2 2 3 3 3 3 3 4 4 4 4 5 5 4 5 5 5 5 6 5 5 4 6 5 6 6 6 6 5 6 7 7 7 7 6 7 5 6 6 7 6 8 6 8 5 6 6 5 5 7 7 6 6 6 6 6 5 5 5 4 3
1 2 2 2 3 3 3 3 3 4 4 4 4 5 5 4 5 5 5 5 6 5 5 4 6 5 6 6 6 6 5 6 7 7 7 7 6 7 5 6 8 7 6 8 6 8 5 6 6 5 7 7 7 6 6 6 6 6 5 5 5 4 3
1 2 2 2 3 3 3 3 3 4 4 4 4 5 5 4 5 5 5 5 6 5 5 4 6 5 6 6 6 6 5 6 7 7 7 7 6 7 7 6 8 7 6 6 6 8 5 6 8 5 7 7 7 6 6 6 6 6 5 5 5 4 3
1 2 2 2 3 3 3 3 3 4 4 4 4 5 5 4 5 5 5 5 6 5 5 4 6 5 6 6 6 6 5 6 7 7 7 7 6 7 7 8 8 7 6 6 6 8 5 6 8 7 7 7 7 6 6 6 6 6 5 5 5 4 3
1 2 2 2 3 3 3 3 3 4 4 4 4 5 5 4 5 5 5 5 6 5 5 4 6 5 6 6 6 6 5 6 7 7 7 7 6 7 7 8 8 7 6 6 6 8 5 8 8 7 7 7 7 6 6 6 6 6 5 5 5 4 3
1 2 2 2 3 3 3 3 3 4 4 4 4 5 5 4 5 5 5 5 6 5 5 4 6 5 6 6 6 6 7 4 7 7 7 7 8 7 7 6 6 5 6 8 6 8 7 8 8 7 7 7 7 6 6 6 6 6 5 5 5 4 3
1 2 2 2 3 3 3 3 3 4 4 4 4 5 5 4 5 5 5 5 6 5 5 4 6 5 6 6 6 6 7 6 5 5 7 7 6 7 7 8 8 7 4 6 6 8 5 8 8 7 7 7 7 6 6 6 6 6 5 5 5 4 3
1 2 2 2 3 3 3 3 3 4 4 4 4 5 5 4 5 5 5 5 6 5 5 4 6 5 6 6 6 6 7 6 5 5 7 7 8 7 7 6 8 7 4 6 6 8 7 8 8 7 7 7 7 6 6 6 6 6 5 5 5 4 3
1 2 2 2 3 3 3 3 3 4 4 4 4 5 5 4 5 5 5 5 6 5 5 4 6 5 6 6 6 6 7 6 5 5 7 7 8 7 7 8 8 7 4 6 6 8 7 8 8 7 7 7 7 6 6 6 6 6 5 5 5 4 3
1 2 2 2 3 3 3 3 3 4 4 4 4 5 5 4 5 5 5 5 6 5 5 4 6 5 6 6 6 6 7 6 5 7 7 7 6 7 7 6 8 7 4 6 6 8 5 8 8 7 7 7 7 6 6 6 6 6 5 5 5 4 3
1 2 2 2 3 3 3 3 3 4 4 4 4 5 5 4 5 5 5 5 6 5 5 4 6 5 6 6 6 6 7 6 5 7 7 7 6 7 7 6 8 7 4 8 6 8 5 8 8 7 7 7 7 6 6 6 6 6 5 5 5 4 3
1 2 2 2 3 3 3 3 3 4 4 4 4 5 5 4 5 5 5 5 6 5 5 4 6 5 6 6 6 6 7 6 5 7 7 7 6 7 7 8 6 7 4 8 6 6 5 8 8 7 7 7 7 6 6 6 6 6 5 5 5 4 3
1 2 2 2 3 3 3 3 3 4 4 4 4 5 5 4 5 5 5 5 6 5 5 4 6 5 6 6 6 6 7 6 5 7 7 7 6 7 7 8 6 7 4 8 6 8 5 8 8 7 7 7 7 6 6 6 6 6 5 5 5 4 3
1 2 2 2 3 3 3 3 3 4 4 4 4 5 5 4 5 5 5 5 6 5 5 4 6 5 6 6 6 6 7 6 5 7 7 7 6 7 7 8 8 7 4 6 6 8 5 8 8 7 7 7 7 6 6 6 6 6 5 5 5 4 3
1 2 2 2 3 3 3 3 3 4 4 4 4 5 5 4 5 5 5 5 6 5 5 4 6 5 6 6 6 6 7 6 5 7 7 7 6 7 7 8 8 7 4 8 6 6 5 8 8 7 7 7 7 6 6 6 6 6 5 5 5 4 3
1 2 2 2 3 3 3 3 3 4 4 4 4 5 5 4 5 5 5 5 6 5 5 4 6 5 6 6 6 6 7 6 5 7 7 7 6 7 7 8 8 7 4 8 6 8 5 8 8 7 7 7 7 6 6 6 6 6 5 5 5 4 3
1 2 2 2 3 3 3 3 3 4 4 4 4 5 5 4 5 5 5 5 6 5 5 4 6 5 6 6 6 6 7 6 5 7 7 7 8 7 7 6 6 7 4 8 6 6 7 8 8 7 7 7 7 6 6 6 6 6 5 5 5 4 3
1 2 2 2 3 3 3 3 3 4 4 4 4 5 5 4 5 5 5 5 6 5 5 4 6 5 6 6 6 6 7 6 5 7 7 7 8 7 7 6 6 7 4 8 6 8 7 8 8 7 7 7 7 6 6 6 6 6 5 5 5 4 3
1 2 2 2 3 3 3 3 3 4 4 4 4 5 5 4 5 5 5 5 6 5 5 4 6 5 6 6 6 6 7 6 5 7 7 7 8 7 7 6 8 7 4 6 6 8 7 8 8 7 7 7 7 6 6 6 6 6 5 5 5 4 3
1 2 2 2 3 3 3 3 3 4 4 4 4 5 5 4 5 5 5 5 6 5 5 4 6 5 6 6 6 6 7 6 7 5 7 7 6 5 7 8 8 7 6 6 6 8 5 6 8 7 7 7 7 6 6 6 6 6 5 5 5 4 3
1 2 2 2 3 3 3 3 3 4 4 4 4 5 5 4 5 5 5 5 6 5 5 4 6 5 6 6 6 6 7 6 7 5 7 7 6 7 7 8 8 7 6 6 6 6 5 6 8 7 7 7 7 6 6 6 6 6 5 5 5 4 3
1 2 2 2 3 3 3 3 3 4 4 4 4 5 5 4 5 5 5 5 6 5 5 4 6 5 6 6 6 6 7 6 7 5 7 7 6 7 7 8 8 7 6 6 6 8 5 6 8 7 7 7 7 6 6 6 6 6 5 5 5 4 3
1 2 2 2 3 3 3 3 3 4 4 4 4 5 5 4 5 5 5 5 6 5 5 4 6 5 6 6 6 6 7 6 7 5 7 7 6 7 7 8 8 7 6 6 6 8 5 8 8 7 7 7 7 6 6 6 6 6 5 5 5 4 3
1 2 2 2 3 3 3 3 3 4 4 4 4 5 5 4 5 5 5 5 6 5 5 4 6 5 6 6 6 6 7 6 7 5 7 7 8 5 7 6 6 7 6 6 6 8 7 6 8 7 7 7 7 6 6 6 6 6 5 5 5 4 3
1 2 2 2 3 3 3 3 3 4 4 4 4 5 5 4 5 5 5 5 6 5 5 4 6 5 6 6 6 6 7 6 7 5 7 7 8 5 7 6 8 7 6 6 6 8 7 6 8 7 7 7 7 6 6 6 6 6 5 5 5 4 3
1 2 2 2 3 3 3 3 3 4 4 4 4 5 5 4 5 5 5 5 6 5 5 4 6 5 6 6 6 6 7 6 7 5 7 7 8 5 7 8 8 7 6 6 6 6 7 6 8 7 7 7 7 6 6 6 6 6 5 5 5 4 3
1 2 2 2 3 3 3 3 3 4 4 4 4 5 5 4 5 5 5 5 6 5 5 4 6 5 6 6 6 6 7 6 7 5 7 7 8 7 7 6 8 7 6 6 6 6 7 6 8 7 7 7 7 6 6 6 6 6 5 5 5 4 3
1 2 2 2 3 3 3 3 3 4 4 4 4 5 5 4 5 5 5 5 6 5 5 4 6 5 6 6 6 6 7 6 7 7 7 7 6 5 7 6 8 7 6 6 6 8 5 6 8 7 7 7 7 6 6 6 6 6 5 5 5 4 3
1 2 2 2 3 3 3 3 3 4 4 4 4 5 5 4 5 5 5 5 6 5 5 4 6 5 6 6 6 6 7 6 7 7 7 7 6 5 7 6 8 7 6 8 6 8 5 6 8 7 7 7 7 6 6 6 6 6 5 5 5 4 3
1 2 2 2 3 3 3 3 3 4 4 4 4 5 5 4 5 5 5 5 6 5 5 4 6 5 6 6 6 6 7 6 7 7 7 7 6 5 7 8 8 7 6 6 6 8 5 6 8 7 7 7 7 6 6 6 6 6 5 5 5 4 3
1 2 2 2 3 3 3 3 3 4 4 4 4 5 5 4 5 5 5 5 6 5 5 4 6 5 6 6 6 6 7 6 7 7 7 7 6 7 5 6 6 7 6 6 6 6 5 8 6 7 7 7 7 6 6 6 6 6 5 5 5 4 3
1 2 2 2 3 3 3 3 3 4 4 4 4 5 5 4 5 5 5 5 6 5 5 4 6 5 6 6 6 6 7 6 7 7 7 7 6 7 5 6 8 5 6 8 6 8 5 8 6 7 7 7 7 6 6 6 6 6 5 5 5 4 3
1 2 2 2 3 3 3 3 3 4 4 4 4 5 5 4 5 5 5 5 6 5 5 4 6 5 6 6 6 6 7 6 7 7 7 7 6 7 7 6 6 5 6 8 6 8 5 8 8 7 7 7 7 6 6 6 6 6 5 5 5 4 3
1 2 2 2 3 3 3 3 3 4 4 4 4 5 5 4 5 5 5 5 6 5 5 4 6 5 6 6 6 6 7 6 7 7 7 7 6 7 7 6 8 5 6 6 6 8 5 8 8 7 7 7 7 6 6 6 6 6 5 5 5 4 3
1 2 2 2 3 3 3 3 3 4 4 4 4 5 5 4 5 5 5 5 6 5 5 4 6 5 6 6 6 6 7 6 7 7 7 7 6 7 7 6 8 5 6 8 6 8 5 6 8 7 7 7 7 6 6 6 6 6 5 5 5 4 3
1 2 2 2 3 3 3 3 3 4 4 4 4 5 5 4 5 5 5 5 6 5 5 4 6 5 6 6 6 6 7 6 7 7 7 7 6 7 7 6 8 5 6 8 6 8 5 8 8 7 7 7 7 6 6 6 6 6 5 5 5 4 3
1 2 2 2 3 3 3 3 3 4 4 4 4 5 5 4 5 5 5 5 6 5 5 4 6 5 6 6 6 6 7 6 7 7 7 7 6 7 7 6 8 7 6 6 6 8 5 8 8 7 7 7 7 6 6 6 6 6 5 5 5 4 3
1 2 2 2 3 3 3 3 3 4 4 4 4 5 5 4 5 5 5 5 6 5 5 4 6 5 6 6 6 6 7 6 7 7 7 7 6 7 7 8 8 5 6 6 6 8 5 6 8 7 7 7 7 6 6 6 6 6 5 5 5 4 3
1 2 2 2 3 3 3 3 3 4 4 4 4 5 5 4 5 5 5 5 6 5 5 4 6 5 6 6 6 6 7 6 7 7 7 7 6 7 7 8 8 5 6 6 6 8 5 8 8 7 7 7 7 6 6 6 6 6 5 5 5 4 3
1 2 2 2 3 3 3 3 3 4 4 4 4 5 5 4 5 5 5 5 6 5 5 4 6 5 6 6 6 6 7 6 7 7 7 7 8 5 7 6 6 7 6 6 6 8 7 6 8 7 7 7 7 6 6 6 6 6 5 5 5 4 3
1 2 2 2 3 3 3 3 3 4 4 4 4 5 5 4 5 5 5 5 6 5 5 4 6 5 6 6 6 6 7 6 7 7 7 7 8 5 7 6 6 7 6 8 6 8 7 6 8 7 7 7 7 6 6 6 6 6 5 5 5 4 3
1 2 2 2 3 3 3 3 3 4 4 4 4 5 5 4 5 5 5 5 6 5 5 4 6 5 6 6 6 6 7 6 7 7 7 7 8 7 7 6 6 5 6 8 6 8 7 8 8 7 7 7 7 6 6 6 6 6 5 5 5 4 3
1 2 2 2 3 3 3 3 3 4 4 4 4 5 5 4 5 5 5 5 6 5 5 4 6 5 6 6 6 6 7 6 7 7 7 7 8 7 7 6 6 7 6 8 6 8 7 8 8 7 7 7 7 6 6 6 6 6 5 5 5 4 3
1 2 2 2 3 3 3 3 3 4 4 4 4 5 5 4 5 5 5 5 6 5 5 4 6 5 6 6 6 6 7 6 7 7 7 7 8 7 7 6 8 5 6 6 6 8 7 8 8 7 7 7 7 6 6 6 6 6 5 5 5 4 3
1 2 2 2 3 3 3 3 3 4 4 4 4 5 5 4 5 5 5 5 6 5 5 4 6 5 6 6 6 6 7 6 7 7 7 7 8 7 7 6 8 5 6 8 6 8 7 6 8 7 7 7 7 6 6 6 6 6 5 5 5 4 3
1 2 2 2 3 3 3 3 3 4 4 4 4 5 5 4 5 5 5 5 6 5 5 4 6 5 6 6 6 6 7 6 7 7 7 7 8 7 7 6 8 5 6 8 6 8 7 8 8 7 7 7 7 6 6 6 6 6 5 5 5 4 3
1 2 2 2 3 3 3 3 3 4 4 4 4 5 5 4 5 5 5 5 6 5 5 4 6 5 6 6 6 6 7 6 7 7 7 7 8 7 7 8 8 5 6 8 6 8 7 8 8 7 7 7 7 6 6 6 6 6 5 5 5 4 3
1 2 2 2 3 3 3 3 3 4 4 4 4 5 5 4 5 5 5 5 6 5 5 6 6 5 6 6 6 6 5 4 5 7 5 7 6 7 7 8 8 5 6 8 6 8 5 8 8 7 7 5 7 6 6 6 6 6 5 5 5 4 3
1 2 2 2 3 3 3 3 3 4 4 4 4 5 5 4 5 5 5 5 6 5 5 6 6 5 6 6 6 6 5 4 5 7 5 7 8 7 7 6 8 5 6 8 6 8 7 8 8 5 7 5 7 6 6 6 6 6 5 5 5 4 3
1 2 2 2 3 3 3 3 3 4 4 4 4 5 5 4 5 5 5 5 6 5 5 6 6 5 6 6 6 6 5 4 5 7 5 7 8 7 7 8 8 5 6 6 6 8 7 8 8 7 7 5 7 6 6 6 6 6 5 5 5 4 3
1 2 2 2 3 3 3 3 3 4 4 4 4 5 5 4 5 5 5 5 6 5 5 6 6 5 6 6 6 6 5 4 5 7 5 7 8 7 7 8 8 5 6 8 6 8 7 8 6 7 7 5 7 6 6 6 6 6 5 5 5 4 3
1 2 2 2 3 3 3 3 3 4 4 4 4 5 5 4 5 5 5 5 6 5 5 6 6 5 6 6 6 6 5 4 5 7 5 7 8 7 7 8 8 5 6 8 6 8 7 8 8 7 7 5 7 6 6 6 6 6 5 5 5 4 3
1 2 2 2 3 3 3 3 3 4 4 4 4 5 5 4 5 5 5 5 6 5 5 6 6 5 6 6 6 6 5 4 5 7 7 7 6 7 7 8 8 5 6 6 8 8 5 8 8 7 7 5 7 6 6 6 6 6 5 5 5 4 3
1 2 2 2 3 3 3 3 3 4 4 4 4 5 5 4 5 5 5 5 6 5 5 6 6 5 6 6 6 6 5 4 5 7 7 7 6 7 7 8 8 5 6 8 8 8 5 8 8 7 7 5 7 6 6 6 6 6 5 5 5 4 3
1 2 2 2 3 3 3 3 3 4 4 4 4 5 5 4 5 5 5 5 6 5 5 6 6 5 6 6 6 6 5 4 5 7 7 7 8 7 7 8 6 5 6 8 8 6 7 8 8 7 5 5 7 6 6 6 6 6 5 5 5 4 3
1 2 2 2 3 3 3 3 3 4 4 4 4 5 5 4 5 5 5 5 6 5 5 6 6 5 6 6 6 6 5 4 5 7 7 7 8 7 7 8 6 5 6 8 8 8 7 8 8 7 5 5 7 6 6 6 6 6 5 5 5 4 3
1 2 2 2 3 3 3 3 3 4 4 4 4 5 5 4 5 5 5 5 6 5 5 6 6 5 6 6 6 6 5 4 5 7 7 7 8 7 7 8 8 5 6 6 8 6 7 8 8 7 7 5 7 6 6 6 6 6 5 5 5 4 3
1 2 2 2 3 3 3 3 3 4 4 4 4 5 5 4 5 5 5 5 6 5 5 6 6 5 6 6 6 6 5 4 5 7 7 7 8 7 7 8 8 5 6 6 8 8 7 8 8 7 7 5 7 6 6 6 6 6 5 5 5 4 3
1 2 2 2 3 3 3 3 3 4 4 4 4 5 5 4 5 5 5 5 6 5 5 6 6 5 6 6 6 6 5 4 5 7 7 7 8 7 7 8 8 5 6 8 8 6 7 8 6 7 7 5 7 6 6 6 6 6 5 5 5 4 3
1 2 2 2 3 3 3 3 3 4 4 4 4 5 5 4 5 5 5 5 6 5 5 6 6 5 6 6 6 6 5 4 7 7 7 7 6 7 7 6 8 5 6 8 8 6 5 8 8 5 7 7 7 6 6 6 6 6 5 5 5 4 3
1 2 2 2 3 3 3 3 3 4 4 4 4 5 5 4 5 5 5 5 6 5 5 6 6 5 6 6 6 6 5 4 7 7 7 7 6 7 7 6 8 5 6 8 8 8 5 8 8 5 7 7 7 6 6 6 6 6 5 5 5 4 3
1 2 2 2 3 3 3 3 3 4 4 4 4 5 5 4 5 5 5 5 6 5 5 6 6 5 6 6 6 6 5 4 7 7 7 7 6 7 7 6 8 5 8 8 6 8 5 6 8 5 7 7 7 6 6 6 6 6 5 5 5 4 3
1 2 2 2 3 3 3 3 3 4 4 4 4 5 5 4 5 5 5 5 6 5 5 6 6 5 6 6 6 6 5 4 7 7 7 7 6 7 7 6 8 5 8 8 6 8 5 8 6 5 7 7 7 6 6 6 6 6 5 5 5 4 3
1 2 2 2 3 3 3 3 3 4 4 4 4 5 5 4 5 5 5 5 6 5 5 6 6 5 6 6 6 6 5 4 7 7 7 7 6 7 7 6 8 5 8 8 6 8 5 8 8 5 7 7 7 6 6 6 6 6 5 5 5 4 3
1 2 2 2 3 3 3 3 3 4 4 4 4 5 5 4 5 5 5 5 6 5 5 6 6 5 6 6 6 6 5 4 7 7 7 7 6 7 7 6 8 5 8 8 8 8 5 8 8 5 7 7 7 6 6 6 6 6 5 5 5 4 3
1 2 2 2 3 3 3 3 3 4 4 4 4 5 5 4 5 5 5 5 6 5 5 6 6 5 6 6 6 6 5 4 7 7 7 7 6 7 7 8 8 5 6 6 8 8 5 6 8 7 7 7 7 6 6 6 6 6 5 5 5 4 3
1 2 2 2 3 3 3 3 3 4 4 4 4 5 5 4 5 5 5 5 6 5 5 6 6 5 6 6 6 6 5 4 7 7 7 7 6 7 7 8 8 5 6 6 8 8 5 8 8 7 7 7 7 6 6 6 6 6 5 5 5 4 3
1 2 2 2 3 3 3 3 3 4 4 4 4 5 5 4 5 5 5 5 6 5 5 6 6 5 6 6 6 6 5 4 7 7 7 7 6 7 7 8 8 5 6 8 6 8 5 6 8 7 7 7 7 6 6 6 6 6 5 5 5 4 3
1 2 2 2 3 3 3 3 3 4 4 4 4 5 5 4 5 5 5 5 6 5 5 6 6 5 6 6 6 6 5 4 7 7 7 7 6 7 7 8 8 5 6 8 6 8 5 8 6 7 7 7 7 6 6 6 6 6 5 5 5 4 3
1 2 2 2 3 3 3 3 3 4 4 4 4 5 5 4 5 5 5 5 6 5 5 6 6 5 6 6 6 6 5 4 7 7 7 7 6 7 7 8 8 5 6 8 6 8 5 8 8 7 7 7 7 6 6 6 6 6 5 5 5 4 3
1 2 2 2 3 3 3 3 3 4 4 4 4 5 5 4 5 5 5 5 6 5 5 6 6 5 6 6 6 6 5 4 7 7 7 7 6 7 7 8 8 5 6 8 8 8 5 8 6 7 7 7 7 6 6 6 6 6 5 5 5 4 3
1 2 2 2 3 3 3 3 3 4 4 4 4 5 5 4 5 5 5 5 6 5 5 6 6 5 6 6 6 6 5 4 7 7 7 7 6 7 7 8 8 5 6 8 8 8 5 8 8 7 7 7 7 6 6 6 6 6 5 5 5 4 3
1 2 2 2 3 3 3 3 3 4 4 4 4 5 5 4 5 5 5 5 6 5 5 6 6 5 6 6 6 6 5 4 7 7 7 7 8 7 7 8 8 5 6 6 6 6 7 8 8 7 7 7 7 6 6 6 6 6 5 5 5 4 3
1 2 2 2 3 3 3 3 3 4 4 4 4 5 5 4 5 5 5 5 6 5 5 6 6 5 6 6 6 6 5 4 7 7 7 7 8 7 7 8 8 5 6 6 6 8 7 6 8 7 7 7 7 6 6 6 6 6 5 5 5 4 3
1 2 2 2 3 3 3 3 3 4 4 4 4 5 5 4 5 5 5 5 6 5 5 6 6 5 6 6 6 6 5 4 7 7 7 7 8 7 7 8 8 5 6 8 6 8 7 6 8 7 7 7 7 6 6 6 6 6 5 5 5 4 3
1 2 2 2 3 3 3 3 3 4 4 4 4 5 5 4 5 5 5 5 6 5 5 6 6 5 6 6 6 6 5 4 7 7 7 7 8 7 7 8 8 5 6 8 6 8 7 8 8 7 7 7 5 6 6 6 6 6 5 5 5 4 3
1 2 2 2 3 3 3 3 3 4 4 4 4 5 5 4 5 5 5 5 6 5 5 6 6 5 6 6 6 6 5 6 5 5 5 7 6 7 7 8 8 7 6 6 6 8 5 8 8 7 7 5 7 6 6 6 6 6 5 5 5 4 3
1 2 2 2 3 3 3 3 3 4 4 4 4 5 5 4 5 5 5 5 6 5 5 6 6 5 6 6 6 6 5 6 5 5 5 7 8 5 7 8 8 7 6 6 6 8 7 6 8 7 7 5 7 6 6 6 6 6 5 5 5 4 3
1 2 2 2 3 3 3 3 3 4 4 4 4 5 5 4 5 5 5 5 6 5 5 6 6 5 6 6 6 6 5 6 5 5 5 7 8 7 7 6 8 7 6 6 6 8 7 8 8 5 7 5 7 6 6 6 6 6 5 5 5 4 3
1 2 2 2 3 3 3 3 3 4 4 4 4 5 5 4 5 5 5 5 6 5 5 6 6 5 6 6 6 6 5 6 5 5 5 7 8 7 7 8 6 7 6 6 6 8 7 8 8 7 5 5 7 6 6 6 6 6 5 5 5 4 3
1 2 2 2 3 3 3 3 3 4 4 4 4 5 5 4 5 5 5 5 6 5 5 6 6 5 6 6 6 6 5 6 5 5 5 7 8 7 7 8 8 7 6 6 6 8 7 8 6 7 7 5 7 6 6 6 6 6 5 5 5 4 3
1 2 2 2 3 3 3 3 3 4 4 4 4 5 5 4 5 5 5 5 6 5 5 6 6 5 6 6 6 6 5 6 5 5 7 7 6 7 7 8 8 7 6 6 6 8 5 8 8 7 7 7 5 6 6 6 6 6 5 5 5 4 3
1 2 2 2 3 3 3 3 3 4 4 4 4 5 5 4 5 5 5 5 6 5 5 6 6 5 6 6 6 6 5 6 5 5 7 7 6 7 7 8 8 7 6 6 6 8 5 8 8 7 7 7 7 6 6 6 6 6 5 5 5 4 3
1 2 2 2 3 3 3 3 3 4 4 4 4 5 5 4 5 5 5 5 6 5 5 6 6 5 6 6 6 6 5 6 5 5 7 7 6 7 7 8 8 7 6 6 8 8 5 6 8 7 7 7 5 6 6 6 6 6 5 5 5 4 3
1 2 2 2 3 3 3 3 3 4 4 4 4 5 5 4 5 5 5 5 6 5 5 6 6 5 6 6 6 6 5 6 5 5 7 7 6 7 7 8 8 7 6 6 8 8 5 6 8 7 7 7 7 6 6 6 6 6 5 5 5 4 3
1 2 2 2 3 3 3 3 3 4 4 4 4 5 5 4 5 5 5 5 6 5 5 6 6 5 6 6 6 6 5 6 5 5 7 7 6 7 7 8 8 7 6 6 8 8 5 8 8 7 7 5 7 6 6 6 6 6 5 5 5 4 3
1 2 2 2 3 3 3 3 3 4 4 4 4 5 5 4 5 5 5 5 6 5 5 6 6 5 6 6 6 6 5 6 5 5 7 7 6 7 7 8 8 7 6 6 8 8 5 8 8 7 7 7 7 6 6 6 6 6 5 5 5 4 3
1 2 2 2 3 3 3 3 3 4 4 4 4 5 5 4 5 5 5 5 6 5 5 6 6 5 6 6 6 6 5 6 5 5 7 7 8 7 7 8 6 7 6 6 6 8 7 8 8 7 5 7 5 6 6 6 6 6 5 5 5 4 3
1 2 2 2 3 3 3 3 3 4 4 4 4 5 5 4 5 5 5 5 6 5 5 6 6 5 6 6 6 6 5 6 5 5 7 7 8 7 7 8 6 7 6 6 8 8 7 8 8 7 5 5 7 6 6 6 6 6 5 5 5 4 3
1 2 2 2 3 3 3 3 3 4 4 4 4 5 5 4 5 5 5 5 6 5 5 6 6 5 6 6 6 6 5 6 5 5 7 7 8 7 7 8 8 7 6 6 6 6 7 6 6 7 7 7 7 6 6 6 6 6 5 5 5 4 3
1 2 2 2 3 3 3 3 3 4 4 4 4 5 5 4 5 5 5 5 6 5 5 6 6 5 6 6 6 6 5 6 5 5 7 7 8 7 7 8 8 7 6 6 6 8 7 6 8 7 7 7 5 6 6 6 6 6 5 5 5 4 3
1 2 2 2 3 3 3 3 3 4 4 4 4 5 5 4 5 5 5 5 6 5 5 6 6 5 6 6 6 6 5 6 5 5 7 7 8 7 7 8 8 7 6 6 6 8 7 8 8 7 7 7 5 6 6 6 6 6 5 5 5 4 3
1 2 2 2 3 3 3 3 3 4 4 4 4 5 5 4 5 5 5 5 6 5 5 6 6 5 6 6 6 6 5 6 5 7 5 7 6 7 7 8 8 7 6 6 6 8 5 8 6 7 7 5 7 6 6 6 6 6 5 5 5 4 3
1 2 2 2 3 3 3 3 3 4 4 4 4 5 5 4 5 5 5 5 6 5 5 6 6 5 6 6 6 6 5 6 5 7 5 7 6 7 7 8 8 7 6 6 6 8 5 8 8 7 7 5 7 6 6 6 6 6 5 5 5 4 3
1 2 2 2 3 3 3 3 3 4 4 4 4 5 5 4 5 5 5 5 6 5 5 6 6 5 6 6 6 6 5 6 5 7 5 7 8 5 7 8 8 7 6 6 6 8 7 6 8 7 7 5 7 6 6 6 6 6 5 5 5 4 3
1 2 2 2 3 3 3 3 3 4 4 4 4 5 5 4 5 5 5 5 6 5 5 6 6 5 6 6 6 6 5 6 5 7 5 7 8 7 7 6 6 7 6 6 6 6 7 8 8 5 5 5 7 6 6 6 6 6 5 5 5 4 3
1 2 2 2 3 3 3 3 3 4 4 4 4 5 5 4 5 5 5 5 6 5 5 6 6 5 6 6 6 6 5 6 5 7 5 7 8 7 7 6 8 7 6 6 6 8 7 8 8 5 7 5 7 6 6 6 6 6 5 5 5 4 3
1 2 2 2 3 3 3 3 3 4 4 4 4 5 5 4 5 5 5 5 6 5 5 6 6 5 6 6 6 6 5 6 5 7 5 7 8 7 7 6 8 7 6 8 6 6 7 8 8 5 7 5 7 6 6 6 6 6 5 5 5 4 3
1 2 2 2 3 3 3 3 3 4 4 4 4 5 5 4 5 5 5 5 6 5 5 6 6 5 6 6 6 6 5 6 5 7 5 7 8 7 7 6 8 7 6 8 6 8 7 8 6 5 7 5 7 6 6 6 6 6 5 5 5 4 3
1 2 2 2 3 3 3 3 3 4 4 4 4 5 5 4 5 5 5 5 6 5 5 6 6 5 6 6 6 6 5 6 5 7 5 7 8 7 7 8 8 7 6 6 6 8 7 8 6 7 7 5 7 6 6 6 6 6 5 5 5 4 3
1 2 2 2 3 3 3 3 3 4 4 4 4 5 5 4 5 5 5 5 6 5 5 6 6 5 6 6 6 6 5 6 5 7 5 7 8 7 7 8 8 7 6 8 6 8 7 8 6 7 7 5 7 6 6 6 6 6 5 5 5 4 3
1 2 2 2 3 3 3 3 3 4 4 4 4 5 5 4 5 5 5 5 6 5 5 6 6 5 6 6 6 6 5 6 5 7 7 5 6 7 7 6 8 7 6 6 8 6 5 8 8 5 7 7 7 6 6 6 6 6 5 5 5 4 3
1 2 2 2 3 3 3 3 3 4 4 4 4 5 5 4 5 5 5 5 6 5 5 6 6 5 6 6 6 6 5 6 5 7 7 5 6 7 7 6 8 7 6 8 8 6 5 8 8 5 7 7 7 6 6 6 6 6 5 5 5 4 3
1 2 2 2 3 3 3 3 3 4 4 4 4 5 5 4 5 5 5 5 6 5 5 6 6 5 6 6 6 6 5 6 5 7 7 5 6 7 7 8 8 7 6 8 8 6 5 6 8 7 7 7 7 6 6 6 6 6 5 5 5 4 3
1 2 2 2 3 3 3 3 3 4 4 4 4 5 5 4 5 5 5 5 6 5 5 6 6 5 6 6 6 6 5 6 5 7 7 5 8 7 7 6 6 7 6 6 8 6 7 8 8 5 5 7 7 6 6 6 6 6 5 5 5 4 3
1 2 2 2 3 3 3 3 3 4 4 4 4 5 5 4 5 5 5 5 6 5 5 6 6 5 6 6 6 6 5 6 5 7 7 5 8 7 7 6 6 7 6 8 8 6 7 8 8 5 5 7 7 6 6 6 6 6 5 5 5 4 3
1 2 2 2 3 3 3 3 3 4 4 4 4 5 5 4 5 5 5 5 6 5 5 6 6 5 6 6 6 6 5 6 5 7 7 5 8 7 7 6 8 7 6 8 8 6 7 8 6 5 7 7 7 6 6 6 6 6 5 5 5 4 3
1 2 2 2 3 3 3 3 3 4 4 4 4 5 5 4 5 5 5 5 6 5 5 6 6 5 6 6 6 6 5 6 5 7 7 5 8 7 7 6 8 7 6 8 8 6 7 8 8 5 7 7 5 6 6 6 6 6 5 5 5 4 3
1 2 2 2 3 3 3 3 3 4 4 4 4 5 5 4 5 5 5 5 6 5 5 6 6 5 6 6 6 6 5 6 5 7 7 5 8 7 7 6 8 7 6 8 8 6 7 8 8 5 7 7 7 6 6 6 6 6 5 5 5 4 3
1 2 2 2 3 3 3 3 3 4 4 4 4 5 5 4 5 5 5 5 6 5 5 6 6 5 6 6 6 6 5 6 5 7 7 5 8 7 7 8 8 7 6 8 8 6 7 6 6 7 7 7 7 6 6 6 6 6 5 5 5 4 3
1 2 2 2 3 3 3 3 3 4 4 4 4 5 5 4 5 5 5 5 6 5 5 6 6 5 6 6 6 6 5 6 5 7 7 5 8 7 7 8 8 7 6 8 8 6 7 6 8 7 7 7 5 6 6 6 6 6 5 5 5 4 3
1 2 2 2 3 3 3 3 3 4 4 4 4 5 5 4 5 5 5 5 6 5 5 6 6 5 6 6 6 6 5 6 5 7 7 5 8 7 7 8 8 7 6 8 8 6 7 6 8 7 7 7 7 6 6 6 6 6 5 5 5 4 3
1 2 2 2 3 3 3 3 3 4 4 4 4 5 5 4 5 5 5 5 6 5 5 6 6 5 6 6 6 6 5 6 5 7 7 5 8 7 7 8 8 7 6 8 8 6 7 8 8 7 7 7 7 6 6 6 6 6 5 5 5 4 3
1 2 2 2 3 3 3 3 3 4 4 4 4 5 5 4 5 5 5 5 6 5 5 6 6 5 6 6 6 6 5 6 5 7 7 7 6 7 7 6 8 7 6 6 6 8 5 8 8 5 7 7 7 6 6 6 6 6 5 5 5 4 3
1 2 2 2 3 3 3 3 3 4 4 4 4 5 5 4 5 5 5 5 6 5 5 6 6 5 6 6 6 6 5 6 5 7 7 7 6 7 7 6 8 7 6 6 8 6 5 8 8 5 7 7 7 6 6 6 6 6 5 5 5 4 3
1 2 2 2 3 3 3 3 3 4 4 4 4 5 5 4 5 5 5 5 6 5 5 6 6 5 6 6 6 6 5 6 5 7 7 7 6 7 7 6 8 7 6 6 8 8 5 8 8 5 7 7 7 6 6 6 6 6 5 5 5 4 3
1 2 2 2 3 3 3 3 3 4 4 4 4 5 5 4 5 5 5 5 6 5 5 6 6 5 6 6 6 6 5 6 5 7 7 7 6 7 7 6 8 7 6 8 6 8 5 8 8 5 7 7 7 6 6 6 6 6 5 5 5 4 3
1 2 2 2 3 3 3 3 3 4 4 4 4 5 5 4 5 5 5 5 6 5 5 6 6 5 6 6 6 6 5 6 5 7 7 7 6 7 7 6 8 7 6 8 8 6 5 8 8 5 7 7 7 6 6 6 6 6 5 5 5 4 3
1 2 2 2 3 3 3 3 3 4 4 4 4 5 5 4 5 5 5 5 6 5 5 6 6 5 6 6 6 6 5 6 5 7 7 7 6 7 7 6 8 7 6 8 8 8 5 8 8 5 7 7 7 6 6 6 6 6 5 5 5 4 3
1 2 2 2 3 3 3 3 3 4 4 4 4 5 5 4 5 5 5 5 6 5 5 6 6 5 6 6 6 6 5 6 5 7 7 7 6 7 7 8 6 7 6 6 6 8 5 8 6 7 5 7 7 6 6 6 6 6 5 5 5 4 3
1 2 2 2 3 3 3 3 3 4 4 4 4 5 5 4 5 5 5 5 6 5 5 6 6 5 6 6 6 6 5 6 5 7 7 7 6 7 7 8 6 7 6 6 6 8 5 8 8 7 5 7 7 6 6 6 6 6 5 5 5 4 3
1 2 2 2 3 3 3 3 3 4 4 4 4 5 5 4 5 5 5 5 6 5 5 6 6 5 6 6 6 6 5 6 5 7 7 7 6 7 7 8 6 7 6 8 6 8 5 8 6 7 5 7 7 6 6 6 6 6 5 5 5 4 3
1 2 2 2 3 3 3 3 3 4 4 4 4 5 5 4 5 5 5 5 6 5 5 6 6 5 6 6 6 6 5 6 5 7 7 7 6 7 7 8 6 7 6 8 6 8 5 8 8 7 5 7 7 6 6 6 6 6 5 5 5 4 3
1 2 2 2 3 3 3 3 3 4 4 4 4 5 5 4 5 5 5 5 6 5 5 6 6 5 6 6 6 6 5 6 5 7 7 7 6 7 7 8 6 7 6 8 8 6 5 6 8 7 5 7 7 6 6 6 6 6 5 5 5 4 3
1 2 2 2 3 3 3 3 3 4 4 4 4 5 5 4 5 5 5 5 6 5 5 6 6 5 6 6 6 6 5 6 5 7 7 7 6 7 7 8 6 7 6 8 8 6 5 8 8 7 5 7 7 6 6 6 6 6 5 5 5 4 3
1 2 2 2 3 3 3 3 3 4 4 4 4 5 5 4 5 5 5 5 6 5 5 6 6 5 6 6 6 6 5 6 5 7 7 7 6 7 7 8 6 7 6 8 8 8 5 8 6 7 5 7 7 6 6 6 6 6 5 5 5 4 3
1 2 2 2 3 3 3 3 3 4 4 4 4 5 5 4 5 5 5 5 6 5 5 6 6 5 6 6 6 6 5 6 5 7 7 7 6 7 7 8 6 7 6 8 8 8 5 8 8 7 5 7 7 6 6 6 6 6 5 5 5 4 3
1 2 2 2 3 3 3 3 3 4 4 4 4 5 5 4 5 5 5 5 6 5 5 6 6 5 6 6 6 6 5 6 5 7 7 7 6 7 7 8 8 7 6 6 8 6 5 8 8 7 7 5 7 6 6 6 6 6 5 5 5 4 3
1 2 2 2 3 3 3 3 3 4 4 4 4 5 5 4 5 5 5 5 6 5 5 6 6 5 6 6 6 6 5 6 5 7 7 7 6 7 7 8 8 7 6 6 8 6 5 8 8 7 7 7 7 6 6 6 6 6 5 5 5 4 3
1 2 2 2 3 3 3 3 3 4 4 4 4 5 5 4 5 5 5 5 6 5 5 6 6 5 6 6 6 6 5 6 5 7 7 7 6 7 7 8 8 7 6 6 8 8 5 8 6 7 7 7 7 6 6 6 6 6 5 5 5 4 3
1 2 2 2 3 3 3 3 3 4 4 4 4 5 5 4 5 5 5 5 6 5 5 6 6 5 6 6 6 6 5 6 5 7 7 7 6 7 7 8 8 7 6 6 8 8 5 8 8 7 7 5 7 6 6 6 6 6 5 5 5 4 3
1 2 2 2 3 3 3 3 3 4 4 4 4 5 5 4 5 5 5 5 6 5 5 6 6 5 6 6 6 6 5 6 5 7 7 7 6 7 7 8 8 7 6 6 8 8 5 8 8 7 7 7 7 6 6 6 6 6 5 5 5 4 3
1 2 2 2 3 3 3 3 3 4 4 4 4 5 5 4 5 5 5 5 6 5 5 6 6 5 6 6 6 6 5 6 5 7 7 7 6 7 7 8 8 7 6 8 6 6 5 8 6 7 7 7 7 6 6 6 6 6 5 5 5 4 3
1 2 2 2 3 3 3 3 3 4 4 4 4 5 5 4 5 5 5 5 6 5 5 6 6 5 6 6 6 6 5 6 5 7 7 7 6 7 7 8 8 7 6 8 6 6 5 8 8 7 7 7 7 6 6 6 6 6 5 5 5 4 3
1 2 2 2 3 3 3 3 3 4 4 4 4 5 5 4 5 5 5 5 6 5 5 6 6 5 6 6 6 6 5 6 5 7 7 7 6 7 7 8 8 7 6 8 6 8 5 8 8 7 7 7 7 6 6 6 6 6 5 5 5 4 3
1 2 2 2 3 3 3 3 3 4 4 4 4 5 5 4 5 5 5 5 6 5 5 6 6 5 6 6 6 6 5 6 5 7 7 7 6 7 7 8 8 7 6 8 8 6 5 6 6 7 7 7 7 6 6 6 6 6 5 5 5 4 3
1 2 2 2 3 3 3 3 3 4 4 4 4 5 5 4 5 5 5 5 6 5 5 6 6 5 6 6 6 6 5 6 5 7 7 7 6 7 7 8 8 7 6 8 8 6 5 8 6 7 7 7 7 6 6 6 6 6 5 5 5 4 3
1 2 2 2 3 3 3 3 3 4 4 4 4 5 5 4 5 5 5 5 6 5 5 6 6 5 6 6 6 6 5 6 5 7 7 7 8 7 7 8 6 7 6 6 8 6 7 8 8 7 5 5 7 6 6 6 6 6 5 5 5 4 3
1 2 2 2 3 3 3 3 3 4 4 4 4 5 5 4 5 5 5 5 6 5 5 6 6 5 6 6 6 6 5 6 5 7 7 7 8 7 7 8 6 7 6 6 8 8 7 8 8 7 5 5 7 6 6 6 6 6 5 5 5 4 3
1 2 2 2 3 3 3 3 3 4 4 4 4 5 5 4 5 5 5 5 6 5 5 6 6 5 6 6 6 6 5 6 5 7 7 7 8 7 7 8 6 7 6 8 6 6 7 8 8 7 5 7 7 6 6 6 6 6 5 5 5 4 3
1 2 2 2 3 3 3 3 3 4 4 4 4 5 5 4 5 5 5 5 6 5 5 6 6 5 6 6 6 6 5 6 5 7 7 7 8 7 7 8 6 7 6 8 6 8 7 8 6 7 5 7 7 6 6 6 6 6 5 5 5 4 3
1 2 2 2 3 3 3 3 3 4 4 4 4 5 5 4 5 5 5 5 6 5 5 6 6 5 6 6 6 6 5 6 5 7 7 7 8 7 7 8 6 7 6 8 6 8 7 8 8 7 5 7 7 6 6 6 6 6 5 5 5 4 3
1 2 2 2 3 3 3 3 3 4 4 4 4 5 5 4 5 5 5 5 6 5 5 6 6 5 6 6 6 6 5 6 5 7 7 7 8 7 7 8 6 7 6 8 8 6 7 8 8 7 5 5 7 6 6 6 6 6 5 5 5 4 3
1 2 2 2 3 3 3 3 3 4 4 4 4 5 5 4 5 5 5 5 6 5 5 6 6 5 6 6 6 6 5 6 5 7 7 7 8 7 7 8 6 7 6 8 8 6 7 8 8 7 5 7 7 6 6 6 6 6 5 5 5 4 3
1 2 2 2 3 3 3 3 3 4 4 4 4 5 5 4 5 5 5 5 6 5 5 6 6 5 6 6 6 6 5 6 5 7 7 7 8 7 7 8 8 7 6 6 6 6 7 8 8 7 7 7 7 6 6 6 6 6 5 5 5 4 3
1 2 2 2 3 3 3 3 3 4 4 4 4 5 5 4 5 5 5 5 6 5 5 6 6 5 6 6 6 6 5 6 5 7 7 7 8 7 7 8 8 7 6 6 8 6 7 8 6 7 7 5 7 6 6 6 6 6 5 5 5 4 3
1 2 2 2 3 3 3 3 3 4 4 4 4 5 5 4 5 5 5 5 6 5 5 6 6 5 6 6 6 6 5 6 5 7 7 7 8 7 7 8 8 7 6 6 8 6 7 8 8 7 7 7 7 6 6 6 6 6 5 5 5 4 3
1 2 2 2 3 3 3 3 3 4 4 4 4 5 5 4 5 5 5 5 6 5 5 6 6 5 6 6 6 6 5 6 5 7 7 7 8 7 7 8 8 7 6 8 6 6 7 8 6 7 7 7 7 6 6 6 6 6 5 5 5 4 3
1 2 2 2 3 3 3 3 3 4 4 4 4 5 5 4 5 5 5 5 6 5 5 6 6 5 6 6 6 6 5 6 5 7 7 7 8 7 7 8 8 7 6 8 8 6 7 8 6 7 7 5 7 6 6 6 6 6 5 5 5 4 3
1 2 2 2 3 3 3 3 3 4 4 4 4 5 5 4 5 5 5 5 6 5 5 6 6 5 6 6 6 6 5 6 5 7 7 7 8 7 7 8 8 7 6 8 8 6 7 8 6 7 7 7 7 6 6 6 6 6 5 5 5 4 3
1 2 2 2 3 3 3 3 3 4 4 4 4 5 5 4 5 5 5 5 6 5 5 6 6 5 6 6 6 6 5 6 7 7 7 7 6 7 7 6 8 7 6 6 6 8 5 8 8 5 7 7 7 6 6 6 6 6 5 5 5 4 3
1 2 2 2 3 3 3 3 3 4 4 4 4 5 5 4 5 5 5 5 6 5 5 6 6 5 6 6 6 6 5 6 7 7 7 7 6 7 7 6 8 7 6 8 6 6 5 8 8 5 7 7 7 6 6 6 6 6 5 5 5 4 3
1 2 2 2 3 3 3 3 3 4 4 4 4 5 5 4 5 5 5 5 6 5 5 6 6 5 6 6 6 6 5 6 7 7 7 7 6 7 7 6 8 7 6 8 6 8 5 8 6 5 7 7 7 6 6 6 6 6 5 5 5 4 3
1 2 2 2 3 3 3 3 3 4 4 4 4 5 5 4 5 5 5 5 6 5 5 6 6 5 6 6 6 6 5 6 7 7 7 7 6 7 7 6 8 7 6 8 6 8 5 8 8 5 7 7 7 6 6 6 6 6 5 5 5 4 3
1 2 2 2 3 3 3 3 3 4 4 4 4 5 5 4 5 5 5 5 6 5 5 6 6 5 6 6 6 6 5 6 7 7 7 7 6 7 7 6 8 7 6 8 8 6 5 8 8 5 7 7 7 6 6 6 6 6 5 5 5 4 3
1 2 2 2 3 3 3 3 3 4 4 4 4 5 5 4 5 5 5 5 6 5 5 6 6 5 6 6 6 6 5 6 7 7 7 7 6 7 7 6 8 7 6 8 8 8 5 8 8 5 7 7 7 6 6 6 6 6 5 5 5 4 3
1 2 2 2 3 3 3 3 3 4 4 4 4 5 5 4 5 5 5 5 6 5 5 6 6 5 6 6 6 6 5 6 7 7 7 7 6 7 7 6 8 7 8 8 6 8 5 6 8 5 7 7 7 6 6 6 6 6 5 5 5 4 3
1 2 2 2 3 3 3 3 3 4 4 4 4 5 5 4 5 5 5 5 6 5 5 6 6 5 6 6 6 6 5 6 7 7 7 7 6 7 7 8 8 7 6 6 6 8 5 8 8 7 7 7 7 6 6 6 6 6 5 5 5 4 3
1 2 2 2 3 3 3 3 3 4 4 4 4 5 5 4 5 5 5 5 6 5 5 6 6 5 6 6 6 6 5 6 7 7 7 7 6 7 7 8 8 7 6 6 8 8 5 6 8 7 7 7 7 6 6 6 6 6 5 5 5 4 3
1 2 2 2 3 3 3 3 3 4 4 4 4 5 5 4 5 5 5 5 6 5 5 6 6 5 6 6 6 6 5 6 7 7 7 7 6 7 7 8 8 7 6 8 6 8 5 8 8 7 7 7 7 6 6 6 6 6 5 5 5 4 3
1 2 2 2 3 3 3 3 3 4 4 4 4 5 5 4 5 5 5 5 6 5 5 6 6 5 6 6 6 6 5 6 7 7 7 7 6 7 7 8 8 7 6 8 8 8 5 6 8 7 7 7 7 6 6 6 6 6 5 5 5 4 3
1 2 2 2 3 3 3 3 3 4 4 4 4 5 5 4 5 5 5 5 6 5 5 6 6 5 6 6 6 6 5 6 7 7 7 7 8 7 7 8 8 7 6 6 6 6 7 8 8 7 7 7 7 6 6 6 6 6 5 5 5 4 3
1 2 2 2 3 3 3 3 3 4 4 4 4 5 5 4 5 5 5 5 6 5 5 6 6 5 6 6 6 6 5 6 7 7 7 7 8 7 7 8 8 7 6 6 6 8 7 8 8 7 7 7 7 6 6 6 6 6 5 5 5 4 3
1 2 2 2 3 3 3 3 3 4 4 4 4 5 5 4 5 5 5 5 6 5 5 6 6 5 6 6 6 6 5 6 7 7 7 7 8 7 7 8 8 7 6 8 6 8 7 6 8 7 7 7 5 6 6 6 6 6 5 5 5 4 3
1 2 2 2 3 3 3 3 3 4 4 4 4 5 5 4 5 5 5 5 6 5 5 6 6 5 6 6 6 6 5 6 7 7 7 7 8 7 7 8 8 7 6 8 6 8 7 8 8 7 7 7 5 6 6 6 6 6 5 5 5 4 3
1 2 2 2 3 3 3 3 3 4 4 4 4 5 5 4 5 5 5 5 6 5 5 6 6 5 6 6 6 6 5 6 7 7 7 7 8 7 7 8 8 7 6 8 6 8 7 8 8 7 7 7 7 6 6 6 6 6 5 5 5 4 3
1 2 2 2 3 3 3 3 3 4 4 4 4 5 5 4 5 5 5 5 6 5 5 6 6 5 6 6 6 6 7 4 7 7 7 7 6 7 7 6 6 5 6 8 8 8 7 8 8 7 7 7 7 6 6 6 6 6 5 5 5 4 3
1 2 2 2 3 3 3 3 3 4 4 4 4 5 5 4 5 5 5 5 6 5 5 6 6 5 6 6 6 6 7 4 7 7 7 7 6 7 7 6 8 5 8 8 6 8 7 6 8 7 7 7 7 6 6 6 6 6 5 5 5 4 3
1 2 2 2 3 3 3 3 3 4 4 4 4 5 5 4 5 5 5 5 6 5 5 6 6 5 6 6 6 6 7 4 7 7 7 7 6 7 7 6 8 5 8 8 6 8 7 8 6 7 7 7 7 6 6 6 6 6 5 5 5 4 3
1 2 2 2 3 3 3 3 3 4 4 4 4 5 5 4 5 5 5 5 6 5 5 6 6 5 6 6 6 6 7 4 7 7 7 7 6 7 7 6 8 5 8 8 6 8 7 8 8 7 7 7 7 6 6 6 6 6 5 5 5 4 3
1 2 2 2 3 3 3 3 3 4 4 4 4 5 5 4 5 5 5 5 6 5 5 6 6 5 6 6 6 6 7 4 7 7 7 7 6 7 7 6 8 5 8 8 8 8 7 8 8 7 7 7 7 6 6 6 6 6 5 5 5 4 3
1 2 2 2 3 3 3 3 3 4 4 4 4 5 5 4 5 5 5 5 6 5 5 6 6 5 6 6 6 6 7 6 5 5 7 7 6 7 7 8 6 7 6 6 6 6 7 8 8 7 7 7 7 6 6 6 6 6 5 5 5 4 3
1 2 2 2 3 3 3 3 3 4 4 4 4 5 5 4 5 5 5 5 6 5 5 6 6 5 6 6 6 6 7 6 5 5 7 7 6 7 7 8 6 7 6 6 6 8 5 8 8 7 7 7 7 6 6 6 6 6 5 5 5 4 3
1 2 2 2 3 3 3 3 3 4 4 4 4 5 5 4 5 5 5 5 6 5 5 6 6 5 6 6 6 6 7 6 5 5 7 7 6 7 7 8 6 7 6 6 8 8 7 6 6 7 7 7 7 6 6 6 6 6 5 5 5 4 3
1 2 2 2 3 3 3 3 3 4 4 4 4 5 5 4 5 5 5 5 6 5 5 6 6 5 6 6 6 6 7 6 5 5 7 7 6 7 7 8 8 5 6 6 6 6 7 8 8 7 7 7 7 6 6 6 6 6 5 5 5 4 3
1 2 2 2 3 3 3 3 3 4 4 4 4 5 5 4 5 5 5 5 6 5 5 6 6 5 6 6 6 6 7 6 5 5 7 7 6 7 7 8 8 5 6 6 8 8 7 8 8 7 7 7 7 6 6 6 6 6 5 5 5 4 3
1 2 2 2 3 3 3 3 3 4 4 4 4 5 5 4 5 5 5 5 6 5 5 6 6 5 6 6 6 6 7 6 5 5 7 7 6 7 7 8 8 7 4 6 8 8 7 8 8 7 7 7 7 6 6 6 6 6 5 5 5 4 3
1 2 2 2 3 3 3 3 3 4 4 4 4 5 5 4 5 5 5 5 6 5 5 6 6 5 6 6 6 6 7 6 5 5 7 7 6 7 7 8 8 7 6 6 6 6 7 8 8 7 7 7 7 6 6 6 6 6 5 5 5 4 3
1 2 2 2 3 3 3 3 3 4 4 4 4 5 5 4 5 5 5 5 6 5 5 6 6 5 6 6 6 6 7 6 5 5 7 7 6 7 7 8 8 7 6 6 6 8 5 8 6 7 7 7 7 6 6 6 6 6 5 5 5 4 3
1 2 2 2 3 3 3 3 3 4 4 4 4 5 5 4 5 5 5 5 6 5 5 6 6 5 6 6 6 6 7 6 5 5 7 7 6 7 7 8 8 7 6 6 6 8 5 8 8 7 7 7 7 6 6 6 6 6 5 5 5 4 3
1 2 2 2 3 3 3 3 3 4 4 4 4 5 5 4 5 5 5 5 6 5 5 6 6 5 6 6 6 6 7 6 5 5 7 7 6 7 7 8 8 7 6 6 6 8 7 8 6 7 7 7 7 6 6 6 6 6 5 5 5 4 3
1 2 2 2 3 3 3 3 3 4 4 4 4 5 5 4 5 5 5 5 6 5 5 6 6 5 6 6 6 6 7 6 5 5 7 7 6 7 7 8 8 7 6 6 6 8 7 8 8 7 7 7 7 6 6 6 6 6 5 5 5 4 3
1 2 2 2 3 3 3 3 3 4 4 4 4 5 5 4 5 5 5 5 6 5 5 6 6 5 6 6 6 6 7 6 5 5 7 7 6 7 7 8 8 7 6 6 8 8 5 6 6 7 7 7 7 6 6 6 6 6 5 5 5 4 3
1 2 2 2 3 3 3 3 3 4 4 4 4 5 5 4 5 5 5 5 6 5 5 6 6 5 6 6 6 6 7 6 5 5 7 7 6 7 7 8 8 7 6 6 8 8 5 6 8 7 7 7 7 6 6 6 6 6 5 5 5 4 3
1 2 2 2 3 3 3 3 3 4 4 4 4 5 5 4 5 5 5 5 6 5 5 6 6 5 6 6 6 6 7 6 5 5 7 7 6 7 7 8 8 7 6 6 8 8 5 8 8 7 7 7 7 6 6 6 6 6 5 5 5 4 3
1 2 2 2 3 3 3 3 3 4 4 4 4 5 5 4 5 5 5 5 6 5 5 6 6 5 6 6 6 6 7 6 5 5 7 7 6 7 7 8 8 7 6 6 8 8 7 6 8 7 7 7 7 6 6 6 6 6 5 5 5 4 3
1 2 2 2 3 3 3 3 3 4 4 4 4 5 5 4 5 5 5 5 6 5 5 6 6 5 6 6 6 6 7 6 5 5 7 7 6 7 7 8 8 7 6 6 8 8 7 8 8 7 7 7 7 6 6 6 6 6 5 5 5 4 3
1 2 2 2 3 3 3 3 3 4 4 4 4 5 5 4 5 5 5 5 6 5 5 6 6 5 6 6 6 6 7 6 5 5 7 7 8 7 7 8 8 5 6 6 6 8 7 8 8 7 7 7 7 6 6 6 6 6 5 5 5 4 3
1 2 2 2 3 3 3 3 3 4 4 4 4 5 5 4 5 5 5 5 6 5 5 6 6 5 6 6 6 6 7 6 5 5 7 7 8 7 7 8 8 7 4 6 8 6 7 8 8 7 7 7 7 6 6 6 6 6 5 5 5 4 3
1 2 2 2 3 3 3 3 3 4 4 4 4 5 5 4 5 5 5 5 6 5 5 6 6 5 6 6 6 6 7 6 5 5 7 7 8 7 7 8 8 7 4 6 8 8 7 8 8 7 7 7 7 6 6 6 6 6 5 5 5 4 3
1 2 2 2 3 3 3 3 3 4 4 4 4 5 5 4 5 5 5 5 6 5 5 6 6 5 6 6 6 6 7 6 5 5 7 7 8 7 7 8 8 7 6 6 6 6 7 6 6 7 7 7 7 6 6 6 6 6 5 5 5 4 3
1 2 2 2 3 3 3 3 3 4 4 4 4 5 5 4 5 5 5 5 6 5 5 6 6 5 6 6 6 6 7 6 5 5 7 7 8 7 7 8 8 7 6 6 6 8 7 8 8 7 7 7 7 6 6 6 6 6 5 5 5 4 3
1 2 2 2 3 3 3 3 3 4 4 4 4 5 5 4 5 5 5 5 6 5 5 6 6 5 6 6 6 6 7 6 5 5 7 7 8 7 7 8 8 7 6 6 8 8 7 8 8 7 7 7 7 6 6 6 6 6 5 5 5 4 3
1 2 2 2 3 3 3 3 3 4 4 4 4 5 5 4 5 5 5 5 6 5 5 6 6 5 6 6 6 6 7 6 5 7 7 5 6 7 7 6 8 7 6 6 8 6 5 6 8 7 7 7 7 6 6 6 6 6 5 5 5 4 3
1 2 2 2 3 3 3 3 3 4 4 4 4 5 5 4 5 5 5 5 6 5 5 6 6 5 6 6 6 6 7 6 5 7 7 5 6 7 7 6 8 7 6 6 8 6 5 8 8 7 7 7 7 6 6 6 6 6 5 5 5 4 3
1 2 2 2 3 3 3 3 3 4 4 4 4 5 5 4 5 5 5 5 6 5 5 6 6 5 6 6 6 6 7 6 5 7 7 5 6 7 7 6 8 7 6 6 8 6 7 6 8 7 7 7 7 6 6 6 6 6 5 5 5 4 3
1 2 2 2 3 3 3 3 3 4 4 4 4 5 5 4 5 5 5 5 6 5 5 6 6 5 6 6 6 6 7 6 5 7 7 5 6 7 7 6 8 7 6 6 8 6 7 8 8 7 7 7 7 6 6 6 6 6 5 5 5 4 3
1 2 2 2 3 3 3 3 3 4 4 4 4 5 5 4 5 5 5 5 6 5 5 6 6 5 6 6 6 6 7 6 5 7 7 5 6 7 7 6 8 7 6 8 6 6 5 8 8 7 7 7 7 6 6 6 6 6 5 5 5 4 3
1 2 2 2 3 3 3 3 3 4 4 4 4 5 5 4 5 5 5 5 6 5 5 6 6 5 6 6 6 6 7 6 5 7 7 5 6 7 7 6 8 7 6 8 6 6 7 6 8 7 7 7 7 6 6 6 6 6 5 5 5 4 3
1 2 2 2 3 3 3 3 3 4 4 4 4 5 5 4 5 5 5 5 6 5 5 6 6 5 6 6 6 6 7 6 5 7 7 5 6 7 7 6 8 7 6 8 6 6 7 8 8 7 7 7 7 6 6 6 6 6 5 5 5 4 3
1 2 2 2 3 3 3 3 3 4 4 4 4 5 5 4 5 5 5 5 6 5 5 6 6 5 6 6 6 6 7 6 5 7 7 5 6 7 7 6 8 7 6 8 8 6 5 8 8 7 7 7 7 6 6 6 6 6 5 5 5 4 3
1 2 2 2 3 3 3 3 3 4 4 4 4 5 5 4 5 5 5 5 6 5 5 6 6 5 6 6 6 6 7 6 5 7 7 5 6 7 7 6 8 7 6 8 8 6 7 6 8 7 7 7 7 6 6 6 6 6 5 5 5 4 3
1 2 2 2 3 3 3 3 3 4 4 4 4 5 5 4 5 5 5 5 6 5 5 6 6 5 6 6 6 6 7 6 5 7 7 5 6 7 7 6 8 7 6 8 8 6 7 8 8 7 7 7 7 6 6 6 6 6 5 5 5 4 3
1 2 2 2 3 3 3 3 3 4 4 4 4 5 5 4 5 5 5 5 6 5 5 6 6 5 6 6 6 6 7 6 5 7 7 5 6 7 7 8 8 7 6 6 8 6 7 6 8 7 7 7 7 6 6 6 6 6 5 5 5 4 3
1 2 2 2 3 3 3 3 3 4 4 4 4 5 5 4 5 5 5 5 6 5 5 6 6 5 6 6 6 6 7 6 5 7 7 5 6 7 7 8 8 7 6 6 8 6 7 8 6 7 7 7 7 6 6 6 6 6 5 5 5 4 3
1 2 2 2 3 3 3 3 3 4 4 4 4 5 5 4 5 5 5 5 6 5 5 6 6 5 6 6 6 6 7 6 5 7 7 5 6 7 7 8 8 7 6 8 8 6 7 6 8 7 7 7 7 6 6 6 6 6 5 5 5 4 3
1 2 2 2 3 3 3 3 3 4 4 4 4 5 5 4 5 5 5 5 6 5 5 6 6 5 6 6 6 6 7 6 5 7 7 5 6 7 7 8 8 7 6 8 8 6 7 8 8 7 7 7 7 6 6 6 6 6 5 5 5 4 3
1 2 2 2 3 3 3 3 3 4 4 4 4 5 5 4 5 5 5 5 6 5 5 6 6 5 6 6 6 6 7 6 5 7 7 5 8 7 7 6 6 7 6 8 8 6 7 6 8 7 7 7 7 6 6 6 6 6 5 5 5 4 3
1 2 2 2 3 3 3 3 3 4 4 4 4 5 5 4 5 5 5 5 6 5 5 6 6 5 6 6 6 6 7 6 5 7 7 5 8 7 7 6 6 7 6 8 8 6 7 8 8 7 7 7 7 6 6 6 6 6 5 5 5 4 3
1 2 2 2 3 3 3 3 3 4 4 4 4 5 5 4 5 5 5 5 6 5 5 6 6 5 6 6 6 6 7 6 5 7 7 5 8 7 7 6 8 7 6 6 8 6 7 6 8 7 7 7 7 6 6 6 6 6 5 5 5 4 3
1 2 2 2 3 3 3 3 3 4 4 4 4 5 5 4 5 5 5 5 6 5 5 6 6 5 6 6 6 6 7 6 5 7 7 5 8 7 7 6 8 7 6 6 8 6 7 8 8 7 7 7 7 6 6 6 6 6 5 5 5 4 3
1 2 2 2 3 3 3 3 3 4 4 4 4 5 5 4 5 5 5 5 6 5 5 6 6 5 6 6 6 6 7 6 5 7 7 5 8 7 7 6 8 7 6 8 6 6 7 8 6 7 7 7 7 6 6 6 6 6 5 5 5 4 3
1 2 2 2 3 3 3 3 3 4 4 4 4 5 5 4 5 5 5 5 6 5 5 6 6 5 6 6 6 6 7 6 5 7 7 5 8 7 7 6 8 7 6 8 8 6 7 6 6 7 7 7 7 6 6 6 6 6 5 5 5 4 3
1 2 2 2 3 3 3 3 3 4 4 4 4 5 5 4 5 5 5 5 6 5 5 6 6 5 6 6 6 6 7 6 5 7 7 5 8 7 7 6 8 7 6 8 8 6 7 6 8 7 7 7 7 6 6 6 6 6 5 5 5 4 3
1 2 2 2 3 3 3 3 3 4 4 4 4 5 5 4 5 5 5 5 6 5 5 6 6 5 6 6 6 6 7 6 5 7 7 5 8 7 7 6 8 7 6 8 8 6 7 8 6 7 7 7 7 6 6 6 6 6 5 5 5 4 3
1 2 2 2 3 3 3 3 3 4 4 4 4 5 5 4 5 5 5 5 6 5 5 6 6 5 6 6 6 6 7 6 5 7 7 5 8 7 7 6 8 7 6 8 8 6 7 8 8 7 7 7 7 6 6 6 6 6 5 5 5 4 3
1 2 2 2 3 3 3 3 3 4 4 4 4 5 5 4 5 5 5 5 6 5 5 6 6 5 6 6 6 6 7 6 5 7 7 5 8 7 7 8 8 7 6 6 8 6 7 6 6 7 7 7 7 6 6 6 6 6 5 5 5 4 3
1 2 2 2 3 3 3 3 3 4 4 4 4 5 5 4 5 5 5 5 6 5 5 6 6 5 6 6 6 6 7 6 5 7 7 5 8 7 7 8 8 7 6 6 8 6 7 6 8 7 7 7 7 6 6 6 6 6 5 5 5 4 3
1 2 2 2 3 3 3 3 3 4 4 4 4 5 5 4 5 5 5 5 6 5 5 6 6 5 6 6 6 6 7 6 5 7 7 5 8 7 7 8 8 7 6 6 8 6 7 8 8 7 7 7 7 6 6 6 6 6 5 5 5 4 3
1 2 2 2 3 3 3 3 3 4 4 4 4 5 5 4 5 5 5 5 6 5 5 6 6 5 6 6 6 6 7 6 5 7 7 5 8 7 7 8 8 7 6 8 8 6 7 6 6 7 7 7 7 6 6 6 6 6 5 5 5 4 3
1 2 2 2 3 3 3 3 3 4 4 4 4 5 5 4 5 5 5 5 6 5 5 6 6 5 6 6 6 6 7 6 5 7 7 5 8 7 7 8 8 7 6 8 8 6 7 6 8 7 7 7 7 6 6 6 6 6 5 5 5 4 3
1 2 2 2 3 3 3 3 3 4 4 4 4 5 5 4 5 5 5 5 6 5 5 6 6 5 6 6 6 6 7 6 5 7 7 5 8 7 7 8 8 7 6 8 8 6 7 8 8 7 7 7 7 6 6 6 6 6 5 5 5 4 3
1 2 2 2 3 3 3 3 3 4 4 4 4 5 5 4 5 5 5 5 6 5 5 6 6 5 6 6 6 6 7 6 5 7 7 5 8 7 7 8 8 7 6 8 8 6 9 8 8 9 9 7 7 8 8 8 8 8 7 7 7 6 5
1 2 2 2 3 3 3 3 3 4 4 4 4 5 5 4 5 5 5 5 6 5 5 6 6 5 6 6 6 6 7 6 5 7 7 7 6 7 7 6 6 7 6 6 6 6 7 8 8 7 7 7 7 6 6 6 6 6 5 5 5 4 3
1 2 2 2 3 3 3 3 3 4 4 4 4 5 5 4 5 5 5 5 6 5 5 6 6 5 6 6 6 6 7 6 5 7 7 7 6 7 7 6 6 7 6 8 6 6 7 8 8 7 7 7 7 6 6 6 6 6 5 5 5 4 3
1 2 2 2 3 3 3 3 3 4 4 4 4 5 5 4 5 5 5 5 6 5 5 6 6 5 6 6 6 6 7 6 5 7 7 7 6 7 7 6 8 5 6 6 8 8 7 8 8 7 7 7 7 6 6 6 6 6 5 5 5 4 3
1 2 2 2 3 3 3 3 3 4 4 4 4 5 5 4 5 5 5 5 6 5 5 6 6 5 6 6 6 6 7 6 5 7 7 7 6 7 7 6 8 5 6 8 8 8 7 8 8 7 7 7 7 6 6 6 6 6 5 5 5 4 3
1 2 2 2 3 3 3 3 3 4 4 4 4 5 5 4 5 5 5 5 6 5 5 6 6 5 6 6 6 6 7 6 5 7 7 7 6 7 7 6 8 7 4 6 8 8 7 8 8 7 7 7 7 6 6 6 6 6 5 5 5 4 3
1 2 2 2 3 3 3 3 3 4 4 4 4 5 5 4 5 5 5 5 6 5 5 6 6 5 6 6 6 6 7 6 5 7 7 7 6 7 7 6 8 7 4 8 8 8 7 8 8 7 7 7 7 6 6 6 6 6 5 5 5 4 3
1 2 2 2 3 3 3 3 3 4 4 4 4 5 5 4 5 5 5 5 6 5 5 6 6 5 6 6 6 6 7 6 5 7 7 7 6 7 7 6 8 7 6 6 6 6 7 8 8 7 7 7 7 6 6 6 6 6 5 5 5 4 3
1 2 2 2 3 3 3 3 3 4 4 4 4 5 5 4 5 5 5 5 6 5 5 6 6 5 6 6 6 6 7 6 5 7 7 7 6 7 7 6 8 7 6 6 6 8 7 6 8 7 7 7 7 6 6 6 6 6 5 5 5 4 3
1 2 2 2 3 3 3 3 3 4 4 4 4 5 5 4 5 5 5 5 6 5 5 6 6 5 6 6 6 6 7 6 5 7 7 7 6 7 7 6 8 7 6 6 8 6 7 8 8 7 7 7 7 6 6 6 6 6 5 5 5 4 3
1 2 2 2 3 3 3 3 3 4 4 4 4 5 5 4 5 5 5 5 6 5 5 6 6 5 6 6 6 6 7 6 5 7 7 7 6 7 7 6 8 7 6 8 6 6 7 6 6 7 7 7 7 6 6 6 6 6 5 5 5 4 3
1 2 2 2 3 3 3 3 3 4 4 4 4 5 5 4 5 5 5 5 6 5 5 6 6 5 6 6 6 6 7 6 5 7 7 7 6 7 7 6 8 7 6 8 6 6 7 6 8 7 7 7 7 6 6 6 6 6 5 5 5 4 3
1 2 2 2 3 3 3 3 3 4 4 4 4 5 5 4 5 5 5 5 6 5 5 6 6 5 6 6 6 6 7 6 5 7 7 7 6 7 7 6 8 7 6 8 6 6 7 8 8 7 7 7 7 6 6 6 6 6 5 5 5 4 3
1 2 2 2 3 3 3 3 3 4 4 4 4 5 5 4 5 5 5 5 6 5 5 6 6 5 6 6 6 6 7 6 5 7 7 7 6 7 7 6 8 7 6 8 6 8 7 6 8 7 7 7 7 6 6 6 6 6 5 5 5 4 3
1 2 2 2 3 3 3 3 3 4 4 4 4 5 5 4 5 5 5 5 6 5 5 6 6 5 6 6 6 6 7 6 5 7 7 7 6 7 7 6 8 7 6 8 6 8 7 8 6 7 7 7 7 6 6 6 6 6 5 5 5 4 3
1 2 2 2 3 3 3 3 3 4 4 4 4 5 5 4 5 5 5 5 6 5 5 6 6 5 6 6 6 6 7 6 5 7 7 7 6 7 7 6 8 7 6 8 6 8 7 8 8 7 7 7 7 6 6 6 6 6 5 5 5 4 3
1 2 2 2 3 3 3 3 3 4 4 4 4 5 5 4 5 5 5 5 6 5 5 6 6 5 6 6 6 6 7 6 5 7 7 7 6 7 7 6 8 7 6 8 8 6 7 8 8 7 7 7 7 6 6 6 6 6 5 5 5 4 3
1 2 2 2 3 3 3 3 3 4 4 4 4 5 5 4 5 5 5 5 6 5 5 6 6 5 6 6 6 6 7 6 5 7 7 7 6 7 7 6 8 7 6 8 8 8 7 8 8 7 7 7 7 6 6 6 6 6 5 5 5 4 3
1 2 2 2 3 3 3 3 3 4 4 4 4 5 5 4 5 5 5 5 6 5 5 6 6 5 6 6 6 6 7 6 5 7 7 7 6 7 7 8 6 5 6 8 6 6 7 8 8 7 7 7 7 6 6 6 6 6 5 5 5 4 3
1 2 2 2 3 3 3 3 3 4 4 4 4 5 5 4 5 5 5 5 6 5 5 6 6 5 6 6 6 6 7 6 5 7 7 7 6 7 7 8 6 5 6 8 6 8 7 8 6 7 7 7 7 6 6 6 6 6 5 5 5 4 3
1 2 2 2 3 3 3 3 3 4 4 4 4 5 5 4 5 5 5 5 6 5 5 6 6 5 6 6 6 6 7 6 5 7 7 7 6 7 7 8 6 5 6 8 8 8 7 6 8 7 7 7 7 6 6 6 6 6 5 5 5 4 3
1 2 2 2 3 3 3 3 3 4 4 4 4 5 5 4 5 5 5 5 6 5 5 6 6 5 6 6 6 6 7 6 5 7 7 7 6 7 7 8 6 5 6 8 8 8 7 8 6 7 7 7 7 6 6 6 6 6 5 5 5 4 3
1 2 2 2 3 3 3 3 3 4 4 4 4 5 5 4 5 5 5 5 6 5 5 6 6 5 6 6 6 6 7 6 5 7 7 7 6 7 7 8 6 5 6 8 8 8 7 8 8 7 7 7 7 6 6 6 6 6 5 5 5 4 3
1 2 2 2 3 3 3 3 3 4 4 4 4 5 5 4 5 5 5 5 6 5 5 6 6 5 6 6 6 6 7 6 5 7 7 7 6 7 7 8 6 7 4 8 8 6 7 8 8 7 7 7 7 6 6 6 6 6 5 5 5 4 3
1 2 2 2 3 3 3 3 3 4 4 4 4 5 5 4 5 5 5 5 6 5 5 6 6 5 6 6 6 6 7 6 5 7 7 7 6 7 7 8 6 7 4 8 8 8 7 8 6 7 7 7 7 6 6 6 6 6 5 5 5 4 3
1 2 2 2 3 3 3 3 3 4 4 4 4 5 5 4 5 5 5 5 6 5 5 6 6 5 6 6 6 6 7 6 5 7 7 7 6 7 7 8 6 7 4 8 8 8 7 8 8 7 7 7 7 6 6 6 6 6 5 5 5 4 3
1 2 2 2 3 3 3 3 3 4 4 4 4 5 5 4 5 5 5 5 6 5 5 6 6 5 6 6 6 6 7 6 5 7 7 7 6 7 7 8 6 7 6 8 6 6 7 8 8 7 7 7 7 6 6 6 6 6 5 5 5 4 3
1 2 2 2 3 3 3 3 3 4 4 4 4 5 5 4 5 5 5 5 6 5 5 6 6 5 6 6 6 6 7 6 5 7 7 7 6 7 7 8 6 7 6 8 6 8 7 6 8 7 7 7 7 6 6 6 6 6 5 5 5 4 3
1 2 2 2 3 3 3 3 3 4 4 4 4 5 5 4 5 5 5 5 6 5 5 6 6 5 6 6 6 6 7 6 5 7 7 7 6 7 7 8 6 7 6 8 6 8 7 8 6 7 7 7 7 6 6 6 6 6 5 5 5 4 3
1 2 2 2 3 3 3 3 3 4 4 4 4 5 5 4 5 5 5 5 6 5 5 6 6 5 6 6 6 6 7 6 5 7 7 7 6 7 7 8 6 7 6 8 6 8 7 8 8 7 7 7 7 6 6 6 6 6 5 5 5 4 3
1 2 2 2 3 3 3 3 3 4 4 4 4 5 5 4 5 5 5 5 6 5 5 6 6 5 6 6 6 6 7 6 5 7 7 7 6 7 7 8 6 7 6 8 8 6 7 8 8 7 7 7 7 6 6 6 6 6 5 5 5 4 3
1 2 2 2 3 3 3 3 3 4 4 4 4 5 5 4 5 5 5 5 6 5 5 6 6 5 6 6 6 6 7 6 5 7 7 7 6 7 7 8 6 7 6 8 8 8 7 6 8 7 7 7 7 6 6 6 6 6 5 5 5 4 3
1 2 2 2 3 3 3 3 3 4 4 4 4 5 5 4 5 5 5 5 6 5 5 6 6 5 6 6 6 6 7 6 5 7 7 7 6 7 7 8 6 7 6 8 8 8 7 8 6 7 7 7 7 6 6 6 6 6 5 5 5 4 3
1 2 2 2 3 3 3 3 3 4 4 4 4 5 5 4 5 5 5 5 6 5 5 6 6 5 6 6 6 6 7 6 5 7 7 7 6 7 7 8 6 7 6 8 8 8 7 8 8 7 7 7 7 6 6 6 6 6 5 5 5 4 3
1 2 2 2 3 3 3 3 3 4 4 4 4 5 5 4 5 5 5 5 6 5 5 6 6 5 6 6 6 6 7 6 5 7 7 7 6 7 7 8 8 5 6 6 8 8 7 6 8 7 7 7 7 6 6 6 6 6 5 5 5 4 3
1 2 2 2 3 3 3 3 3 4 4 4 4 5 5 4 5 5 5 5 6 5 5 6 6 5 6 6 6 6 7 6 5 7 7 7 6 7 7 8 8 5 6 8 6 6 7 6 8 7 7 7 7 6 6 6 6 6 5 5 5 4 3
1 2 2 2 3 3 3 3 3 4 4 4 4 5 5 4 5 5 5 5 6 5 5 6 6 5 6 6 6 6 7 6 5 7 7 7 6 7 7 8 8 5 6 8 6 8 7 6 8 7 7 7 7 6 6 6 6 6 5 5 5 4 3
1 2 2 2 3 3 3 3 3 4 4 4 4 5 5 4 5 5 5 5 6 5 5 6 6 5 6 6 6 6 7 6 5 7 7 7 6 7 7 8 8 5 6 8 8 8 7 6 8 7 7 7 7 6 6 6 6 6 5 5 5 4 3
1 2 2 2 3 3 3 3 3 4 4 4 4 5 5 4 5 5 5 5 6 5 5 6 6 5 6 6 6 6 7 6 5 7 7 7 6 7 7 8 8 5 6 8 8 8 7 8 6 7 7 7 7 6 6 6 6 6 5 5 5 4 3
1 2 2 2 3 3 3 3 3 4 4 4 4 5 5 4 5 5 5 5 6 5 5 6 6 5 6 6 6 6 7 6 5 7 7 7 6 7 7 8 8 7 6 6 6 8 7 6 8 7 7 7 7 6 6 6 6 6 5 5 5 4 3
1 2 2 2 3 3 3 3 3 4 4 4 4 5 5 4 5 5 5 5 6 5 5 6 6 5 6 6 6 6 7 6 5 7 7 7 6 7 7 8 8 7 6 8 6 8 7 6 8 7 7 7 7 6 6 6 6 6 5 5 5 4 3
1 2 2 2 3 3 3 3 3 4 4 4 4 5 5 4 5 5 5 5 6 5 5 6 6 5 6 6 6 6 7 6 5 7 7 7 8 7 7 8 6 5 6 8 6 8 7 6 8 7 7 7 7 6 6 6 6 6 5 5 5 4 3
1 2 2 2 3 3 3 3 3 4 4 4 4 5 5 4 5 5 5 5 6 5 5 6 6 5 6 6 6 6 7 6 5 7 7 7 8 7 7 8 6 5 6 8 8 8 7 8 8 7 7 7 7 6 6 6 6 6 5 5 5 4 3
1 2 2 2 3 3 3 3 3 4 4 4 4 5 5 4 5 5 5 5 6 5 5 6 6 5 6 6 6 6 7 6 5 7 7 7 8 7 7 8 8 5 6 8 6 8 7 8 8 7 7 7 7 6 6 6 6 6 5 5 5 4 3
1 2 2 2 3 3 3 3 3 4 4 4 4 5 5 4 5 5 5 5 6 5 5 6 6 5 6 6 6 6 7 6 7 7 7 7 6 7 7 6 6 5 6 8 6 8 7 8 8 7 7 7 7 6 6 6 6 6 5 5 5 4 3
1 2 2 2 3 3 3 3 3 4 4 4 4 5 5 4 5 5 5 5 6 5 5 6 6 5 6 6 6 6 7 6 7 7 7 7 6 7 7 6 6 5 6 8 8 6 7 8 8 7 7 7 7 6 6 6 6 6 5 5 5 4 3
1 2 2 2 3 3 3 3 3 4 4 4 4 5 5 4 5 5 5 5 6 5 5 6 6 5 6 6 6 6 7 6 7 7 7 7 6 7 7 6 6 5 6 8 8 8 7 8 8 7 7 7 7 6 6 6 6 6 5 5 5 4 3
1 2 2 2 3 3 3 3 3 4 4 4 4 5 5 4 5 5 5 5 6 5 5 6 6 5 6 6 6 6 7 6 7 7 7 7 6 7 7 6 6 7 6 8 6 8 7 8 8 7 7 7 7 6 6 6 6 6 5 5 5 4 3
1 2 2 2 3 3 3 3 3 4 4 4 4 5 5 4 5 5 5 5 6 5 5 6 6 5 6 6 6 6 7 6 7 7 7 7 6 7 7 6 8 5 6 6 6 8 7 8 8 7 7 7 7 6 6 6 6 6 5 5 5 4 3
1 2 2 2 3 3 3 3 3 4 4 4 4 5 5 4 5 5 5 5 6 5 5 6 6 5 6 6 6 6 7 6 7 7 7 7 6 7 7 6 8 5 6 6 8 8 7 8 8 7 7 7 7 6 6 6 6 6 5 5 5 4 3
1 2 2 2 3 3 3 3 3 4 4 4 4 5 5 4 5 5 5 5 6 5 5 6 6 5 6 6 6 6 7 6 7 7 7 7 6 7 7 6 8 5 6 8 8 6 7 8 6 7 7 7 7 6 6 6 6 6 5 5 5 4 3
1 2 2 2 3 3 3 3 3 4 4 4 4 5 5 4 5 5 5 5 6 5 5 6 6 5 6 6 6 6 7 6 7 7 7 7 6 7 7 6 8 5 6 8 8 8 7 8 8 7 7 7 7 6 6 6 6 6 5 5 5 4 3
1 2 2 2 3 3 3 3 3 4 4 4 4 5 5 4 5 5 5 5 6 5 5 6 6 5 6 6 6 6 7 6 7 7 7 7 6 7 7 6 8 5 8 8 6 8 7 6 8 7 7 7 7 6 6 6 6 6 5 5 5 4 3
1 2 2 2 3 3 3 3 3 4 4 4 4 5 5 4 5 5 5 5 6 5 5 6 6 5 6 6 6 6 7 6 7 7 7 7 6 7 7 6 8 5 8 8 6 8 7 8 6 7 7 7 7 6 6 6 6 6 5 5 5 4 3
1 2 2 2 3 3 3 3 3 4 4 4 4 5 5 4 5 5 5 5 6 5 5 6 6 5 6 6 6 6 7 6 7 7 7 7 6 7 7 6 8 5 8 8 6 8 7 8 8 7 7 7 7 6 6 6 6 6 5 5 5 4 3
1 2 2 2 3 3 3 3 3 4 4 4 4 5 5 4 5 5 5 5 6 5 5 6 6 5 6 6 6 6 7 6 7 7 7 7 6 7 7 6 8 5 8 8 8 8 7 8 8 7 7 7 7 6 6 6 6 6 5 5 5 4 3
1 2 2 2 3 3 3 3 3 4 4 4 4 5 5 4 5 5 5 5 6 5 5 6 6 5 6 6 6 6 7 6 7 7 7 7 6 7 7 6 8 7 6 6 6 8 7 8 8 7 7 7 7 6 6 6 6 6 5 5 5 4 3
1 2 2 2 3 3 3 3 3 4 4 4 4 5 5 4 5 5 5 5 6 5 5 6 6 5 6 6 6 6 7 6 7 7 7 7 6 7 7 6 8 7 6 8 6 8 7 8 8 7 7 7 7 6 6 6 6 6 5 5 5 4 3
1 2 2 2 3 3 3 3 3 4 4 4 4 5 5 4 5 5 5 5 6 5 5 6 6 5 6 6 6 6 7 6 7 7 7 7 6 7 7 6 8 7 6 8 8 6 7 8 8 7 7 7 7 6 6 6 6 6 5 5 5 4 3
1 2 2 2 3 3 3 3 3 4 4 4 4 5 5 4 5 5 5 5 6 5 5 6 6 5 6 6 6 6 7 6 7 7 7 7 6 7 7 6 8 7 6 8 8 8 7 8 8 7 7 7 7 6 6 6 6 6 5 5 5 4 3
1 2 2 2 3 3 3 3 3 4 4 4 4 5 5 4 5 5 5 5 6 5 5 6 6 5 6 6 6 6 7 6 7 7 7 7 6 7 7 6 8 7 8 8 6 8 7 6 8 7 7 7 7 6 6 6 6 6 5 5 5 4 3
1 2 2 2 3 3 3 3 3 4 4 4 4 5 5 4 5 5 5 5 6 5 5 6 6 5 6 6 6 6 7 6 7 7 7 7 6 7 7 6 8 7 8 8 6 8 7 8 6 7 7 7 7 6 6 6 6 6 5 5 5 4 3
1 2 2 2 3 3 3 3 3 4 4 4 4 5 5 4 5 5 5 5 6 5 5 6 6 5 6 6 6 6 7 6 7 7 7 7 6 7 7 6 8 7 8 8 6 8 7 8 8 7 7 7 7 6 6 6 6 6 5 5 5 4 3
1 2 2 2 3 3 3 3 3 4 4 4 4 5 5 4 5 5 5 5 6 5 5 6 6 5 6 6 6 6 7 6 7 7 7 7 6 7 7 6 8 7 8 8 8 8 7 8 8 7 7 7 7 6 6 6 6 6 5 5 5 4 3
1 2 2 2 3 3 3 3 3 4 4 4 4 5 5 4 5 5 5 5 6 5 5 6 6 5 6 6 6 6 7 6 7 7 7 7 6 7 7 8 8 5 6 6 8 8 7 8 8 7 7 7 7 6 6 6 6 6 5 5 5 4 3
1 2 2 2 3 3 3 3 3 4 4 4 4 5 5 4 5 5 5 5 6 5 5 6 6 5 6 6 6 6 7 6 7 7 7 7 6 7 7 8 8 5 6 8 8 8 7 8 8 7 7 7 7 6 6 6 6 6 5 5 5 4 3
1 2 2 2 3 3 3 3 3 4 4 4 4 5 5 4 5 5 5 5 6 5 5 6 6 5 6 6 6 6 7 6 7 7 7 7 6 7 7 8 8 5 8 8 8 8 7 6 8 7 7 7 7 6 6 6 6 6 5 5 5 4 3
1 2 2 2 3 3 3 3 3 4 4 4 4 5 5 4 5 5 5 5 6 5 5 6 6 5 6 6 6 6 7 6 7 7 7 7 6 7 7 8 8 5 8 8 8 8 7 8 8 7 7 7 7 6 6 6 6 6 5 5 5 4 3
1 2 2 2 3 3 3 3 3 4 4 4 4 5 5 4 5 5 5 5 6 5 5 6 6 5 6 6 6 6 7 6 7 7 7 7 8 7 7 8 8 7 6 6 8 8 9 8 8 9 9 9 9 8 6 8 8 8 7 7 7 6 5
1 2 2 2 3 3 3 3 3 4 4 4 4 5 5 4 5 5 5 5 6 5 5 6 6 5 6 6 6 6 7 6 7 7 7 7 8 7 7 8 8 7 6 6 8 8 9 8 8 9 9 9 9 8 8 8 8 8 7 7 7 6 5
1 2 2 2 3 4 3 3 3 4 5 4 4 5 6 4 5 6 5 6 7 5 5 4 7 5 6 7 6 7 6 6 7 8 7 8 7 7 8 9 9 7 6 7 6 9 6 8 9 8 8 9 8 7 7 7 8 7 6 6 6 5 4
1 2 2 2 3 4 3 3 3 4 5 4 4 5 6 4 5 6 5 6 7 5 5 4 7 5 6 7 6 7 8 6 7 6 7 8 7 7 8 9 9 7 6 7 6 9 6 8 9 8 8 9 8 7 7 7 8 7 6 6 6 5 4
1 2 2 2 3 4 3 3 3 4 5 4 4 5 6 4 5 6 5 6 7 5 5 4 7 5 6 7 6 7 8 6 7 8 7 8 7 7 6 7 7 7 6 7 6 7 6 8 7 8 8 9 8 7 7 7 8 7 6 6 6 5 4
1 2 2 2 3 4 3 3 3 4 5 4 4 5 6 4 5 6 5 6 7 5 5 4 7 5 6 7 6 7 8 6 7 8 7 8 7 7 8 7 9 7 6 7 6 9 6 8 9 8 8 9 8 7 7 7 8 7 6 6 6 5 4
1 2 2 2 3 4 3 3 3 4 5 4 4 5 6 4 5 6 5 6 7 5 5 4 7 5 6 7 6 7 8 6 7 8 7 8 9 7 8 7 7 7 6 9 6 9 8 8 9 8 8 9 8 7 7 7 8 7 6 6 6 5 4
1 2 2 2 3 4 3 3 3 4 5 4 4 5 6 4 5 6 5 6 7 5 5 6 5 5 6 5 6 7 8 6 7 6 7 8 9 7 8 9 9 7 6 5 8 7 8 8 7 8 8 9 8 7 7 7 8 7 6 6 6 5 4
1 2 2 2 3 4 3 3 3 4 5 4 4 5 6 4 5 6 5 6 7 5 5 6 5 5 6 7 6 7 8 6 5 6 7 8 9 7 8 9 9 7 6 5 8 7 8 8 9 8 8 7 8 7 7 7 8 7 6 6 6 5 4
1 2 2 2 3 4 3 3 3 4 5 4 4 5 6 4 5 6 5 6 7 5 5 6 5 5 6 7 6 7 8 6 5 8 7 8 7 7 8 9 9 7 6 7 8 7 6 8 7 8 8 7 8 7 7 7 8 7 6 6 6 5 4
1 2 2 2 3 4 3 3 3 4 5 4 4 5 6 4 5 6 5 6 7 5 5 6 5 5 6 7 6 7 8 6 7 6 7 8 9 7 8 7 9 7 6 5 8 7 8 8 9 8 8 9 8 7 7 7 8 7 6 6 6 5 4
1 2 2 2 3 4 3 3 3 4 5 4 4 5 6 4 5 6 5 6 7 5 5 6 5 5 6 7 6 7 8 6 7 8 7 8 9 7 6 7 9 7 6 7 8 7 8 8 7 8 8 9 8 7 7 7 8 7 6 6 6 5 4
1 2 2 2 3 4 3 3 3 4 5 4 4 5 6 4 5 6 5 6 7 5 5 6 7 5 6 7 6 7 6 4 7 8 7 8 7 7 8 7 9 5 8 9 8 9 6 8 9 6 8 7 8 7 7 7 8 7 6 6 6 5 4
1 2 2 2 3 4 3 3 3 4 5 4 4 5 6 4 5 6 5 6 7 5 5 6 7 5 6 7 6 7 6 4 7 8 7 8 7 7 8 9 9 5 8 7 8 9 6 8 9 8 8 7 8 7 7 7 8 7 6 6 6 5 4
1 2 2 2 3 4 3 3 3 4 5 4 4 5 6 4 5 6 5 6 7 5 5 6 7 5 6 7 6 7 6 4 7 8 7 8 9 7 8 9 9 5 8 7 8 7 8 8 9 8 8 7 8 7 7 7 8 7 6 6 6 5 4
1 2 2 2 3 4 3 3 3 4 5 4 4 5 6 4 5 6 5 6 7 5 5 6 7 5 6 7 6 7 6 6 5 6 7 8 7 7 8 9 9 7 6 7 8 9 6 8 9 8 8 7 8 7 7 7 8 7 6 6 6 5 4
1 2 2 2 3 4 3 3 3 4 5 4 4 5 6 4 5 6 5 6 7 5 5 6 7 5 6 7 6 7 6 6 5 8 7 6 7 7 8 9 9 7 6 9 8 7 6 8 9 8 8 7 8 7 7 7 8 7 6 6 6 5 4
1 2 2 2 3 4 3 3 3 4 5 4 4 5 6 4 5 6 5 6 7 5 5 6 7 5 6 7 6 7 6 6 5 8 7 6 9 7 8 9 7 7 6 9 8 7 8 8 9 8 6 7 8 7 7 7 8 7 6 6 6 5 4
1 2 2 2 3 4 3 3 3 4 5 4 4 5 6 4 5 6 5 6 7 5 5 6 7 5 6 7 6 7 6 6 5 8 7 6 9 7 8 9 9 7 6 9 8 7 8 8 7 8 8 7 8 7 7 7 8 7 6 6 6 5 4
1 2 2 2 3 4 3 3 3 4 5 4 4 5 6 4 5 6 5 6 7 5 5 6 7 5 6 7 6 7 6 6 5 8 7 8 7 7 8 9 9 7 6 7 8 9 6 8 7 8 8 7 8 7 7 7 8 7 6 6 6 5 4
1 2 2 2 3 4 3 3 3 4 5 4 4 5 6 4 5 6 5 6 7 5 5 6 7 5 6 7 6 7 6 6 5 8 7 8 7 7 8 9 9 7 6 7 8 9 6 8 9 8 8 7 8 7 7 7 8 7 6 6 6 5 4
1 2 2 2 3 4 3 3 3 4 5 4 4 5 6 4 5 6 5 6 7 5 5 6 7 5 6 7 6 7 6 6 5 8 7 8 7 7 8 9 9 7 6 9 8 7 6 8 7 8 8 7 8 7 7 7 8 7 6 6 6 5 4
1 2 2 2 3 4 3 3 3 4 5 4 4 5 6 4 5 6 5 6 7 5 5 6 7 5 6 7 6 7 6 6 5 8 7 8 7 7 8 9 9 7 6 9 8 7 6 8 9 8 8 7 8 7 7 7 8 7 6 6 6 5 4
1 2 2 2 3 4 3 3 3 4 5 4 4 5 6 4 5 6 5 6 7 5 5 6 7 5 6 7 6 7 6 6 5 8 7 8 9 7 8 9 7 7 6 9 8 7 8 8 9 8 6 7 8 7 7 7 8 7 6 6 6 5 4
1 2 2 2 3 4 3 3 3 4 5 4 4 5 6 4 5 6 5 6 7 5 5 6 7 5 6 7 6 7 6 6 5 8 7 8 9 7 8 9 9 7 6 7 8 7 8 8 9 8 8 7 8 7 7 7 8 7 6 6 6 5 4
1 2 2 2 3 4 3 3 3 4 5 4 4 5 6 4 5 6 5 6 7 5 5 6 7 5 6 7 6 7 6 6 5 8 7 8 9 7 8 9 9 7 6 9 8 7 8 8 7 8 8 7 8 7 7 7 8 7 6 6 6 5 4
1 2 2 2 3 4 3 3 3 4 5 4 4 5 6 4 5 6 5 6 7 5 5 6 7 5 6 7 6 7 6 6 7 6 7 6 9 7 8 9 9 7 6 7 8 7 8 8 9 8 8 9 6 7 7 7 8 7 6 6 6 5 4
1 2 2 2 3 4 3 3 3 4 5 4 4 5 6 4 5 6 5 6 7 5 5 6 7 5 6 7 6 7 6 6 7 6 7 6 9 7 8 9 9 7 8 7 8 7 8 6 9 8 8 9 6 7 7 7 8 7 6 6 6 5 4
1 2 2 2 3 4 3 3 3 4 5 4 4 5 6 4 5 6 5 6 7 5 5 6 7 5 6 7 6 7 6 6 7 6 7 8 7 7 8 7 9 7 6 7 8 9 6 8 9 6 8 9 8 7 7 7 8 7 6 6 6 5 4
1 2 2 2 3 4 3 3 3 4 5 4 4 5 6 4 5 6 5 6 7 5 5 6 7 5 6 7 6 7 6 6 7 6 7 8 7 7 8 9 9 7 6 7 8 9 6 8 9 8 8 9 6 7 7 7 8 7 6 6 6 5 4
1 2 2 2 3 4 3 3 3 4 5 4 4 5 6 4 5 6 5 6 7 5 5 6 7 5 6 7 6 7 6 6 7 6 7 8 7 7 8 9 9 7 6 7 8 9 6 8 9 8 8 9 8 7 7 7 8 7 6 6 6 5 4
1 2 2 2 3 4 3 3 3 4 5 4 4 5 6 4 5 6 5 6 7 5 5 6 7 5 6 7 6 7 6 6 7 6 7 8 7 7 8 9 9 7 8 7 6 9 6 8 9 8 8 9 6 7 7 7 8 7 6 6 6 5 4
1 2 2 2 3 4 3 3 3 4 5 4 4 5 6 4 5 6 5 6 7 5 5 6 7 5 6 7 6 7 6 6 7 6 7 8 7 7 8 9 9 7 8 7 6 9 6 8 9 8 8 9 8 7 7 7 8 7 6 6 6 5 4
1 2 2 2 3 4 3 3 3 4 5 4 4 5 6 4 5 6 5 6 7 5 5 6 7 5 6 7 6 7 6 6 7 8 7 8 7 7 8 7 9 7 6 9 8 7 6 8 9 6 8 9 8 7 7 7 8 7 6 6 6 5 4
1 2 2 2 3 4 3 3 3 4 5 4 4 5 6 4 5 6 5 6 7 5 5 6 7 5 6 7 6 7 6 6 7 8 7 8 7 7 8 7 9 7 6 9 8 9 6 8 9 6 8 9 8 7 7 7 8 7 6 6 6 5 4
1 2 2 2 3 4 3 3 3 4 5 4 4 5 6 4 5 6 5 6 7 5 5 6 7 5 6 7 6 7 6 6 7 8 7 8 7 7 8 7 9 7 8 7 6 9 6 8 9 6 8 9 8 7 7 7 8 7 6 6 6 5 4
1 2 2 2 3 4 3 3 3 4 5 4 4 5 6 4 5 6 5 6 7 5 5 6 7 5 6 7 6 7 6 6 7 8 7 8 9 7 8 9 9 7 8 7 8 7 8 8 9 8 8 9 8 7 7 7 8 7 6 6 6 5 4
1 2 2 2 3 4 3 3 3 4 5 4 4 5 6 4 5 6 5 6 7 5 5 6 7 5 6 7 6 7 8 4 7 8 7 8 7 7 8 7 7 5 8 9 8 9 8 8 9 8 8 7 8 7 7 7 8 7 6 6 6 5 4
1 2 2 2 3 4 3 3 3 4 5 4 4 5 6 4 5 6 5 6 7 5 5 6 7 5 6 7 6 7 8 4 7 8 7 8 7 7 8 7 9 5 8 9 8 9 8 8 9 8 8 7 8 7 7 7 8 7 6 6 6 5 4
1 2 2 2 3 4 3 3 3 4 5 4 4 5 6 4 5 6 5 6 7 5 5 6 7 5 6 7 6 7 8 6 5 6 7 8 7 7 8 9 9 7 6 5 8 9 8 8 9 8 8 7 8 7 7 7 8 7 6 6 6 5 4
1 2 2 2 3 4 3 3 3 4 5 4 4 5 6 4 5 6 5 6 7 5 5 6 7 5 6 7 6 7 8 6 5 6 7 8 7 7 8 9 9 7 6 7 8 7 8 8 9 8 8 7 8 7 7 7 8 7 6 6 6 5 4
1 2 2 2 3 4 3 3 3 4 5 4 4 5 6 4 5 6 5 6 7 5 5 6 7 5 6 7 6 7 8 6 5 6 7 8 7 7 8 9 9 7 6 7 8 9 6 8 7 8 8 7 8 7 7 7 8 7 6 6 6 5 4
1 2 2 2 3 4 3 3 3 4 5 4 4 5 6 4 5 6 5 6 7 5 5 6 7 5 6 7 6 7 8 6 5 6 7 8 7 7 8 9 9 7 6 7 8 9 6 8 9 8 8 7 8 7 7 7 8 7 6 6 6 5 4
1 2 2 2 3 4 3 3 3 4 5 4 4 5 6 4 5 6 5 6 7 5 5 6 7 5 6 7 6 7 8 6 5 6 7 8 7 7 8 9 9 7 6 7 8 9 8 8 9 8 8 7 8 7 7 7 8 7 6 6 6 5 4
1 2 2 2 3 4 3 3 3 4 5 4 4 5 6 4 5 6 5 6 7 5 5 6 7 5 6 7 6 7 8 6 5 6 7 8 9 7 8 9 9 7 6 7 8 7 8 8 9 8 8 7 8 7 7 7 8 7 6 6 6 5 4
1 2 2 2 3 4 3 3 3 4 5 4 4 5 6 4 5 6 5 6 7 5 5 6 7 5 6 7 6 7 8 6 5 8 7 6 7 7 8 7 9 7 6 7 8 7 8 8 9 8 8 7 8 7 7 7 8 7 6 6 6 5 4
1 2 2 2 3 4 3 3 3 4 5 4 4 5 6 4 5 6 5 6 7 5 5 6 7 5 6 7 6 7 8 6 5 8 7 6 7 7 8 7 9 7 6 9 8 7 6 8 9 8 8 7 8 7 7 7 8 7 6 6 6 5 4
1 2 2 2 3 4 3 3 3 4 5 4 4 5 6 4 5 6 5 6 7 5 5 6 7 5 6 7 6 7 8 6 5 8 7 6 7 7 8 7 9 7 6 9 8 7 8 8 9 8 8 7 8 7 7 7 8 7 6 6 6 5 4
1 2 2 2 3 4 3 3 3 4 5 4 4 5 6 4 5 6 5 6 7 5 5 6 7 5 6 7 6 7 8 6 5 8 7 6 7 7 8 9 7 7 6 7 8 7 8 8 7 8 8 7 8 7 7 7 8 7 6 6 6 5 4
1 2 2 2 3 4 3 3 3 4 5 4 4 5 6 4 5 6 5 6 7 5 5 6 7 5 6 7 6 7 8 6 5 8 7 6 7 7 8 9 9 7 6 7 8 7 8 8 7 8 8 7 8 7 7 7 8 7 6 6 6 5 4
1 2 2 2 3 4 3 3 3 4 5 4 4 5 6 4 5 6 5 6 7 5 5 6 7 5 6 7 6 7 8 6 5 8 7 6 7 7 8 9 9 7 6 7 8 7 8 8 9 8 8 7 8 7 7 7 8 7 6 6 6 5 4
1 2 2 2 3 4 3 3 3 4 5 4 4 5 6 4 5 6 5 6 7 5 5 6 7 5 6 7 6 7 8 6 5 8 7 6 7 7 8 9 9 7 6 9 8 7 6 8 9 8 8 7 8 7 7 7 8 7 6 6 6 5 4
1 2 2 2 3 4 3 3 3 4 5 4 4 5 6 4 5 6 5 6 7 5 5 6 7 5 6 7 6 7 8 6 5 8 7 6 7 7 8 9 9 7 6 9 8 7 8 8 9 8 8 7 8 7 7 7 8 7 6 6 6 5 4
1 2 2 2 3 4 3 3 3 4 5 4 4 5 6 4 5 6 5 6 7 5 5 6 7 5 6 7 6 7 8 6 5 8 7 6 9 7 8 7 9 7 6 9 8 7 8 8 7 8 8 7 8 7 7 7 8 7 6 6 6 5 4
1 2 2 2 3 4 3 3 3 4 5 4 4 5 6 4 5 6 5 6 7 5 5 6 7 5 6 7 6 7 8 6 5 8 7 6 9 7 8 9 7 7 6 9 8 7 8 8 7 8 8 7 8 7 7 7 8 7 6 6 6 5 4
1 2 2 2 3 4 3 3 3 4 5 4 4 5 6 4 5 6 5 6 7 5 5 6 7 5 6 7 6 7 8 6 5 8 7 6 9 7 8 9 9 7 6 9 8 7 8 8 7 8 8 7 8 7 7 7 8 7 6 6 6 5 4
1 2 2 2 3 4 3 3 3 4 5 4 4 5 6 4 5 6 5 6 7 5 5 6 7 5 6 7 6 7 8 6 5 8 7 8 7 7 8 7 9 7 6 7 8 7 8 8 9 8 8 7 8 7 7 7 8 7 6 6 6 5 4
1 2 2 2 3 4 3 3 3 4 5 4 4 5 6 4 5 6 5 6 7 5 5 6 7 5 6 7 6 7 8 6 5 8 7 8 7 7 8 7 9 7 6 9 8 7 8 8 9 8 8 7 8 7 7 7 8 7 6 6 6 5 4
1 2 2 2 3 4 3 3 3 4 5 4 4 5 6 4 5 6 5 6 7 5 5 6 7 5 6 7 6 7 8 6 5 8 7 8 7 7 8 7 9 7 6 9 8 9 8 8 9 8 8 7 8 7 7 7 8 7 6 6 6 5 4
1 2 2 2 3 4 3 3 3 4 5 4 4 5 6 4 5 6 5 6 7 5 5 6 7 5 6 7 6 7 8 6 5 8 7 8 7 7 8 9 7 7 6 9 8 7 8 8 9 8 8 7 8 7 7 7 8 7 6 6 6 5 4
1 2 2 2 3 4 3 3 3 4 5 4 4 5 6 4 5 6 5 6 7 5 5 6 7 5 6 7 6 7 8 6 5 8 7 8 7 7 8 9 7 7 6 9 8 9 8 8 9 8 8 7 8 7 7 7 8 7 6 6 6 5 4
1 2 2 2 3 4 3 3 3 4 5 4 4 5 6 4 5 6 5 6 7 5 5 6 7 5 6 7 6 7 8 6 7 6 7 8 7 7 8 7 9 7 6 5 8 9 8 8 9 8 8 9 8 7 7 7 8 7 6 6 6 5 4
1 2 2 2 3 4 3 3 3 4 5 4 4 5 6 4 5 6 5 6 7 5 5 6 7 5 6 7 6 7 8 6 7 6 7 8 7 7 8 7 9 7 6 7 8 9 6 8 9 8 8 9 8 7 7 7 8 7 6 6 6 5 4
1 2 2 2 3 4 3 3 3 4 5 4 4 5 6 4 5 6 5 6 7 5 5 6 7 5 6 7 6 7 8 6 7 6 7 8 7 7 8 7 9 7 8 7 8 7 8 8 7 8 8 9 8 7 7 7 8 7 6 6 6 5 4
1 2 2 2 3 4 3 3 3 4 5 4 4 5 6 4 5 6 5 6 7 5 5 6 7 5 6 7 6 7 8 6 7 6 7 8 7 7 8 9 7 7 8 7 6 9 6 8 9 8 8 9 8 7 7 7 8 7 6 6 6 5 4
1 2 2 2 3 4 3 3 3 4 5 4 4 5 6 4 5 6 5 6 7 5 5 6 7 5 6 7 6 7 8 6 7 6 7 8 7 7 8 9 9 7 6 7 8 9 6 8 9 8 8 9 8 7 7 7 8 7 6 6 6 5 4
1 2 2 2 3 4 3 3 3 4 5 4 4 5 6 4 5 6 5 6 7 5 5 6 7 5 6 7 6 7 8 6 7 6 7 8 7 7 8 9 9 7 8 7 6 7 8 8 7 8 8 9 8 7 7 7 8 7 6 6 6 5 4
1 2 2 2 3 4 3 3 3 4 5 4 4 5 6 4 5 6 5 6 7 5 5 6 7 5 6 7 6 7 8 6 7 6 7 8 7 7 8 9 9 7 8 7 6 9 6 8 9 8 8 9 8 7 7 7 8 7 6 6 6 5 4
1 2 2 2 3 4 3 3 3 4 5 4 4 5 6 4 5 6 5 6 7 5 5 6 7 5 6 7 6 7 8 6 7 6 7 8 7 7 8 9 9 7 8 7 8 9 6 8 9 8 8 9 8 7 7 7 8 7 6 6 6 5 4
1 2 2 2 3 4 3 3 3 4 5 4 4 5 6 4 5 6 5 6 7 5 5 6 7 5 6 7 6 7 8 6 7 6 7 8 9 7 8 9 9 5 8 7 8 7 8 8 9 8 8 9 8 7 7 7 8 7 6 6 6 5 4
1 2 2 2 3 4 3 3 3 4 5 4 4 5 6 4 5 6 5 6 7 5 5 6 7 5 6 7 6 7 8 6 7 6 7 8 9 7 8 9 9 7 8 7 6 7 8 8 7 8 8 9 8 7 7 7 8 7 6 6 6 5 4
1 2 2 2 3 4 3 3 3 4 5 4 4 5 6 4 5 6 5 6 7 5 5 6 7 5 6 7 6 7 8 6 7 8 7 8 7 7 8 7 9 5 8 7 8 9 8 8 9 8 8 9 8 7 7 7 8 7 6 6 6 5 4
1 2 2 2 3 4 3 3 3 4 5 4 4 5 6 4 5 6 5 6 7 5 5 6 7 5 6 7 6 7 8 6 7 8 7 8 7 7 8 7 9 5 8 9 8 9 8 8 9 8 8 9 8 7 7 7 8 7 6 6 6 5 4
1 2 2 2 3 4 3 3 3 4 5 4 4 5 6 4 5 6 5 6 7 5 5 6 7 5 6 7 6 7 8 6 7 8 7 8 7 7 8 7 9 7 6 9 8 9 8 8 9 8 8 9 8 7 7 7 8 7 6 6 6 5 4
1 2 2 2 3 4 3 3 3 4 5 4 4 5 6 4 5 6 5 6 7 5 5 6 7 5 6 7 6 7 8 6 7 8 7 8 7 7 8 7 9 7 8 9 6 9 8 8 9 8 8 9 8 7 7 7 8 7 6 6 6 5 4
1 2 2 2 3 4 3 3 3 4 5 4 4 5 6 4 5 6 5 6 7 5 5 6 7 5 6 7 6 7 8 6 7 8 7 8 7 7 8 7 9 7 8 9 8 9 8 8 9 8 8 9 8 7 7 7 8 7 6 6 6 5 4
1 2 2 2 3 4 3 3 3 4 5 4 4 5 6 4 5 6 5 6 7 5 5 6 7 5 6 7 6 7 8 6 7 8 7 8 7 7 8 9 9 5 8 7 8 9 8 8 9 8 8 9 8 7 7 7 8 7 6 6 6 5 4
1 2 2 2 3 4 3 3 3 4 5 4 4 5 6 4 5 6 5 6 7 5 5 6 7 5 6 7 6 7 8 6 7 8 7 8 7 7 8 9 9 5 8 9 8 9 8 8 9 8 8 9 8 7 7 7 8 7 6 6 6 5 4
1 2 2 2 3 5 3 3 3 4 6 4 4 5 7 4 5 7 5 7 8 5 5 6 8 5 6 8 6 8 7 6 7 9 7 9 10 7 9 10 10 7 8 8 8 8 9 8 10 9 9 9 9 8 8 8 10 8 7 7 7 6 5
1 2 2 2 3 5 3 3 3 4 6 4 4 5 7 4 5 7 5 7 8 5 5 6 8 5 6 8 6 8 9 6 7 7 7 9 8 7 9 8 10 7 8 8 8 8 9 8 8 9 9 9 9 8 8 8 10 8 7 7 7 6 5
1 2 2 2 3 5 3 3 3 4 6 4 4 5 7 4 5 7 5 7 8 5 5 6 8 5 6 8 6 8 9 6 7 7 7 9 8 7 9 10 10 7 8 8 8 10 7 8 10 9 9 9 9 8 8 8 10 8 7 7 7 6 5
1 2 2 2 3 5 3 3 3 4 6 4 4 5 7 4 5 7 5 7 8 5 5 6 8 5 6 8 6 8 9 6 7 9 7 9 8 7 9 8 10 7 8 10 8 10 9 8 10 9 9 9 9 8 8 8 10 8 7 7 7 6 5
1 2 2 3 3 3 3 3 4 4 4 4 5 5 5 5 5 5 6 6 6 5 4 6 6 6 6 6 5 7 7 7 7 7 6 8 8 8 8 6 7 6 8 8 5 7 9 7 7 7 6 8 8 8 7 7 7 7 7 6 6 5 4
1 2 2 3 3 3 3 3 4 4 4 4 5 5 5 5 5 5 6 6 6 5 4 6 6 6 6 6 7 7 7 7 7 7 6 6 8 8 8 8 9 6 8 8 5 5 9 9 9 9 8 8 8 8 7 7 7 7 7 6 6 5 4
1 2 2 3 3 3 3 3 4 4 4 4 5 5 5 5 5 5 6 6 6 5 4 6 6 6 6 6 7 7 7 7 7 7 8 8 8 6 8 6 9 6 8 6 7 7 9 7 9 7 8 8 8 8 7 7 7 7 7 6 6 5 4
1 2 2 3 3 3 3 3 4 4 4 4 5 5 5 5 5 5 6 6 6 5 4 6 6 6 6 6 7 7 7 7 7 7 8 8 8 6 8 8 9 6 8 6 7 7 9 7 9 9 8 8 8 8 7 7 7 7 7 6 6 5 4
1 2 2 3 3 3 3 3 4 4 4 4 5 5 5 5 5 5 6 6 6 5 4 6 6 6 6 6 7 7 7 7 7 7 8 8 8 8 8 6 9 6 6 6 7 7 9 9 9 7 8 8 8 8 7 7 7 7 7 6 6 5 4
1 2 2 3 3 3 3 3 4 4 4 4 5 5 5 5 5 5 6 6 6 5 4 6 6 6 6 6 7 7 7 7 7 7 8 8 8 8 8 8 9 6 6 6 7 7 9 9 9 9 8 8 8 8 7 7 7 7 7 6 6 5 4
1 2 2 3 3 3 3 3 4 4 4 4 5 5 5 5 5 5 6 6 6 5 4 6 6 6 6 6 7 7 7 7 7 7 8 8 8 8 8 8 9 6 6 8 7 7 9 9 9 9 8 8 8 8 7 7 7 7 7 6 6 5 4
1 2 2 3 3 3 3 3 4 4 4 4 5 5 5 5 5 5 6 6 6 5 6 6 6 6 6 6 5 7 7 5 7 5 8 6 8 8 8 8 9 6 8 6 7 7 9 7 9 9 8 8 6 8 7 7 7 7 7 6 6 5 4
1 2 2 3 3 3 3 3 4 4 4 4 5 5 5 5 5 5 6 6 6 5 6 6 6 6 6 6 5 7 7 5 7 5 8 8 8 8 8 8 9 6 8 6 7 9 7 7 9 9 8 8 6 8 7 7 7 7 7 6 6 5 4
1 2 2 3 3 3 3 3 4 4 4 4 5 5 5 5 5 5 6 6 6 5 6 6 6 6 6 6 5 7 7 5 7 7 8 6 6 8 8 8 9 6 8 8 7 7 7 7 9 9 8 8 6 8 7 7 7 7 7 6 6 5 4
1 2 2 3 3 3 3 3 4 4 4 4 5 5 5 5 5 5 6 6 6 5 6 6 6 6 6 6 5 7 7 5 7 7 8 6 8 8 8 8 9 6 8 8 7 7 7 7 9 7 8 8 6 8 7 7 7 7 7 6 6 5 4
1 2 2 3 3 3 3 3 4 4 4 4 5 5 5 5 5 5 6 6 6 5 6 6 6 6 6 6 5 7 7 5 7 7 8 6 8 8 8 8 9 6 8 8 7 7 7 7 9 9 8 8 6 8 7 7 7 7 7 6 6 5 4
1 2 2 3 3 3 3 3 4 4 4 4 5 5 5 5 5 5 6 6 6 5 6 6 6 6 6 6 5 7 7 5 7 7 8 8 6 8 8 8 7 6 8 8 7 7 7 7 9 9 6 8 8 8 7 7 7 7 7 6 6 5 4
1 2 2 3 3 3 3 3 4 4 4 4 5 5 5 5 5 5 6 6 6 5 6 6 6 6 6 6 5 7 7 5 7 7 8 8 6 8 8 8 7 6 8 8 7 9 7 7 9 9 6 8 6 8 7 7 7 7 7 6 6 5 4
1 2 2 3 3 3 3 3 4 4 4 4 5 5 5 5 5 5 6 6 6 5 6 6 6 6 6 6 5 7 7 5 7 7 8 8 6 8 8 8 7 6 8 8 7 9 7 7 9 9 6 8 8 6 7 7 7 7 7 6 6 5 4
1 2 2 3 3 3 3 3 4 4 4 4 5 5 5 5 5 5 6 6 6 5 6 6 6 6 6 6 5 7 7 5 7 7 8 8 6 8 8 8 9 6 8 8 7 9 7 7 9 7 8 8 6 8 7 7 7 7 7 6 6 5 4
1 2 2 3 3 3 3 3 4 4 4 4 5 5 5 5 5 5 6 6 6 5 6 6 6 6 6 6 5 7 7 5 7 7 8 8 8 8 8 8 7 6 8 8 7 7 9 7 9 9 6 8 8 6 7 7 7 7 7 6 6 5 4
1 2 2 3 3 3 3 3 4 4 4 4 5 5 5 5 5 5 6 6 6 5 6 6 6 6 6 6 5 7 7 5 7 7 8 8 8 8 8 8 7 6 8 8 7 9 7 7 9 9 6 8 6 8 7 7 7 7 7 6 6 5 4
1 2 2 3 3 3 3 3 4 4 4 4 5 5 5 5 5 5 6 6 6 5 6 6 6 6 6 6 5 7 7 5 7 7 8 8 8 8 8 8 9 6 8 8 7 9 7 7 9 7 8 8 6 8 7 7 7 7 7 6 6 5 4
1 2 2 3 3 3 3 3 4 4 4 4 5 5 5 5 5 5 6 6 6 5 6 6 6 6 6 6 5 7 7 7 7 5 6 6 8 8 8 8 9 8 8 6 5 7 9 7 9 9 8 8 6 8 7 7 7 7 7 6 6 5 4
1 2 2 3 3 3 3 3 4 4 4 4 5 5 5 5 5 5 6 6 6 5 6 6 6 6 6 6 5 7 7 7 7 5 6 8 8 8 6 8 9 8 8 6 5 9 9 7 7 9 8 8 6 8 7 7 7 7 7 6 6 5 4
1 2 2 3 3 3 3 3 4 4 4 4 5 5 5 5 5 5 6 6 6 5 6 6 6 6 6 6 5 7 7 7 7 5 6 8 8 8 8 8 9 8 8 6 5 7 9 7 7 9 8 8 8 8 7 7 7 7 7 6 6 5 4
1 2 2 3 3 3 3 3 4 4 4 4 5 5 5 5 5 5 6 6 6 5 6 6 6 6 6 6 5 7 7 7 7 5 6 8 8 8 8 8 9 8 8 6 5 7 9 7 9 7 8 8 8 8 7 7 7 7 7 6 6 5 4
1 2 2 3 3 3 3 3 4 4 4 4 5 5 5 5 5 5 6 6 6 5 6 6 6 6 6 6 5 7 7 7 7 5 6 8 8 8 8 8 9 8 8 6 5 7 9 7 9 9 8 8 8 6 7 7 7 7 7 6 6 5 4
1 2 2 3 3 3 3 3 4 4 4 4 5 5 5 5 5 5 6 6 6 5 6 6 6 6 6 6 5 7 7 7 7 5 6 8 8 8 8 8 9 8 8 6 5 7 9 7 9 9 8 8 8 8 7 7 7 7 7 6 6 5 4
1 2 2 3 3 3 3 3 4 4 4 4 5 5 5 5 5 5 6 6 6 5 6 6 6 6 6 6 5 7 7 7 7 5 6 8 8 8 8 8 9 8 8 6 5 9 9 7 7 9 8 8 8 6 7 7 7 7 7 6 6 5 4
1 2 2 3 3 3 3 3 4 4 4 4 5 5 5 5 5 5 6 6 6 5 6 6 6 6 6 6 5 7 7 7 7 5 8 6 8 8 8 8 9 8 6 6 7 7 9 7 9 9 8 8 6 8 7 7 7 7 7 6 6 5 4
1 2 2 3 3 3 3 3 4 4 4 4 5 5 5 5 5 5 6 6 6 5 6 6 6 6 6 6 5 7 7 7 7 5 8 8 8 8 8 8 9 6 8 6 7 7 9 7 7 9 8 8 8 8 7 7 7 7 7 6 6 5 4
1 2 2 3 3 3 3 3 4 4 4 4 5 5 5 5 5 5 6 6 6 5 6 6 6 6 6 6 5 7 7 7 7 5 8 8 8 8 8 8 9 6 8 6 7 7 9 7 9 9 8 8 8 6 7 7 7 7 7 6 6 5 4
1 2 2 3 3 3 3 3 4 4 4 4 5 5 5 5 5 5 6 6 6 5 6 6 6 6 6 6 5 7 7 7 7 5 8 8 8 8 8 8 9 6 8 6 7 7 9 7 9 9 8 8 8 8 7 7 7 7 7 6 6 5 4
1 2 2 3 3 3 3 3 4 4 4 4 5 5 5 5 5 5 6 6 6 5 6 6 6 6 6 6 5 7 7 7 7 7 6 6 6 8 8 8 9 8 8 8 5 7 7 7 9 9 8 8 6 8 7 7 7 7 7 6 6 5 4
1 2 2 3 3 3 3 3 4 4 4 4 5 5 5 5 5 5 6 6 6 5 6 6 6 6 6 6 5 7 7 7 7 7 6 6 8 8 8 8 9 8 8 8 5 7 7 7 9 7 8 8 6 8 7 7 7 7 7 6 6 5 4
1 2 2 3 3 3 3 3 4 4 4 4 5 5 5 5 5 5 6 6 6 5 6 6 6 6 6 6 5 7 7 7 7 7 6 6 8 8 8 8 9 8 8 8 5 7 7 7 9 9 8 8 6 8 7 7 7 7 7 6 6 5 4
1 2 2 3 3 3 3 3 4 4 4 4 5 5 5 5 5 5 6 6 6 5 6 6 6 6 6 6 5 7 7 7 7 7 6 8 8 8 6 6 9 8 8 8 5 9 9 7 7 7 8 8 6 8 7 7 7 7 7 6 6 5 4
1 2 2 3 3 3 3 3 4 4 4 4 5 5 5 5 5 5 6 6 6 5 6 6 6 6 6 6 5 7 7 7 7 7 6 8 8 8 6 8 7 8 8 8 5 9 9 7 7 9 6 8 8 6 7 7 7 7 7 6 6 5 4
1 2 2 3 3 3 3 3 4 4 4 4 5 5 5 5 5 5 6 6 6 5 6 6 6 6 6 6 5 7 7 7 7 7 6 8 8 8 6 8 9 8 8 8 5 7 9 7 7 9 8 8 8 6 7 7 7 7 7 6 6 5 4
1 2 2 3 3 3 3 3 4 4 4 4 5 5 5 5 5 5 6 6 6 5 6 6 6 6 6 6 5 7 7 7 7 7 6 8 8 8 6 8 9 8 8 8 5 9 9 7 7 7 8 8 6 8 7 7 7 7 7 6 6 5 4
1 2 2 3 3 3 3 3 4 4 4 4 5 5 5 5 5 5 6 6 6 5 6 6 6 6 6 6 5 7 7 7 7 7 6 8 8 8 8 8 7 8 8 8 5 7 9 7 9 9 6 8 8 6 7 7 7 7 7 6 6 5 4
1 2 2 3 3 3 3 3 4 4 4 4 5 5 5 5 5 5 6 6 6 5 6 6 6 6 6 6 5 7 7 7 7 7 6 8 8 8 8 8 7 8 8 8 5 9 9 7 7 9 6 8 8 6 7 7 7 7 7 6 6 5 4
1 2 2 3 3 3 3 3 4 4 4 4 5 5 5 5 5 5 6 6 6 5 6 6 6 6 6 6 5 7 7 7 7 7 6 8 8 8 8 8 9 8 8 8 5 7 9 7 7 9 8 8 8 6 7 7 7 7 7 6 6 5 4
1 2 2 3 3 3 3 3 4 4 4 4 5 5 5 5 5 5 6 6 6 5 6 6 6 6 6 6 5 7 7 7 7 7 8 6 8 8 6 8 9 8 6 8 7 7 9 7 7 9 8 8 6 8 7 7 7 7 7 6 6 5 4
1 2 2 3 3 3 3 3 4 4 4 4 5 5 5 5 5 5 6 6 6 5 6 6 6 6 6 6 5 7 7 7 7 7 8 6 8 8 8 8 7 8 6 8 7 7 9 7 9 9 6 8 6 8 7 7 7 7 7 6 6 5 4
1 2 2 3 3 3 3 3 4 4 4 4 5 5 5 5 5 5 6 6 6 5 6 6 6 6 6 6 5 7 7 7 7 7 8 6 8 8 8 8 9 8 6 8 7 7 7 7 9 9 8 8 6 8 7 7 7 7 7 6 6 5 4
1 2 2 3 3 3 3 3 4 4 4 4 5 5 5 5 5 5 6 6 6 5 6 6 6 6 6 6 5 7 7 7 7 7 8 8 8 8 8 8 7 6 8 8 7 7 9 7 9 9 6 8 8 6 7 7 7 7 7 6 6 5 4
1 2 2 3 3 3 3 3 4 4 4 4 5 5 5 5 5 5 6 6 6 5 6 6 6 6 6 6 5 7 7 7 7 7 8 8 8 8 8 8 9 6 8 8 7 7 9 7 7 9 8 8 8 6 7 7 7 7 7 6 6 5 4
1 2 2 3 3 3 3 3 4 4 4 4 5 5 5 5 5 5 6 6 6 5 6 6 6 6 6 6 5 7 7 7 7 7 8 8 8 8 8 8 9 6 8 8 7 7 9 7 9 9 8 8 8 6 7 7 7 7 7 6 6 5 4
1 2 2 3 3 3 3 3 4 4 4 4 5 5 5 5 5 5 6 6 6 5 6 6 6 6 6 6 5 7 7 7 7 7 8 8 8 8 8 8 9 6 8 8 7 7 9 7 9 9 8 8 8 8 7 7 7 7 7 6 6 5 4
1 2 2 3 3 3 3 3 4 4 4 4 5 5 5 5 5 5 6 6 6 5 6 6 6 6 6 6 7 7 7 5 5 7 6 6 8 8 8 8 9 6 6 8 7 7 9 9 9 9 8 6 6 8 7 7 7 7 7 6 6 5 4
1 2 2 3 3 3 3 3 4 4 4 4 5 5 5 5 5 5 6 6 6 5 6 6 6 6 6 6 7 7 7 5 5 7 6 8 8 8 6 8 9 6 6 8 7 9 9 9 7 9 8 6 6 8 7 7 7 7 7 6 6 5 4
1 2 2 3 3 3 3 3 4 4 4 4 5 5 5 5 5 5 6 6 6 5 6 6 6 6 6 6 7 7 7 5 5 7 6 8 8 8 8 8 7 6 6 8 7 9 9 9 7 7 8 6 8 8 7 7 7 7 7 6 6 5 4
1 2 2 3 3 3 3 3 4 4 4 4 5 5 5 5 5 5 6 6 6 5 6 6 6 6 6 6 7 7 7 5 5 7 6 8 8 8 8 8 7 6 6 8 7 9 9 9 9 9 8 6 6 6 7 7 7 7 7 6 6 5 4
1 2 2 3 3 3 3 3 4 4 4 4 5 5 5 5 5 5 6 6 6 5 6 6 6 6 6 6 7 7 7 5 5 7 6 8 8 8 8 8 9 6 6 6 7 9 9 9 9 9 8 6 8 8 7 7 7 7 7 6 6 5 4
1 2 2 3 3 3 3 3 4 4 4 4 5 5 5 5 5 5 6 6 6 5 6 6 6 6 6 6 7 7 7 5 5 7 6 8 8 8 8 8 9 6 6 8 7 7 9 9 9 7 8 6 8 8 7 7 7 7 7 6 6 5 4
1 2 2 3 3 3 3 3 4 4 4 4 5 5 5 5 5 5 6 6 6 5 6 6 6 6 6 6 7 7 7 5 5 7 6 8 8 8 8 8 9 6 6 8 7 7 9 9 9 9 8 6 8 6 7 7 7 7 7 6 6 5 4
1 2 2 3 3 3 3 3 4 4 4 4 5 5 5 5 5 5 6 6 6 5 6 6 6 6 6 6 7 7 7 5 5 7 6 8 8 8 8 8 9 6 6 8 7 7 9 9 9 9 8 6 8 8 7 7 7 7 7 6 6 5 4
1 2 2 3 3 3 3 3 4 4 4 4 5 5 5 5 5 5 6 6 6 5 6 6 6 6 6 6 7 7 7 5 5 7 6 8 8 8 8 8 9 6 6 8 7 9 9 9 7 9 8 6 8 6 7 7 7 7 7 6 6 5 4
1 2 2 3 3 3 3 3 4 4 4 4 5 5 5 5 5 5 6 6 6 5 6 6 6 6 6 6 7 7 7 5 5 7 6 8 8 8 8 8 9 6 6 8 7 9 9 9 7 9 8 6 8 8 7 7 7 7 7 6 6 5 4
1 2 2 3 3 3 3 3 4 4 4 4 5 5 5 5 5 5 6 6 6 5 6 6 6 6 6 6 7 7 7 5 5 7 6 8 8 8 8 8 9 6 6 8 7 9 9 9 9 9 8 6 6 8 7 7 7 7 7 6 6 5 4
1 2 2 3 3 3 3 3 4 4 4 4 5 5 5 5 5 5 6 6 6 5 6 6 6 6 6 6 7 7 7 5 5 7 6 8 8 8 8 8 9 6 6 8 7 9 9 9 9 9 8 6 8 8 7 7 7 7 7 6 6 5 4
1 2 2 3 3 3 3 3 4 4 4 4 5 5 5 5 5 5 6 6 6 5 6 6 6 6 6 6 7 7 7 5 5 7 8 6 8 8 8 8 7 6 6 8 9 7 9 9 9 9 8 6 6 6 7 7 7 7 7 6 6 5 4
1 2 2 3 3 3 3 3 4 4 4 4 5 5 5 5 5 5 6 6 6 5 6 6 6 6 6 6 7 7 7 5 5 7 8 6 8 8 8 8 9 6 6 8 9 7 9 9 9 7 8 6 6 8 7 7 7 7 7 6 6 5 4
1 2 2 3 3 3 3 3 4 4 4 4 5 5 5 5 5 5 6 6 6 5 6 6 6 6 6 6 7 7 7 5 5 7 8 6 8 8 8 8 9 6 6 8 9 7 9 9 9 9 8 6 6 8 7 7 7 7 7 6 6 5 4
1 2 2 3 3 3 3 3 4 4 4 4 5 5 5 5 5 5 6 6 6 5 6 6 6 6 6 6 7 7 7 5 5 7 8 8 8 8 8 8 9 6 6 8 9 7 7 9 7 7 8 6 8 8 7 7 7 7 7 6 6 5 4
1 2 2 3 3 3 3 3 4 4 4 4 5 5 5 5 5 5 6 6 6 5 6 6 6 6 6 6 7 7 7 5 5 7 8 8 8 8 8 8 9 6 6 8 9 7 9 9 9 9 8 6 8 8 7 7 7 7 7 6 6 5 4
1 2 2 3 3 3 3 3 4 4 4 4 5 5 5 5 5 5 6 6 6 5 6 6 6 6 6 6 7 7 7 5 5 7 8 8 8 8 8 8 9 6 6 8 9 9 9 9 9 9 8 6 8 8 7 7 7 7 7 6 6 5 4
1 2 2 3 3 3 3 3 4 4 4 4 5 5 5 5 5 5 6 6 6 5 6 6 6 6 6 6 7 7 7 5 7 7 6 6 8 8 8 8 9 6 8 8 7 7 7 9 9 7 8 6 6 8 7 7 7 7 7 6 6 5 4
1 2 2 3 3 3 3 3 4 4 4 4 5 5 5 5 5 5 6 6 6 5 6 6 6 6 6 6 7 7 7 5 7 7 6 8 6 6 8 8 9 6 8 8 7 9 7 7 9 9 8 6 8 6 7 7 7 7 7 6 6 5 4
1 2 2 3 3 3 3 3 4 4 4 4 5 5 5 5 5 5 6 6 6 5 6 6 6 6 6 6 7 7 7 5 7 7 6 8 6 6 8 8 9 6 8 8 7 9 7 7 9 9 8 6 8 8 7 7 7 7 7 6 6 5 4
1 2 2 3 3 3 3 3 4 4 4 4 5 5 5 5 5 5 6 6 6 5 6 6 6 6 6 6 7 7 7 5 7 7 6 8 6 8 8 6 7 6 8 8 7 9 7 9 9 7 8 6 8 6 7 7 7 7 7 6 6 5 4
1 2 2 3 3 3 3 3 4 4 4 4 5 5 5 5 5 5 6 6 6 5 6 6 6 6 6 6 7 7 7 5 7 7 6 8 6 8 8 6 9 6 8 8 7 9 7 9 9 7 8 6 8 6 7 7 7 7 7 6 6 5 4
1 2 2 3 3 3 3 3 4 4 4 4 5 5 5 5 5 5 6 6 6 5 6 6 6 6 6 6 7 7 7 5 7 7 6 8 6 8 8 8 7 6 8 8 7 7 7 9 9 7 8 6 8 8 7 7 7 7 7 6 6 5 4
1 2 2 3 3 3 3 3 4 4 4 4 5 5 5 5 5 5 6 6 6 5 6 6 6 6 6 6 7 7 7 5 7 7 6 8 6 8 8 8 7 6 8 8 7 7 7 9 9 9 6 6 8 8 7 7 7 7 7 6 6 5 4
1 2 2 3 3 3 3 3 4 4 4 4 5 5 5 5 5 5 6 6 6 5 6 6 6 6 6 6 7 7 7 5 7 7 6 8 6 8 8 8 7 6 8 8 7 9 7 9 9 7 8 6 6 8 7 7 7 7 7 6 6 5 4
1 2 2 3 3 3 3 3 4 4 4 4 5 5 5 5 5 5 6 6 6 5 6 6 6 6 6 6 7 7 7 5 7 7 6 8 6 8 8 8 7 6 8 8 7 9 7 9 9 7 8 6 8 8 7 7 7 7 7 6 6 5 4
1 2 2 3 3 3 3 3 4 4 4 4 5 5 5 5 5 5 6 6 6 5 6 6 6 6 6 6 7 7 7 5 7 7 6 8 6 8 8 8 7 6 8 8 7 9 7 9 9 9 6 6 6 8 7 7 7 7 7 6 6 5 4
1 2 2 3 3 3 3 3 4 4 4 4 5 5 5 5 5 5 6 6 6 5 6 6 6 6 6 6 7 7 7 5 7 7 6 8 6 8 8 8 7 6 8 8 7 9 7 9 9 9 6 6 8 6 7 7 7 7 7 6 6 5 4
1 2 2 3 3 3 3 3 4 4 4 4 5 5 5 5 5 5 6 6 6 5 6 6 6 6 6 6 7 7 7 5 7 7 6 8 6 8 8 8 7 6 8 8 7 9 7 9 9 9 6 6 8 8 7 7 7 7 7 6 6 5 4
1 2 2 3 3 3 3 3 4 4 4 4 5 5 5 5 5 5 6 6 6 5 6 6 6 6 6 6 7 7 7 5 7 7 6 8 6 8 8 8 7 6 8 8 7 9 7 9 9 9 8 6 8 6 7 7 7 7 7 6 6 5 4
1 2 2 3 3 3 3 3 4 4 4 4 5 5 5 5 5 5 6 6 6 5 6 6 6 6 6 6 7 7 7 5 7 7 6 8 6 8 8 8 7 6 8 8 7 9 7 9 9 9 8 6 8 8 7 7 7 7 7 6 6 5 4
1 2 2 3 3 3 3 3 4 4 4 4 5 5 5 5 5 5 6 6 6 5 6 6 6 6 6 6 7 7 7 5 7 7 6 8 6 8 8 8 9 6 8 8 7 7 7 9 9 7 8 6 8 8 7 7 7 7 7 6 6 5 4
1 2 2 3 3 3 3 3 4 4 4 4 5 5 5 5 5 5 6 6 6 5 6 6 6 6 6 6 7 7 7 5 7 7 6 8 6 8 8 8 9 6 8 8 7 7 7 9 9 9 8 6 8 6 7 7 7 7 7 6 6 5 4
1 2 2 3 3 3 3 3 4 4 4 4 5 5 5 5 5 5 6 6 6 5 6 6 6 6 6 6 7 7 7 5 7 7 6 8 6 8 8 8 9 6 8 8 7 9 7 9 7 9 8 6 8 6 7 7 7 7 7 6 6 5 4
1 2 2 3 3 3 3 3 4 4 4 4 5 5 5 5 5 5 6 6 6 5 6 6 6 6 6 6 7 7 7 5 7 7 6 8 6 8 8 8 9 6 8 8 7 9 7 9 7 9 8 6 8 8 7 7 7 7 7 6 6 5 4
1 2 2 3 3 3 3 3 4 4 4 4 5 5 5 5 5 5 6 6 6 5 6 6 6 6 6 6 7 7 7 5 7 7 6 8 6 8 8 8 9 6 8 8 7 9 7 9 9 7 8 6 6 8 7 7 7 7 7 6 6 5 4
1 2 2 3 3 3 3 3 4 4 4 4 5 5 5 5 5 5 6 6 6 5 6 6 6 6 6 6 7 7 7 5 7 7 6 8 6 8 8 8 9 6 8 8 7 9 7 9 9 7 8 6 8 8 7 7 7 7 7 6 6 5 4
1 2 2 3 3 3 3 3 4 4 4 4 5 5 5 5 5 5 6 6 6 5 6 6 6 6 6 6 7 7 7 5 7 7 6 8 6 8 8 8 9 6 8 8 7 9 7 9 9 9 8 6 6 8 7 7 7 7 7 6 6 5 4
1 2 2 3 3 3 3 3 4 4 4 4 5 5 5 5 5 5 6 6 6 5 6 6 6 6 6 6 7 7 7 5 7 7 6 8 8 6 8 8 7 6 8 8 7 9 9 7 9 9 8 6 6 6 7 7 7 7 7 6 6 5 4
1 2 2 3 3 3 3 3 4 4 4 4 5 5 5 5 5 5 6 6 6 5 6 6 6 6 6 6 7 7 7 5 7 7 6 8 8 6 8 8 9 6 8 8 7 7 9 7 9 9 8 6 8 6 7 7 7 7 7 6 6 5 4
1 2 2 3 3 3 3 3 4 4 4 4 5 5 5 5 5 5 6 6 6 5 6 6 6 6 6 6 7 7 7 5 7 7 6 8 8 6 8 8 9 6 8 8 7 9 9 7 9 9 8 6 8 6 7 7 7 7 7 6 6 5 4
1 2 2 3 3 3 3 3 4 4 4 4 5 5 5 5 5 5 6 6 6 5 6 6 6 6 6 6 7 7 7 5 7 7 6 8 8 8 6 8 9 6 8 8 7 9 7 9 7 7 8 6 6 8 7 7 7 7 7 6 6 5 4
1 2 2 3 3 3 3 3 4 4 4 4 5 5 5 5 5 5 6 6 6 5 6 6 6 6 6 6 7 7 7 5 7 7 6 8 8 8 8 6 7 6 8 8 7 9 9 9 7 7 6 6 8 8 7 7 7 7 7 6 6 5 4
1 2 2 3 3 3 3 3 4 4 4 4 5 5 5 5 5 5 6 6 6 5 6 6 6 6 6 6 7 7 7 5 7 7 6 8 8 8 8 6 7 6 8 8 7 9 9 9 9 7 6 6 6 8 7 7 7 7 7 6 6 5 4
1 2 2 3 3 3 3 3 4 4 4 4 5 5 5 5 5 5 6 6 6 5 6 6 6 6 6 6 7 7 7 5 7 7 6 8 8 8 8 6 7 6 8 8 7 9 9 9 9 7 6 6 8 6 7 7 7 7 7 6 6 5 4
1 2 2 3 3 3 3 3 4 4 4 4 5 5 5 5 5 5 6 6 6 5 6 6 6 6 6 6 7 7 7 5 7 7 6 8 8 8 8 6 7 6 8 8 7 9 9 9 9 7 8 6 8 6 7 7 7 7 7 6 6 5 4
1 2 2 3 3 3 3 3 4 4 4 4 5 5 5 5 5 5 6 6 6 5 6 6 6 6 6 6 7 7 7 5 7 7 6 8 8 8 8 6 9 6 8 8 7 9 7 9 7 7 8 6 8 8 7 7 7 7 7 6 6 5 4
1 2 2 3 3 3 3 3 4 4 4 4 5 5 5 5 5 5 6 6 6 5 6 6 6 6 6 6 7 7 7 5 7 7 6 8 8 8 8 6 9 6 8 8 7 9 7 9 9 7 8 6 6 8 7 7 7 7 7 6 6 5 4
1 2 2 3 3 3 3 3 4 4 4 4 5 5 5 5 5 5 6 6 6 5 6 6 6 6 6 6 7 7 7 5 7 7 6 8 8 8 8 6 9 6 8 8 7 9 9 9 9 7 8 6 6 8 7 7 7 7 7 6 6 5 4
1 2 2 3 3 3 3 3 4 4 4 4 5 5 5 5 5 5 6 6 6 5 6 6 6 6 6 6 7 7 7 5 7 7 6 8 8 8 8 6 9 6 8 8 7 9 9 9 9 7 8 6 8 8 7 7 7 7 7 6 6 5 4
1 2 2 3 3 3 3 3 4 4 4 4 5 5 5 5 5 5 6 6 6 5 6 6 6 6 6 6 7 7 7 5 7 7 6 8 8 8 8 8 7 6 8 8 7 7 9 9 9 9 6 6 8 6 7 7 7 7 7 6 6 5 4
1 2 2 3 3 3 3 3 4 4 4 4 5 5 5 5 5 5 6 6 6 5 6 6 6 6 6 6 7 7 7 5 7 7 6 8 8 8 8 8 7 6 8 8 7 9 7 9 7 7 8 6 8 8 7 7 7 7 7 6 6 5 4
1 2 2 3 3 3 3 3 4 4 4 4 5 5 5 5 5 5 6 6 6 5 6 6 6 6 6 6 7 7 7 5 7 7 6 8 8 8 8 8 7 6 8 8 7 9 7 9 7 9 6 6 8 8 7 7 7 7 7 6 6 5 4
1 2 2 3 3 3 3 3 4 4 4 4 5 5 5 5 5 5 6 6 6 5 6 6 6 6 6 6 7 7 7 5 7 7 6 8 8 8 8 8 7 6 8 8 7 9 9 9 9 9 8 6 8 6 7 7 7 7 7 6 6 5 4
1 2 2 3 3 3 3 3 4 4 4 4 5 5 5 5 5 5 6 6 6 5 6 6 6 6 6 6 7 7 7 5 7 7 6 8 8 8 8 8 9 6 8 6 7 9 7 9 7 9 8 6 8 8 7 7 7 7 7 6 6 5 4
1 2 2 3 3 3 3 3 4 4 4 4 5 5 5 5 5 5 6 6 6 5 6 6 6 6 6 6 7 7 7 5 7 7 6 8 8 8 8 8 9 6 8 6 7 9 9 9 7 9 8 6 8 8 7 7 7 7 7 6 6 5 4
1 2 2 3 3 3 3 3 4 4 4 4 5 5 5 5 5 5 6 6 6 5 6 6 6 6 6 6 7 7 7 5 7 7 6 8 8 8 8 8 9 6 8 6 7 9 9 9 9 7 8 6 8 8 7 7 7 7 7 6 6 5 4
1 2 2 3 3 3 3 3 4 4 4 4 5 5 5 5 5 5 6 6 6 5 6 6 6 6 6 6 7 7 7 5 7 7 6 8 8 8 8 8 9 6 8 8 7 7 7 9 7 7 8 6 8 8 7 7 7 7 7 6 6 5 4
1 2 2 3 3 3 3 3 4 4 4 4 5 5 5 5 5 5 6 6 6 5 6 6 6 6 6 6 7 7 7 5 7 7 6 8 8 8 8 8 9 6 8 8 7 9 7 9 7 7 8 6 8 8 7 7 7 7 7 6 6 5 4
1 2 2 3 3 3 3 3 4 4 4 4 5 5 5 5 5 5 6 6 6 5 6 6 6 6 6 6 7 7 7 5 7 7 8 8 6 8 8 6 7 6 8 8 7 9 7 9 9 7 8 8 6 6 7 7 7 7 7 6 6 5 4
1 2 2 3 3 3 3 3 4 4 4 4 5 5 5 5 5 5 6 6 6 5 6 6 6 6 6 6 7 7 7 5 7 7 8 8 6 8 8 6 7 6 8 8 9 9 7 9 9 7 8 6 8 6 7 7 7 7 7 6 6 5 4
1 2 2 3 3 3 3 3 4 4 4 4 5 5 5 5 5 5 6 6 6 5 6 6 6 6 6 6 7 7 7 5 7 7 8 8 6 8 8 6 9 6 8 8 7 9 7 7 9 7 8 8 6 6 7 7 7 7 7 6 6 5 4
1 2 2 3 3 3 3 3 4 4 4 4 5 5 5 5 5 5 6 6 6 5 6 6 6 6 6 6 7 7 7 5 7 7 8 8 6 8 8 6 9 6 8 8 7 9 7 7 9 7 8 8 8 6 7 7 7 7 7 6 6 5 4
1 2 2 3 3 3 3 3 4 4 4 4 5 5 5 5 5 5 6 6 6 5 6 6 6 6 6 6 7 7 7 5 7 7 8 8 6 8 8 6 9 6 8 8 7 9 7 9 7 7 8 8 8 6 7 7 7 7 7 6 6 5 4
1 2 2 3 3 3 3 3 4 4 4 4 5 5 5 5 5 5 6 6 6 5 6 6 6 6 6 6 7 7 7 5 7 7 8 8 6 8 8 6 9 6 8 8 7 9 7 9 9 7 8 8 6 6 7 7 7 7 7 6 6 5 4
1 2 2 3 3 3 3 3 4 4 4 4 5 5 5 5 5 5 6 6 6 5 6 6 6 6 6 6 7 7 7 5 7 7 8 8 6 8 8 6 9 6 8 8 9 9 7 9 9 7 8 6 8 6 7 7 7 7 7 6 6 5 4
1 2 2 3 3 3 3 3 4 4 4 4 5 5 5 5 5 5 6 6 6 5 6 6 6 6 6 6 7 7 7 5 7 7 8 8 6 8 8 8 7 6 8 8 7 9 7 9 7 9 6 8 8 6 7 7 7 7 7 6 6 5 4
1 2 2 3 3 3 3 3 4 4 4 4 5 5 5 5 5 5 6 6 6 5 6 6 6 6 6 6 7 7 7 5 7 7 8 8 6 8 8 8 7 6 8 8 7 9 7 9 9 9 6 8 6 6 7 7 7 7 7 6 6 5 4
1 2 2 3 3 3 3 3 4 4 4 4 5 5 5 5 5 5 6 6 6 5 6 6 6 6 6 6 7 7 7 5 7 7 8 8 6 8 8 8 7 6 8 8 9 9 7 7 9 9 6 8 6 6 7 7 7 7 7 6 6 5 4
1 2 2 3 3 3 3 3 4 4 4 4 5 5 5 5 5 5 6 6 6 5 6 6 6 6 6 6 7 7 7 5 7 7 8 8 6 8 8 8 7 6 8 8 9 9 7 7 9 9 8 8 6 6 7 7 7 7 7 6 6 5 4
1 2 2 3 3 3 3 3 4 4 4 4 5 5 5 5 5 5 6 6 6 5 6 6 6 6 6 6 7 7 7 5 7 7 8 8 6 8 8 8 7 6 8 8 9 9 7 9 9 9 6 6 8 6 7 7 7 7 7 6 6 5 4
1 2 2 3 3 3 3 3 4 4 4 4 5 5 5 5 5 5 6 6 6 5 6 6 6 6 6 6 7 7 7 5 7 7 8 8 6 8 8 8 9 6 8 8 7 7 7 7 9 7 8 8 8 8 7 7 7 7 7 6 6 5 4
1 2 2 3 3 3 3 3 4 4 4 4 5 5 5 5 5 5 6 6 6 5 6 6 6 6 6 6 7 7 7 5 7 7 8 8 6 8 8 8 9 6 8 8 7 9 7 7 9 7 8 8 6 8 7 7 7 7 7 6 6 5 4
1 2 2 3 3 3 3 3 4 4 4 4 5 5 5 5 5 5 6 6 6 5 6 6 6 6 6 6 7 7 7 5 7 7 8 8 6 8 8 8 9 6 8 8 7 9 7 7 9 7 8 8 8 8 7 7 7 7 7 6 6 5 4
1 2 2 3 3 3 3 3 4 4 4 4 5 5 5 5 5 5 6 6 6 5 6 6 6 6 6 6 7 7 7 5 7 7 8 8 6 8 8 8 9 6 8 8 7 9 7 7 9 9 8 8 8 8 7 7 7 7 7 6 6 5 4
1 2 2 3 3 3 3 3 4 4 4 4 5 5 5 5 5 5 6 6 6 5 6 6 6 6 6 6 7 7 7 5 7 7 8 8 6 8 8 8 9 6 8 8 7 9 7 9 9 9 8 8 8 8 7 7 7 7 7 6 6 5 4
1 2 2 3 3 3 3 3 4 4 4 4 5 5 5 5 5 5 6 6 6 5 6 6 6 6 6 6 7 7 7 5 7 7 8 8 6 8 8 8 9 6 8 8 9 9 7 7 9 9 8 8 6 8 7 7 7 7 7 6 6 5 4
1 2 2 3 3 3 3 3 4 4 4 4 5 5 5 5 5 5 6 6 6 5 6 6 6 6 6 6 7 7 7 5 7 7 8 8 6 8 8 8 9 6 8 8 9 9 7 7 9 9 8 8 8 8 7 7 7 7 7 6 6 5 4
1 2 2 3 3 3 3 3 4 4 4 4 5 5 5 5 5 5 6 6 6 5 6 6 6 6 6 6 7 7 7 5 7 7 8 8 6 8 8 8 9 6 8 8 9 9 7 9 9 9 8 6 8 8 7 7 7 7 7 6 6 5 4
1 2 2 3 3 3 3 3 4 4 4 4 5 5 5 5 5 5 6 6 6 5 6 6 6 6 6 6 7 7 7 5 7 7 8 8 6 8 8 8 9 6 8 8 9 9 7 9 9 9 8 8 8 8 7 7 7 7 7 6 6 5 4
1 2 2 3 3 3 3 3 4 4 4 4 5 5 5 5 5 5 6 6 6 5 6 6 6 6 6 6 7 7 7 5 7 7 8 8 8 8 8 8 7 6 8 8 7 9 7 7 9 7 8 8 6 8 7 7 7 7 7 6 6 5 4
1 2 2 3 3 3 3 3 4 4 4 4 5 5 5 5 5 5 6 6 6 5 6 6 6 6 6 6 7 7 7 5 7 7 8 8 8 8 8 8 9 6 6 6 9 9 7 9 9 9 8 8 8 8 7 7 7 7 7 6 6 5 4
1 2 2 3 3 3 3 3 4 4 4 4 5 5 5 5 5 5 6 6 6 5 6 6 6 6 6 6 7 7 7 5 7 7 8 8 8 8 8 8 9 6 6 8 7 9 7 7 9 9 8 8 6 8 7 7 7 7 7 6 6 5 4
1 2 2 3 3 3 3 3 4 4 4 4 5 5 5 5 5 5 6 6 6 5 6 6 6 6 6 6 7 7 7 5 7 7 8 8 8 8 8 8 9 6 6 8 7 9 7 9 9 9 8 8 8 8 7 7 7 7 7 6 6 5 4
1 2 2 3 3 3 3 3 4 4 4 4 5 5 5 5 5 5 6 6 6 5 6 6 6 6 6 6 7 7 7 5 7 7 8 8 8 8 8 8 9 6 6 8 9 9 7 9 9 9 8 8 8 8 7 7 7 7 7 6 6 5 4
1 2 2 3 3 3 3 3 4 4 4 4 5 5 5 5 5 5 6 6 6 5 6 6 6 6 6 6 7 7 7 5 7 7 8 8 8 8 8 8 9 6 8 8 7 7 7 7 7 7 8 8 8 8 7 7 7 7 7 6 6 5 4
1 2 2 3 3 3 3 3 4 4 4 4 5 5 5 5 5 5 6 6 6 5 6 6 6 6 6 6 7 7 7 5 7 7 8 8 8 8 8 8 9 6 8 8 7 7 7 7 9 7 8 8 8 8 7 7 7 7 7 6 6 5 4
1 2 2 3 3 3 3 3 4 4 4 4 5 5 5 5 5 5 6 6 6 5 6 6 6 6 6 6 7 7 7 5 7 7 8 8 8 8 8 8 9 6 8 8 7 7 9 7 9 7 8 8 8 8 7 7 7 7 7 6 6 5 4
1 2 2 3 3 3 3 3 4 4 4 4 5 5 5 5 5 5 6 6 6 5 6 6 6 6 6 6 7 7 7 5 7 7 8 8 8 8 8 8 9 6 8 8 7 7 9 7 9 9 8 8 8 8 7 7 7 7 7 6 6 5 4
1 2 2 3 3 3 3 3 4 4 4 4 5 5 5 5 5 5 6 6 6 5 6 6 6 6 6 6 7 7 7 5 7 7 8 8 8 8 8 8 9 6 8 8 7 9 7 7 9 7 8 8 6 8 7 7 7 7 7 6 6 5 4
1 2 2 3 3 3 3 3 4 4 4 4 5 5 5 5 5 5 6 6 6 5 6 6 6 6 6 6 7 7 7 5 7 7 8 8 8 8 8 8 9 6 8 8 7 9 7 7 9 7 8 8 8 8 7 7 7 7 7 6 6 5 4
1 2 2 3 3 3 3 3 4 4 4 4 5 5 5 5 5 5 6 6 6 5 6 6 6 6 6 6 7 7 7 5 7 7 8 8 8 8 8 8 9 6 8 8 7 9 7 7 9 9 8 8 8 8 7 7 7 7 7 6 6 5 4
1 2 2 3 3 3 3 3 4 4 4 4 5 5 5 5 5 5 6 6 6 5 6 6 6 6 6 6 7 7 7 5 7 7 8 8 8 8 8 8 9 6 8 8 7 9 9 7 9 9 8 8 8 8 7 7 7 7 7 6 6 5 4
1 2 2 3 3 3 3 3 4 4 4 4 5 5 5 5 5 5 6 6 6 5 6 6 6 6 6 6 7 7 7 7 7 7 4 8 8 8 6 8 9 8 8 8 5 9 9 9 7 9 8 6 8 8 7 7 7 7 7 6 6 5 4
1 2 2 3 3 3 3 3 4 4 4 4 5 5 5 5 5 5 6 6 6 5 6 6 6 6 6 6 7 7 7 7 7 7 6 6 6 8 8 8 9 8 8 8 7 7 7 7 7 9 8 8 8 8 7 7 7 7 7 6 6 5 4
1 2 2 3 3 3 3 3 4 4 4 4 5 5 5 5 5 5 6 6 6 5 6 6 6 6 6 6 7 7 7 7 7 7 6 6 6 8 8 8 9 8 8 8 7 7 7 9 9 9 8 6 6 8 7 7 7 7 7 6 6 5 4
1 2 2 3 3 3 3 3 4 4 4 4 5 5 5 5 5 5 6 6 6 5 6 6 6 6 6 6 7 7 7 7 7 7 6 6 8 6 8 8 7 8 8 8 7 7 7 7 9 7 6 6 8 8 7 7 7 7 7 6 6 5 4
1 2 2 3 3 3 3 3 4 4 4 4 5 5 5 5 5 5 6 6 6 5 6 6 6 6 6 6 7 7 7 7 7 7 6 6 8 6 8 8 7 8 8 8 7 7 9 7 9 9 8 6 6 6 7 7 7 7 7 6 6 5 4
1 2 2 3 3 3 3 3 4 4 4 4 5 5 5 5 5 5 6 6 6 5 6 6 6 6 6 6 7 7 7 7 7 7 6 6 8 6 8 8 9 8 8 6 7 7 9 7 7 9 8 6 8 8 7 7 7 7 7 6 6 5 4
1 2 2 3 3 3 3 3 4 4 4 4 5 5 5 5 5 5 6 6 6 5 6 6 6 6 6 6 7 7 7 7 7 7 6 6 8 6 8 8 9 8 8 6 7 7 9 7 9 7 8 6 8 8 7 7 7 7 7 6 6 5 4
1 2 2 3 3 3 3 3 4 4 4 4 5 5 5 5 5 5 6 6 6 5 6 6 6 6 6 6 7 7 7 7 7 7 6 6 8 6 8 8 9 8 8 6 7 7 9 7 9 9 8 6 8 8 7 7 7 7 7 6 6 5 4
1 2 2 3 3 3 3 3 4 4 4 4 5 5 5 5 5 5 6 6 6 5 6 6 6 6 6 6 7 7 7 7 7 7 6 6 8 6 8 8 9 8 8 8 7 7 9 7 9 9 8 6 8 6 7 7 7 7 7 6 6 5 4
1 2 2 3 3 3 3 3 4 4 4 4 5 5 5 5 5 5 6 6 6 5 6 6 6 6 6 6 7 7 7 7 7 7 6 6 8 8 8 6 9 8 8 8 7 7 9 9 9 5 8 6 6 8 7 7 7 7 7 6 6 5 4
1 2 2 3 3 3 3 3 4 4 4 4 5 5 5 5 5 5 6 6 6 5 6 6 6 6 6 6 7 7 7 7 7 7 6 6 8 8 8 6 9 8 8 8 7 7 9 9 9 7 8 6 6 8 7 7 7 7 7 6 6 5 4
1 2 2 3 3 3 3 3 4 4 4 4 5 5 5 5 5 5 6 6 6 5 6 6 6 6 6 6 7 7 7 7 7 7 6 6 8 8 8 8 7 6 8 8 7 7 9 7 7 9 8 8 8 8 7 7 7 7 7 6 6 5 4
1 2 2 3 3 3 3 3 4 4 4 4 5 5 5 5 5 5 6 6 6 5 6 6 6 6 6 6 7 7 7 7 7 7 6 6 8 8 8 8 7 8 6 8 7 7 9 7 7 9 8 8 8 8 5 7 7 7 7 6 6 5 4
1 2 2 3 3 3 3 3 4 4 4 4 5 5 5 5 5 5 6 6 6 5 6 6 6 6 6 6 7 7 7 7 7 7 6 6 8 8 8 8 7 8 8 8 7 7 7 7 9 7 6 8 8 8 7 7 7 7 7 6 6 5 4
1 2 2 3 3 3 3 3 4 4 4 4 5 5 5 5 5 5 6 6 6 5 6 6 6 6 6 6 7 7 7 7 7 7 6 6 8 8 8 8 7 8 8 8 7 7 7 7 9 9 6 8 8 8 7 7 7 7 7 6 6 5 4
1 2 2 3 3 3 3 3 4 4 4 4 5 5 5 5 5 5 6 6 6 5 6 6 6 6 6 6 7 7 7 7 7 7 6 6 8 8 8 8 7 8 8 8 7 7 7 9 9 7 6 6 6 8 7 7 7 7 7 6 6 5 4
1 2 2 3 3 3 3 3 4 4 4 4 5 5 5 5 5 5 6 6 6 5 6 6 6 6 6 6 7 7 7 7 7 7 6 6 8 8 8 8 7 8 8 8 7 7 7 9 9 7 6 6 8 8 7 7 7 7 7 6 6 5 4
1 2 2 3 3 3 3 3 4 4 4 4 5 5 5 5 5 5 6 6 6 5 6 6 6 6 6 6 7 7 7 7 7 7 6 6 8 8 8 8 7 8 8 8 7 7 7 9 9 7 6 8 8 8 7 7 7 7 7 6 6 5 4
1 2 2 3 3 3 3 3 4 4 4 4 5 5 5 5 5 5 6 6 6 5 6 6 6 6 6 6 7 7 7 7 7 7 6 6 8 8 8 8 7 8 8 8 7 7 9 7 7 9 8 8 8 6 7 7 7 7 7 6 6 5 4
1 2 2 3 3 3 3 3 4 4 4 4 5 5 5 5 5 5 6 6 6 5 6 6 6 6 6 6 7 7 7 7 7 7 6 6 8 8 8 8 7 8 8 8 7 7 9 7 7 9 8 8 8 8 7 7 7 7 7 6 6 5 4
1 2 2 3 3 3 3 3 4 4 4 4 5 5 5 5 5 5 6 6 6 5 6 6 6 6 6 6 7 7 7 7 7 7 6 6 8 8 8 8 7 8 8 8 7 7 9 7 9 9 6 8 6 6 7 7 7 7 7 6 6 5 4
1 2 2 3 3 3 3 3 4 4 4 4 5 5 5 5 5 5 6 6 6 5 6 6 6 6 6 6 7 7 7 7 7 7 6 6 8 8 8 8 7 8 8 8 7 7 9 7 9 9 6 8 8 6 7 7 7 7 7 6 6 5 4
1 2 2 3 3 3 3 3 4 4 4 4 5 5 5 5 5 5 6 6 6 5 6 6 6 6 6 6 7 7 7 7 7 7 6 6 8 8 8 8 7 8 8 8 7 7 9 7 9 9 6 8 8 8 7 7 7 7 7 6 6 5 4
1 2 2 3 3 3 3 3 4 4 4 4 5 5 5 5 5 5 6 6 6 5 6 6 6 6 6 6 7 7 7 7 7 7 6 6 8 8 8 8 7 8 8 8 7 7 9 7 9 9 8 8 6 6 7 7 7 7 7 6 6 5 4
1 2 2 3 3 3 3 3 4 4 4 4 5 5 5 5 5 5 6 6 6 5 6 6 6 6 6 6 7 7 7 7 7 7 6 6 8 8 8 8 7 8 8 8 7 7 9 9 9 9 6 6 8 6 7 7 7 7 7 6 6 5 4
1 2 2 3 3 3 3 3 4 4 4 4 5 5 5 5 5 5 6 6 6 5 6 6 6 6 6 6 7 7 7 7 7 7 6 6 8 8 8 8 7 8 8 8 7 7 9 9 9 9 8 6 6 6 7 7 7 7 7 6 6 5 4
1 2 2 3 3 3 3 3 4 4 4 4 5 5 5 5 5 5 6 6 6 5 6 6 6 6 6 6 7 7 7 7 7 7 6 6 8 8 8 8 7 8 8 8 7 7 9 9 9 9 8 6 6 8 7 7 7 7 7 6 6 5 4
1 2 2 3 3 3 3 3 4 4 4 4 5 5 5 5 5 5 6 6 6 5 6 6 6 6 6 6 7 7 7 7 7 7 6 6 8 8 8 8 7 8 8 8 7 7 9 9 9 9 8 6 8 6 7 7 7 7 7 6 6 5 4
1 2 2 3 3 3 3 3 4 4 4 4 5 5 5 5 5 5 6 6 6 5 6 6 6 6 6 6 7 7 7 7 7 7 6 6 8 8 8 8 9 8 6 6 7 7 9 7 7 9 8 8 8 8 7 7 7 7 7 6 6 5 4
1 2 2 3 3 3 3 3 4 4 4 4 5 5 5 5 5 5 6 6 6 5 6 6 6 6 6 6 7 7 7 7 7 7 6 6 8 8 8 8 9 8 6 8 7 7 7 7 7 9 8 8 8 8 7 7 7 7 7 6 6 5 4
1 2 2 3 3 3 3 3 4 4 4 4 5 5 5 5 5 5 6 6 6 5 6 6 6 6 6 6 7 7 7 7 7 7 6 6 8 8 8 8 9 8 6 8 7 7 7 9 7 7 8 8 8 8 7 7 7 7 7 6 6 5 4
1 2 2 3 3 3 3 3 4 4 4 4 5 5 5 5 5 5 6 6 6 5 6 6 6 6 6 6 7 7 7 7 7 7 6 6 8 8 8 8 9 8 6 8 7 7 9 9 7 7 8 8 8 8 7 7 7 7 7 6 6 5 4
1 2 2 3 3 3 3 3 4 4 4 4 5 5 5 5 5 5 6 6 6 5 6 6 6 6 6 6 7 7 7 7 7 7 6 6 8 8 8 8 9 8 6 8 7 7 9 9 9 7 8 8 8 8 7 7 7 7 7 6 6 5 4
1 2 2 3 3 3 3 3 4 4 4 4 5 5 5 5 5 5 6 6 6 5 6 6 6 6 6 6 7 7 7 7 7 7 6 6 8 8 8 8 9 8 8 8 5 7 9 9 9 9 8 8 8 8 7 7 7 7 7 6 6 5 4
1 2 2 3 3 3 3 3 4 4 4 4 5 5 5 5 5 5 6 6 6 5 6 6 6 6 6 6 7 7 7 7 7 7 6 6 8 8 8 8 9 8 8 8 7 7 9 9 9 9 8 8 8 8 7 7 7 7 7 6 6 5 4
1 2 2 3 3 3 3 3 4 4 4 4 5 5 5 5 5 5 6 6 6 5 6 6 6 6 6 6 7 7 7 7 7 7 6 8 8 6 8 8 7 8 8 6 7 7 9 7 9 7 6 6 8 8 7 7 7 7 7 6 6 5 4
1 2 2 3 3 3 3 3 4 4 4 4 5 5 5 5 5 5 6 6 6 5 6 6 6 6 6 6 7 7 7 7 7 7 6 8 8 6 8 8 7 8 8 6 7 7 9 7 9 7 8 6 8 8 7 7 7 7 7 6 6 5 4
1 2 2 3 3 3 3 3 4 4 4 4 5 5 5 5 5 5 6 6 6 5 6 6 6 6 6 6 7 7 7 7 7 7 6 8 8 6 8 8 7 8 8 8 7 9 9 7 9 9 8 6 6 6 7 7 7 7 7 6 6 5 4
1 2 2 3 3 3 3 3 4 4 4 4 5 5 5 5 5 5 6 6 6 5 6 6 6 6 6 6 7 7 7 7 7 7 6 8 8 6 8 8 9 8 8 6 7 7 9 7 7 9 8 6 8 8 7 7 7 7 7 6 6 5 4
1 2 2 3 3 3 3 3 4 4 4 4 5 5 5 5 5 5 6 6 6 5 6 6 6 6 6 6 7 7 7 7 7 7 6 8 8 6 8 8 9 8 8 6 7 7 9 7 9 7 8 6 8 8 7 7 7 7 7 6 6 5 4
1 2 2 3 3 3 3 3 4 4 4 4 5 5 5 5 5 5 6 6 6 5 6 6 6 6 6 6 7 7 7 7 7 7 6 8 8 6 8 8 9 8 8 6 7 7 9 7 9 9 8 6 8 8 7 7 7 7 7 6 6 5 4
1 2 2 3 3 3 3 3 4 4 4 4 5 5 5 5 5 5 6 6 6 5 6 6 6 6 6 6 7 7 7 7 7 7 6 8 8 8 6 8 7 8 6 8 7 9 9 7 7 7 8 8 8 8 7 7 7 7 7 6 6 5 4
1 2 2 3 3 3 3 3 4 4 4 4 5 5 5 5 5 5 6 6 6 5 6 6 6 6 6 6 7 7 7 7 7 7 6 8 8 8 6 8 7 8 8 8 5 7 9 9 7 9 8 8 8 8 7 7 7 7 7 6 6 5 4
1 2 2 3 3 3 3 3 4 4 4 4 5 5 5 5 5 5 6 6 6 5 6 6 6 6 6 6 7 7 7 7 7 7 6 8 8 8 6 8 7 8 8 8 7 7 9 9 7 7 6 8 8 8 7 7 7 7 7 6 6 5 4
1 2 2 3 3 3 3 3 4 4 4 4 5 5 5 5 5 5 6 6 6 5 6 6 6 6 6 6 7 7 7 7 7 7 6 8 8 8 6 8 7 8 8 8 7 7 9 9 7 9 6 6 8 6 7 7 7 7 7 6 6 5 4
1 2 2 3 3 3 3 3 4 4 4 4 5 5 5 5 5 5 6 6 6 5 6 6 6 6 6 6 7 7 7 7 7 7 6 8 8 8 6 8 7 8 8 8 7 9 7 9 7 7 6 6 6 8 7 7 7 7 7 6 6 5 4
1 2 2 3 3 3 3 3 4 4 4 4 5 5 5 5 5 5 6 6 6 5 6 6 6 6 6 6 7 7 7 7 7 7 6 8 8 8 6 8 7 8 8 8 7 9 7 9 7 7 6 6 8 8 7 7 7 7 7 6 6 5 4
1 2 2 3 3 3 3 3 4 4 4 4 5 5 5 5 5 5 6 6 6 5 6 6 6 6 6 6 7 7 7 7 7 7 6 8 8 8 6 8 7 8 8 8 7 9 7 9 7 7 6 8 8 8 7 7 7 7 7 6 6 5 4
1 2 2 3 3 3 3 3 4 4 4 4 5 5 5 5 5 5 6 6 6 5 6 6 6 6 6 6 7 7 7 7 7 7 6 8 8 8 6 8 7 8 8 8 7 9 9 9 7 9 8 6 8 6 7 7 7 7 7 6 6 5 4
1 2 2 3 3 3 3 3 4 4 4 4 5 5 5 5 5 5 6 6 6 5 6 6 6 6 6 6 7 7 7 7 7 7 6 8 8 8 6 8 9 8 6 6 7 9 9 9 7 9 8 8 8 8 7 7 7 7 7 6 6 5 4
1 2 2 3 3 3 3 3 4 4 4 4 5 5 5 5 5 5 6 6 6 5 6 6 6 6 6 6 7 7 7 7 7 7 6 8 8 8 6 8 9 8 8 8 5 9 9 9 7 9 8 8 8 8 7 7 7 7 7 6 6 5 4
1 2 2 3 3 3 3 3 4 4 4 4 5 5 5 5 5 5 6 6 6 5 6 6 6 6 6 6 7 7 7 7 7 7 6 8 8 8 8 8 5 6 8 8 7 9 9 9 7 7 6 8 8 8 5 7 7 7 7 6 6 5 4
1 2 2 3 3 3 3 3 4 4 4 4 5 5 5 5 5 5 6 6 6 5 6 6 6 6 6 6 7 7 7 7 7 7 6 8 8 8 8 8 7 6 6 8 7 9 9 9 7 7 8 8 8 8 5 7 7 7 7 6 6 5 4
1 2 2 3 3 3 3 3 4 4 4 4 5 5 5 5 5 5 6 6 6 5 6 6 6 6 6 6 7 7 7 7 7 7 6 8 8 8 8 8 7 6 8 8 7 9 9 7 7 7 8 8 8 8 7 7 7 7 7 6 6 5 4
1 2 2 3 3 3 3 3 4 4 4 4 5 5 5 5 5 5 6 6 6 5 6 6 6 6 6 6 7 7 7 7 7 7 6 8 8 8 8 8 7 8 8 6 7 7 9 9 9 7 6 6 8 8 7 7 7 7 7 6 6 5 4
1 2 2 3 3 3 3 3 4 4 4 4 5 5 5 5 5 5 6 6 6 5 6 6 6 6 6 6 7 7 7 7 7 7 6 8 8 8 8 8 7 8 8 8 7 7 7 9 7 7 6 8 8 8 7 7 7 7 7 6 6 5 4
1 2 2 3 3 3 3 3 4 4 4 4 5 5 5 5 5 5 6 6 6 5 6 6 6 6 6 6 7 7 7 7 7 7 6 8 8 8 8 8 7 8 8 8 7 7 9 9 7 7 6 8 8 8 7 7 7 7 7 6 6 5 4
1 2 2 3 3 3 3 3 4 4 4 4 5 5 5 5 5 5 6 6 6 5 6 6 6 6 6 6 7 7 7 7 7 7 6 8 8 8 8 8 9 6 6 6 7 9 9 9 9 9 8 8 8 8 7 7 7 7 7 6 6 5 4
1 2 2 3 3 3 3 3 4 4 4 4 5 5 5 5 5 5 6 6 6 5 6 6 6 6 6 6 7 7 7 7 7 7 6 8 8 8 8 8 9 6 8 6 7 7 9 9 9 7 8 8 8 8 7 7 7 7 7 6 6 5 4
1 2 2 3 3 3 3 3 4 4 4 4 5 5 5 5 5 5 6 6 6 5 6 6 6 6 6 6 7 7 7 7 7 7 6 8 8 8 8 8 9 6 8 6 7 7 9 9 9 9 8 8 8 8 7 7 7 7 7 6 6 5 4
1 2 2 3 3 3 3 3 4 4 4 4 5 5 5 5 5 5 6 6 6 5 6 6 6 6 6 6 7 7 7 7 7 7 6 8 8 8 8 8 9 6 8 6 7 9 9 7 9 7 8 8 8 8 7 7 7 7 7 6 6 5 4
1 2 2 3 3 3 3 3 4 4 4 4 5 5 5 5 5 5 6 6 6 5 6 6 6 6 6 6 7 7 7 7 7 7 6 8 8 8 8 8 9 6 8 6 7 9 9 9 7 9 8 8 8 8 7 7 7 7 7 6 6 5 4
1 2 2 3 3 3 3 3 4 4 4 4 5 5 5 5 5 5 6 6 6 5 6 6 6 6 6 6 7 7 7 7 7 7 6 8 8 8 8 8 9 6 8 6 7 9 9 9 9 7 8 8 8 8 7 7 7 7 7 6 6 5 4
1 2 2 3 3 3 3 3 4 4 4 4 5 5 5 5 5 5 6 6 6 5 6 6 6 6 6 6 7 7 7 7 7 7 6 8 8 8 8 8 9 6 8 8 7 7 9 7 9 9 8 8 8 8 7 7 7 7 7 6 6 5 4
1 2 2 3 3 3 3 3 4 4 4 4 5 5 5 5 5 5 6 6 6 5 6 6 6 6 6 6 7 7 7 7 7 7 6 8 8 8 8 8 9 6 8 8 7 7 9 9 9 9 8 8 8 8 7 7 7 7 7 6 6 5 4
1 2 2 3 3 3 3 3 4 4 4 4 5 5 5 5 5 5 6 6 6 5 6 6 6 6 6 6 7 7 7 7 7 7 6 8 8 8 8 8 9 6 8 8 7 9 9 7 7 9 8 8 8 8 7 7 7 7 7 6 6 5 4
1 2 2 3 3 3 3 3 4 4 4 4 5 5 5 5 5 5 6 6 6 5 6 6 6 6 6 6 7 7 7 7 7 7 6 8 8 8 8 8 9 6 8 8 7 9 9 9 7 9 8 8 8 8 7 7 7 7 7 6 6 5 4
1 2 2 3 3 3 3 3 4 4 4 4 5 5 5 5 5 5 6 6 6 5 6 6 6 6 6 6 7 7 7 7 7 7 6 8 8 8 8 8 9 8 8 6 7 7 9 9 9 7 8 6 8 8 7 7 7 7 7 6 6 5 4
1 2 2 3 3 3 3 3 4 4 4 4 5 5 5 5 5 5 6 6 6 5 6 6 6 6 6 6 7 7 7 7 7 7 6 8 8 8 8 8 9 8 8 6 7 7 9 9 9 7 8 8 8 8 7 7 7 7 7 6 6 5 4
1 2 2 3 3 3 3 3 4 4 4 4 5 5 5 5 5 5 6 6 6 5 6 6 6 6 6 6 7 7 7 7 7 7 6 8 8 8 8 8 9 8 8 6 7 7 9 9 9 9 8 6 8 8 7 7 7 7 7 6 6 5 4
1 2 2 3 3 3 3 3 4 4 4 4 5 5 5 5 5 5 6 6 6 5 6 6 6 6 6 6 7 7 7 7 7 7 6 8 8 8 8 8 9 8 8 6 7 7 9 9 9 9 8 8 8 8 7 7 7 7 7 6 6 5 4
1 2 2 3 3 3 3 3 4 4 4 4 5 5 5 5 5 5 6 6 6 5 6 6 6 6 6 6 7 7 7 7 7 7 6 8 8 8 8 8 9 8 8 6 7 9 9 7 7 9 8 8 8 8 7 7 7 7 7 6 6 5 4
1 2 2 3 3 3 3 3 4 4 4 4 5 5 5 5 5 5 6 6 6 5 6 6 6 6 6 6 7 7 7 7 7 7 6 8 8 8 8 8 9 8 8 6 7 9 9 9 7 9 8 6 8 8 7 7 7 7 7 6 6 5 4
1 2 2 3 3 3 3 3 4 4 4 4 5 5 5 5 5 5 6 6 6 5 6 6 6 6 6 6 7 7 7 7 7 7 6 8 8 8 8 8 9 8 8 6 7 9 9 9 7 9 8 8 8 8 7 7 7 7 7 6 6 5 4
1 2 2 3 3 3 3 3 4 4 4 4 5 5 5 5 5 5 6 6 6 5 6 6 6 6 6 6 7 7 7 7 7 7 8 8 8 8 8 8 9 6 6 6 7 9 9 7 9 9 8 8 8 8 7 7 7 7 7 6 6 5 4
1 2 2 3 3 3 3 3 4 4 4 4 5 5 5 5 5 5 6 6 6 5 6 6 6 6 6 6 7 7 7 7 7 7 8 8 8 8 8 8 9 6 6 6 7 9 9 9 9 9 8 8 8 8 7 7 7 7 7 6 6 5 4
1 2 2 3 3 3 3 3 4 4 4 4 5 5 5 5 5 5 6 6 6 5 6 6 6 6 6 6 7 7 7 7 7 7 8 8 8 8 8 8 9 6 6 6 9 9 9 9 9 9 8 8 8 8 7 7 7 7 7 6 6 5 4
1 2 2 3 3 3 3 3 4 4 4 4 5 5 5 5 5 5 6 6 6 5 6 6 6 6 6 6 7 7 7 7 7 7 8 8 8 8 8 8 9 6 6 8 7 7 9 7 9 7 8 8 8 8 7 7 7 7 7 6 6 5 4
1 2 2 3 3 3 3 3 4 4 4 4 5 5 5 5 5 5 6 6 6 5 6 6 6 6 6 6 7 7 7 7 7 7 8 8 8 8 8 8 9 6 6 8 7 7 9 7 9 9 8 8 8 8 7 7 7 7 7 6 6 5 4
1 2 2 3 3 3 3 3 4 4 4 4 5 5 5 5 5 5 6 6 6 5 6 6 6 6 6 6 7 7 7 7 7 7 8 8 8 8 8 8 9 6 6 8 7 7 9 9 9 9 8 8 8 8 7 7 7 7 7 6 6 5 4
1 2 2 3 3 3 3 3 4 4 4 4 5 5 5 5 5 5 6 6 6 5 6 6 6 6 6 6 7 7 7 7 7 7 8 8 8 8 8 8 9 6 6 8 7 9 9 9 9 9 8 8 8 8 7 7 7 7 7 6 6 5 4
1 2 2 3 3 3 3 3 4 4 4 4 5 5 5 5 5 5 6 6 6 5 6 6 6 6 6 6 7 7 7 7 7 7 8 8 8 8 8 8 9 6 6 8 9 7 9 9 7 9 8 8 8 8 7 7 7 7 7 6 6 5 4
1 2 2 3 3 3 3 3 4 4 4 4 5 5 5 5 5 5 6 6 6 5 6 6 6 6 6 6 7 7 7 7 7 7 8 8 8 8 8 8 9 6 6 8 9 9 9 9 9 9 8 8 8 8 7 7 7 7 7 6 6 5 4
1 2 2 3 3 3 3 3 4 4 4 4 5 5 5 5 5 5 6 6 6 5 6 6 6 6 6 6 7 7 7 7 7 7 8 8 8 8 8 8 9 6 8 8 7 7 9 7 9 9 8 8 8 6 7 7 7 7 7 6 6 5 4
1 2 2 3 3 3 3 3 4 4 4 4 5 5 5 5 5 5 6 6 6 5 6 6 6 6 6 6 7 7 7 7 7 7 8 8 8 8 8 8 9 6 8 8 7 7 9 7 9 9 8 8 8 8 7 7 7 7 7 6 6 5 4
1 2 2 3 3 3 3 3 4 4 4 4 5 5 5 5 5 5 6 6 6 5 6 6 6 6 6 6 7 7 7 7 7 7 8 8 8 8 8 8 9 6 8 8 7 7 9 9 9 9 8 8 8 6 7 7 7 7 7 6 6 5 4
1 2 2 3 3 3 3 3 4 4 4 4 5 5 5 5 5 5 6 6 6 5 6 6 6 6 6 6 7 7 7 7 7 7 8 8 8 8 8 8 9 6 8 8 7 7 9 9 9 9 8 8 8 8 7 7 7 7 7 6 6 5 4
1 2 2 3 3 3 3 3 4 4 4 4 5 5 5 5 5 5 6 6 6 5 6 6 6 6 6 6 7 7 7 7 7 7 8 8 8 8 8 8 9 6 8 8 7 9 7 9 9 9 8 8 8 8 7 7 7 7 7 6 6 5 4
1 2 2 3 3 3 3 3 4 4 4 4 5 5 5 5 5 5 6 6 6 5 6 6 6 6 6 6 7 7 7 7 7 7 8 8 8 8 8 8 9 6 8 8 7 9 9 9 7 9 8 8 8 8 7 7 7 7 7 6 6 5 4
1 2 2 3 3 3 3 3 4 4 4 4 5 5 5 5 5 5 6 6 6 5 6 6 6 6 6 6 7 7 7 7 7 7 8 8 8 8 8 8 9 6 8 8 7 9 9 9 9 9 8 8 8 8 7 7 7 7 7 6 6 5 4
1 2 2 3 3 4 3 3 4 4 5 4 5 5 6 5 5 6 6 7 7 5 6 6 7 6 6 7 5 8 8 7 7 6 8 9 9 8 9 9 10 8 8 7 7 8 10 7 8 10 9 10 9 9 8 8 9 8 8 7 7 6 5
1 2 2 3 3 4 3 3 4 4 5 4 5 5 6 5 5 6 6 7 7 5 6 6 7 6 6 7 5 8 8 7 7 8 8 9 9 8 9 9 10 8 8 9 7 8 10 7 8 10 9 10 9 7 8 8 9 8 8 7 7 6 5
1 2 2 3 3 4 3 3 4 4 5 4 5 5 6 5 5 6 6 7 7 5 6 6 7 6 6 7 7 8 8 5 7 6 8 7 9 8 9 9 10 6 8 7 9 8 10 9 10 10 9 8 7 9 8 8 9 8 8 7 7 6 5
1 2 2 3 3 4 3 3 4 4 5 4 5 5 6 5 5 6 6 7 7 5 6 6 7 6 6 7 7 8 8 5 7 8 8 9 7 8 9 9 10 6 8 9 9 10 8 9 10 10 9 8 9 9 8 8 9 8 8 7 7 6 5
1 2 2 3 3 4 3 3 4 4 5 4 5 5 6 5 5 6 6 7 7 5 6 6 7 6 6 7 7 8 8 5 7 8 8 9 9 8 9 9 10 6 8 7 9 10 8 9 10 10 9 8 9 9 8 8 9 8 8 7 7 6 5
1 2 2 3 3 4 3 3 4 4 5 4 5 5 6 5 5 6 6 7 7 5 6 6 7 6 6 7 7 8 8 5 7 8 8 9 9 8 9 9 10 6 8 9 9 8 8 9 8 8 9 8 9 9 8 8 9 8 8 7 7 6 5
1 2 2 3 3 4 3 3 4 4 5 4 5 5 6 5 5 6 6 7 7 5 6 6 7 6 6 7 7 8 8 7 7 6 6 7 9 8 9 9 8 8 8 7 7 8 10 9 10 10 9 8 7 9 8 8 9 8 8 7 7 6 5
1 2 2 3 3 4 3 3 4 4 5 4 5 5 6 5 5 6 6 7 7 5 6 6 7 6 6 7 7 8 8 7 7 6 6 7 9 8 9 9 10 8 8 7 7 8 10 9 10 10 9 8 7 9 8 8 9 8 8 7 7 6 5
1 2 2 3 3 4 3 3 4 4 5 4 5 5 6 5 5 6 6 7 7 5 6 6 7 6 6 7 7 8 8 7 7 6 6 9 9 8 9 9 10 8 8 7 7 8 10 9 8 10 9 8 9 9 8 8 9 8 8 7 7 6 5
1 2 2 3 3 4 3 3 4 4 5 4 5 5 6 5 5 6 6 7 7 5 6 6 7 6 6 7 7 8 8 7 7 6 8 9 9 8 9 9 10 8 8 7 7 8 10 9 8 8 9 10 9 9 8 8 9 8 8 7 7 6 5
1 2 2 3 3 4 3 3 4 4 5 4 5 5 6 5 5 6 6 7 7 5 6 6 7 6 6 7 7 8 8 7 7 6 8 9 9 8 9 9 10 8 8 7 7 8 10 9 8 10 9 10 9 7 8 8 9 8 8 7 7 6 5
1 2 2 3 3 4 3 3 4 4 5 4 5 5 6 5 5 6 6 7 7 5 6 6 7 6 6 7 7 8 8 7 7 6 8 9 9 8 9 9 10 8 8 7 7 8 10 9 8 10 9 10 9 9 8 8 9 8 8 7 7 6 5
1 2 2 3 3 4 3 3 4 4 5 4 5 5 6 5 5 6 6 7 7 5 6 6 7 6 6 7 7 8 8 7 7 6 8 9 9 8 9 9 10 8 8 7 9 8 10 9 8 10 9 10 9 9 8 8 9 8 8 7 7 6 5
1 2 2 3 3 4 3 3 4 4 5 4 5 5 6 5 5 6 6 7 7 5 6 6 7 6 6 7 7 8 8 7 7 8 6 7 9 8 9 9 8 8 8 9 7 8 8 9 10 8 7 8 9 9 8 8 9 8 8 7 7 6 5
1 2 2 3 3 4 3 3 4 4 5 4 5 5 6 5 5 6 6 7 7 5 6 6 7 6 6 7 7 8 8 7 7 8 6 7 9 8 9 9 8 8 8 9 7 8 10 9 10 10 9 8 7 7 8 8 9 8 8 7 7 6 5
1 2 2 3 3 4 3 3 4 4 5 4 5 5 6 5 5 6 6 7 7 5 6 6 7 6 6 7 7 8 8 7 7 8 6 7 9 8 9 9 10 8 8 7 7 8 10 9 10 8 9 8 9 9 8 8 9 8 8 7 7 6 5
1 2 2 3 3 4 3 3 4 4 5 4 5 5 6 5 5 6 6 7 7 5 6 6 7 6 6 7 7 8 8 7 7 8 6 9 9 8 7 9 8 8 8 9 7 10 8 9 8 8 7 8 9 9 8 8 9 8 8 7 7 6 5
1 2 2 3 3 4 3 3 4 4 5 4 5 5 6 5 5 6 6 7 7 5 6 6 7 6 6 7 7 8 8 7 7 8 6 9 9 8 9 9 10 8 8 7 7 8 10 9 10 8 9 8 9 9 8 8 9 8 8 7 7 6 5
1 2 2 3 3 4 3 3 4 4 5 4 5 5 6 5 5 6 6 7 7 5 6 6 7 6 6 7 7 8 8 7 7 8 6 9 9 8 9 9 10 8 8 7 7 8 10 9 10 10 9 8 9 9 8 8 9 8 8 7 7 6 5
1 2 2 3 3 4 3 3 4 4 5 4 5 5 6 5 5 6 6 7 7 5 6 6 7 6 6 7 7 8 8 7 7 8 6 9 9 8 9 9 10 8 8 7 7 10 10 9 8 10 9 8 9 9 8 8 9 8 8 7 7 6 5
1 2 2 3 3 4 3 3 4 4 5 4 5 5 6 5 5 6 6 7 7 5 6 6 7 6 6 7 7 8 8 7 7 8 8 7 9 8 9 9 8 8 8 9 9 8 8 7 10 8 7 10 9 9 8 8 9 8 8 7 7 6 5
1 2 2 3 3 4 3 3 4 4 5 4 5 5 6 5 5 6 6 7 7 5 6 6 7 6 6 7 7 8 8 7 7 8 8 7 9 8 9 9 10 8 6 7 9 8 10 9 10 10 9 10 9 9 8 8 9 8 8 7 7 6 5
1 2 2 3 3 4 3 3 4 4 5 4 5 5 6 5 5 6 6 7 7 5 6 6 7 6 6 7 7 8 8 7 7 8 8 9 9 8 9 9 10 6 8 7 9 8 10 9 10 10 9 10 9 9 8 8 9 8 8 7 7 6 5
1 2 2 3 3 4 3 3 4 4 5 4 5 5 6 5 5 6 6 7 7 5 6 6 7 6 6 7 7 8 8 7 7 8 8 9 9 8 9 9 10 6 8 7 9 10 10 9 10 10 9 10 9 9 8 8 9 8 8 7 7 6 5
1 2 2 3 3 4 3 3 4 4 5 4 5 5 6 5 5 6 6 7 7 5 6 6 7 6 6 7 7 8 8 7 7 8 8 9 9 8 9 9 10 6 8 9 9 8 10 9 10 10 9 10 9 9 8 8 9 8 8 7 7 6 5
1 2 2 3 3 4 3 3 4 4 5 4 5 5 6 5 5 6 6 7 7 5 6 6 7 6 6 7 7 8 8 7 7 8 8 9 9 8 9 9 10 8 8 7 9 8 10 9 10 10 9 10 9 9 8 8 9 8 8 7 7 6 5
1 2 2 3 3 5 3 3 4 4 6 4 5 5 7 5 5 7 6 8 8 5 6 6 8 6 6 8 7 9 9 7 7 7 8 10 10 8 10 10 11 8 8 8 9 9 11 9 9 11 10 10 10 10 9 9 11 9 9 8 8 7 6
1 2 2 3 3 5 3 3 4 4 6 4 5 5 7 5 5 7 6 8 8 5 6 6 8 6 6 8 7 9 9 7 7 9 8 10 10 8 10 10 11 8 8 8 9 9 11 9 11 11 10 10 10 10 9 9 11 9 9 8 8 7 6
1 2 2 3 4 4 3 3 4 5 5 4 5 6 6 5 6 6 7 7 8 5 6 7 7 6 7 7 6 8 7 7 6 6 9 9 8 9 9 10 9 8 7 7 8 10 7 8 10 9 8 9 9 8 7 7 8 8 7 6 6 5 4
1 2 2 3 4 4 3 3 4 5 5 4 5 6 6 5 6 6 7 7 8 5 6 7 7 6 7 7 6 8 7 7 8 6 7 9 8 9 9 10 9 8 9 7 6 10 7 8 10 9 8 9 9 8 7 7 8 8 7 6 6 5 4
1 2 2 3 4 4 3 3 4 5 5 4 5 6 6 5 6 6 7 7 8 5 6 7 7 6 7 7 6 8 7 7 8 6 9 9 8 9 9 8 9 8 7 7 8 10 7 8 10 7 8 9 9 8 7 7 8 8 7 6 6 5 4
1 2 2 3 4 4 3 3 4 5 5 4 5 6 6 5 6 6 7 7 8 5 6 7 7 6 7 7 6 8 9 7 8 6 7 9 8 9 9 10 9 8 9 7 6 10 7 8 10 9 8 9 9 8 7 7 8 8 7 6 6 5 4
1 2 2 3 4 4 3 3 4 5 5 4 5 6 6 5 6 6 7 7 8 5 6 7 7 6 7 7 8 8 7 7 8 8 7 9 8 9 9 8 7 8 9 9 8 8 7 10 8 7 6 9 9 8 7 7 8 8 7 6 6 5 4
1 2 2 3 4 4 3 3 4 5 5 4 5 6 6 5 6 6 7 7 8 5 6 7 7 6 7 7 8 8 7 7 8 8 7 9 10 9 9 8 7 8 9 9 8 8 9 10 8 7 6 9 9 8 7 7 8 8 7 6 6 5 4
1 2 2 3 4 4 3 3 4 5 5 4 5 6 6 5 6 6 7 7 8 5 6 7 7 6 7 7 8 8 9 7 8 8 9 9 10 9 9 10 11 8 7 7 10 10 11 10 10 11 10 11 11 10 9 9 10 10 9 8 8 7 6
1 2 3 3 3 3 3 4 4 4 4 5 5 5 5 6 6 6 6 6 6 4 6 6 6 7 7 7 7 7 7 6 8 8 6 6 8 9 9 9 7 5 7 7 7 7 9 8 8 8 8 7 7 7 7 6 6 6 6 6 5 4 3
1 2 3 3 3 3 3 4 4 4 4 5 5 5 5 6 6 6 6 6 6 4 6 6 6 7 7 7 7 7 7 6 8 8 8 8 8 7 7 9 7 5 7 7 7 7 9 8 8 8 8 7 7 7 7 6 6 6 6 6 5 4 3
1 2 3 3 3 3 3 4 4 4 4 5 5 5 5 6 6 6 6 6 6 6 6 6 6 5 5 7 7 7 7 6 8 6 8 6 8 7 9 9 9 5 7 7 9 7 9 6 8 8 8 7 7 7 7 6 6 6 6 6 5 4 3
1 2 3 3 3 3 3 4 4 4 4 5 5 5 5 6 6 6 6 6 6 6 6 6 6 5 5 7 7 7 7 6 8 8 8 6 6 7 9 9 9 5 7 7 9 7 7 6 8 8 8 7 7 7 7 6 6 6 6 6 5 4 3
1 2 3 3 3 3 3 4 4 4 4 5 5 5 5 6 6 6 6 6 6 6 6 6 6 5 5 7 7 7 7 6 8 8 8 6 6 7 9 9 9 5 7 9 7 7 7 6 8 8 8 7 7 7 7 6 6 6 6 6 5 4 3
1 2 3 3 3 3 3 4 4 4 4 5 5 5 5 6 6 6 6 6 6 6 6 6 6 5 5 7 7 7 7 6 8 8 8 6 6 7 9 9 9 5 7 9 9 7 7 6 8 8 8 7 7 7 7 6 6 6 6 6 5 4 3
1 2 3 3 3 3 3 4 4 4 4 5 5 5 5 6 6 6 6 6 6 6 6 6 6 5 5 7 7 7 7 6 8 8 8 6 8 7 7 9 9 5 7 7 9 7 9 6 6 8 8 7 7 7 7 6 6 6 6 6 5 4 3
1 2 3 3 3 3 3 4 4 4 4 5 5 5 5 6 6 6 6 6 6 6 6 6 6 5 5 7 7 7 7 6 8 8 8 6 8 7 7 9 9 5 7 9 7 7 9 6 6 8 8 7 7 7 7 6 6 6 6 6 5 4 3
1 2 3 3 3 3 3 4 4 4 4 5 5 5 5 6 6 6 6 6 6 6 6 6 6 5 5 7 7 7 7 6 8 8 8 6 8 7 7 9 9 5 7 9 9 7 9 6 6 8 8 7 7 7 7 6 6 6 6 6 5 4 3
1 2 3 3 3 3 3 4 4 4 4 5 5 5 5 6 6 6 6 6 6 6 6 6 6 5 5 7 7 7 7 6 8 8 8 6 8 7 9 7 7 5 7 9 9 7 9 6 8 6 8 7 7 7 7 6 6 6 6 6 5 4 3
1 2 3 3 3 3 3 4 4 4 4 5 5 5 5 6 6 6 6 6 6 6 6 6 6 5 5 7 7 7 7 6 8 8 8 6 8 7 9 9 7 5 7 9 7 7 9 6 8 8 8 7 7 7 7 6 6 6 6 6 5 4 3
1 2 3 3 3 3 3 4 4 4 4 5 5 5 5 6 6 6 6 6 6 6 6 6 6 5 5 7 7 7 7 6 8 8 8 6 8 7 9 9 7 5 7 9 9 7 9 6 8 8 8 7 7 7 7 6 6 6 6 6 5 4 3
1 2 3 3 3 3 3 4 4 4 4 5 5 5 5 6 6 6 6 6 6 6 6 6 6 5 5 7 7 7 7 6 8 8 8 6 8 7 9 9 9 5 7 7 7 7 9 6 8 8 8 7 7 7 7 6 6 6 6 6 5 4 3
1 2 3 3 3 3 3 4 4 4 4 5 5 5 5 6 6 6 6 6 6 6 6 6 6 5 5 7 7 7 7 6 8 8 8 6 8 7 9 9 9 5 7 7 9 7 9 6 8 8 8 7 7 7 7 6 6 6 6 6 5 4 3
1 2 3 3 3 3 3 4 4 4 4 5 5 5 5 6 6 6 6 6 6 6 6 6 6 5 5 7 7 7 7 6 8 8 8 8 6 7 9 9 7 5 7 9 9 9 7 6 8 8 8 7 7 7 7 6 6 6 6 6 5 4 3
1 2 3 3 3 3 3 4 4 4 4 5 5 5 5 6 6 6 6 6 6 6 6 6 6 5 5 7 7 7 7 6 8 8 8 8 6 7 9 9 9 5 7 7 9 9 7 6 8 8 8 7 7 7 7 6 6 6 6 6 5 4 3
1 2 3 3 3 3 3 4 4 4 4 5 5 5 5 6 6 6 6 6 6 6 6 6 6 5 5 7 7 7 7 6 8 8 8 8 8 7 9 9 7 5 7 9 7 9 9 6 8 8 8 7 7 7 7 6 6 6 6 6 5 4 3
1 2 3 3 3 3 3 4 4 4 4 5 5 5 5 6 6 6 6 6 6 6 6 6 6 5 5 7 7 7 7 8 8 6 6 6 8 7 9 9 7 7 7 7 7 7 9 6 8 8 8 7 7 7 7 6 6 6 6 6 5 4 3
1 2 3 3 3 3 3 4 4 4 4 5 5 5 5 6 6 6 6 6 6 6 6 6 6 5 5 7 7 7 7 8 8 6 6 6 8 7 9 9 9 7 7 7 7 7 9 6 8 8 8 7 7 7 7 6 6 6 6 6 5 4 3
1 2 3 3 3 3 3 4 4 4 4 5 5 5 5 6 6 6 6 6 6 6 6 6 6 5 5 7 7 7 7 8 8 6 6 8 8 7 7 9 9 7 7 7 7 9 9 6 6 8 8 7 7 7 7 6 6 6 6 6 5 4 3
1 2 3 3 3 3 3 4 4 4 4 5 5 5 5 6 6 6 6 6 6 6 6 6 6 5 5 7 7 7 7 8 8 6 8 6 6 7 9 9 9 7 7 7 7 7 7 6 8 8 8 7 7 7 7 6 6 6 6 6 5 4 3
1 2 3 3 3 3 3 4 4 4 4 5 5 5 5 6 6 6 6 6 6 6 6 6 6 5 5 7 7 7 7 8 8 6 8 6 8 7 9 7 9 7 7 7 7 7 9 6 8 6 8 7 7 7 7 6 6 6 6 6 5 4 3
1 2 3 3 3 3 3 4 4 4 4 5 5 5 5 6 6 6 6 6 6 6 6 6 6 5 5 7 7 7 7 8 8 6 8 8 8 7 7 7 9 7 7 7 7 9 9 6 6 6 8 7 7 7 7 6 6 6 6 6 5 4 3
1 2 3 3 3 3 3 4 4 4 4 5 5 5 5 6 6 6 6 6 6 6 6 6 6 5 5 7 7 7 7 8 8 8 6 6 8 7 9 9 7 7 7 9 7 7 9 6 8 8 8 7 7 7 7 6 6 6 6 6 5 4 3
1 2 3 3 3 3 3 4 4 4 4 5 5 5 5 6 6 6 6 6 6 6 6 6 6 5 5 7 7 7 7 8 8 8 6 6 8 7 9 9 9 7 7 7 7 7 9 6 8 8 8 7 7 7 7 6 6 6 6 6 5 4 3
1 2 3 3 3 3 3 4 4 4 4 5 5 5 5 6 6 6 6 6 6 6 6 6 6 5 5 7 7 7 7 8 8 8 8 6 6 5 9 9 9 7 7 9 9 7 7 4 8 8 8 7 7 7 7 6 6 6 6 6 5 4 3
1 2 3 3 3 3 3 4 4 4 4 5 5 5 5 6 6 6 6 6 6 6 6 6 6 5 5 7 7 7 7 8 8 8 8 6 6 7 7 7 7 7 7 7 9 7 7 6 6 6 8 7 7 7 7 6 6 6 6 6 5 4 3
1 2 3 3 3 3 3 4 4 4 4 5 5 5 5 6 6 6 6 6 6 6 6 6 6 5 5 7 7 7 7 8 8 8 8 6 8 5 7 9 9 7 7 9 9 7 9 4 6 8 8 7 7 7 7 6 6 6 6 6 5 4 3
1 2 3 3 3 3 3 4 4 4 4 5 5 5 5 6 6 6 6 6 6 6 6 6 6 5 5 7 7 7 7 8 8 8 8 6 8 5 9 9 7 7 7 9 9 7 9 4 8 8 8 7 7 7 7 6 6 6 6 6 5 4 3
1 2 3 3 3 3 3 4 4 4 4 5 5 5 5 6 6 6 6 6 6 6 6 6 6 5 5 7 7 7 7 8 8 8 8 6 8 5 9 9 9 7 7 7 9 7 9 4 8 8 8 7 7 7 7 6 6 6 6 6 5 4 3
1 2 3 3 3 3 3 4 4 4 4 5 5 5 5 6 6 6 6 6 6 6 6 6 6 5 7 7 7 7 7 6 6 8 6 8 6 9 9 9 9 5 7 7 7 9 7 8 8 8 8 7 7 7 7 6 6 6 6 6 5 4 3
1 2 3 3 3 3 3 4 4 4 4 5 5 5 5 6 6 6 6 6 6 6 6 6 6 5 7 7 7 7 7 6 6 8 6 8 8 9 9 7 9 5 7 9 7 9 9 8 8 8 8 7 7 7 7 6 6 6 6 6 5 4 3
1 2 3 3 3 3 3 4 4 4 4 5 5 5 5 6 6 6 6 6 6 6 6 6 6 5 7 7 7 7 7 6 6 8 8 8 6 7 9 9 7 5 7 9 9 9 7 6 8 8 8 7 7 7 7 6 6 6 6 6 5 4 3
1 2 3 3 3 3 3 4 4 4 4 5 5 5 5 6 6 6 6 6 6 6 6 6 6 5 7 7 7 7 7 6 6 8 8 8 6 7 9 9 9 5 7 7 9 9 7 6 8 8 8 7 7 7 7 6 6 6 6 6 5 4 3
1 2 3 3 3 3 3 4 4 4 4 5 5 5 5 6 6 6 6 6 6 6 6 6 6 5 7 7 7 7 7 6 6 8 8 8 6 7 9 9 9 5 7 9 7 7 7 6 8 8 8 7 7 7 7 6 6 6 6 6 5 4 3
1 2 3 3 3 3 3 4 4 4 4 5 5 5 5 6 6 6 6 6 6 6 6 6 6 5 7 7 7 7 7 6 6 8 8 8 6 7 9 9 9 5 7 9 9 7 7 6 8 8 8 7 7 7 7 6 6 6 6 6 5 4 3
1 2 3 3 3 3 3 4 4 4 4 5 5 5 5 6 6 6 6 6 6 6 6 6 6 5 7 7 7 7 7 6 6 8 8 8 6 9 7 9 7 5 7 9 9 9 7 8 6 8 8 7 7 7 7 6 6 6 6 6 5 4 3
1 2 3 3 3 3 3 4 4 4 4 5 5 5 5 6 6 6 6 6 6 6 6 6 6 5 7 7 7 7 7 6 6 8 8 8 6 9 9 7 9 5 7 9 9 9 7 8 8 8 8 7 7 7 7 6 6 6 6 6 5 4 3
1 2 3 3 3 3 3 4 4 4 4 5 5 5 5 6 6 6 6 6 6 6 6 6 6 5 7 7 7 7 7 6 6 8 8 8 6 9 9 9 7 5 7 9 7 7 7 8 8 8 8 7 7 7 7 6 6 6 6 6 5 4 3
1 2 3 3 3 3 3 4 4 4 4 5 5 5 5 6 6 6 6 6 6 6 6 6 6 5 7 7 7 7 7 6 6 8 8 8 8 7 9 7 9 5 7 9 7 9 9 6 8 8 8 7 7 7 7 6 6 6 6 6 5 4 3
1 2 3 3 3 3 3 4 4 4 4 5 5 5 5 6 6 6 6 6 6 6 6 6 6 5 7 7 7 7 7 6 6 8 8 8 8 7 9 7 9 5 7 9 9 9 9 6 8 8 8 7 7 7 7 6 6 6 6 6 5 4 3
1 2 3 3 3 3 3 4 4 4 4 5 5 5 5 6 6 6 6 6 6 6 6 6 6 5 7 7 7 7 7 6 6 8 8 8 8 7 9 9 7 5 7 9 7 9 9 6 8 8 8 7 7 7 7 6 6 6 6 6 5 4 3
1 2 3 3 3 3 3 4 4 4 4 5 5 5 5 6 6 6 6 6 6 6 6 6 6 5 7 7 7 7 7 6 6 8 8 8 8 7 9 9 7 5 7 9 9 9 9 6 8 8 8 7 7 7 7 6 6 6 6 6 5 4 3
1 2 3 3 3 3 3 4 4 4 4 5 5 5 5 6 6 6 6 6 6 6 6 6 6 5 7 7 7 7 7 6 8 8 8 8 6 7 9 7 7 5 7 9 9 9 7 6 8 8 8 7 7 7 7 6 6 6 6 6 5 4 3
1 2 3 3 3 3 3 4 4 4 4 5 5 5 5 6 6 6 6 6 6 6 6 6 6 5 7 7 7 7 7 6 8 8 8 8 6 7 9 7 7 5 9 7 9 9 7 6 8 8 8 7 7 7 7 6 6 6 6 6 5 4 3
1 2 3 3 3 3 3 4 4 4 4 5 5 5 5 6 6 6 6 6 6 6 6 6 6 5 7 7 7 7 7 6 8 8 8 8 6 7 9 7 9 5 7 7 9 9 7 6 8 8 8 7 7 7 7 6 6 6 6 6 5 4 3
1 2 3 3 3 3 3 4 4 4 4 5 5 5 5 6 6 6 6 6 6 6 6 6 6 5 7 7 7 7 7 6 8 8 8 8 6 7 9 7 9 5 9 7 7 9 7 6 8 8 8 7 7 7 7 6 6 6 6 6 5 4 3
1 2 3 3 3 3 3 4 4 4 4 5 5 5 5 6 6 6 6 6 6 6 6 6 6 5 7 7 7 7 7 6 8 8 8 8 6 7 9 7 9 5 9 7 9 7 7 6 8 8 8 7 7 7 7 6 6 6 6 6 5 4 3
1 2 3 3 3 3 3 4 4 4 4 5 5 5 5 6 6 6 6 6 6 6 6 6 6 5 7 7 7 7 7 6 8 8 8 8 6 7 9 7 9 5 9 9 7 9 7 6 8 8 8 7 7 7 7 6 6 6 6 6 5 4 3
1 2 3 3 3 3 3 4 4 4 4 5 5 5 5 6 6 6 6 6 6 6 6 6 6 5 7 7 7 7 7 6 8 8 8 8 6 7 9 7 9 5 9 9 9 7 7 6 8 8 8 7 7 7 7 6 6 6 6 6 5 4 3
1 2 3 3 3 3 3 4 4 4 4 5 5 5 5 6 6 6 6 6 6 6 6 6 6 5 7 7 7 7 7 6 8 8 8 8 6 7 9 7 9 5 9 9 9 9 7 6 8 8 8 7 7 7 7 6 6 6 6 6 5 4 3
1 2 3 3 3 3 3 4 4 4 4 5 5 5 5 6 6 6 6 6 6 6 6 6 6 5 7 7 7 7 7 6 8 8 8 8 6 9 9 7 7 5 7 9 9 9 7 8 8 8 8 7 7 7 7 6 6 6 6 6 5 4 3
1 2 3 3 3 3 3 4 4 4 4 5 5 5 5 6 6 6 6 6 6 6 6 6 6 5 7 7 7 7 7 6 8 8 8 8 6 9 9 7 9 5 9 9 9 9 7 8 8 8 8 7 7 7 7 6 6 6 6 6 5 4 3
1 2 3 3 3 3 3 4 4 4 4 5 5 5 5 6 6 6 6 6 6 6 6 6 6 5 7 7 7 7 7 6 8 8 8 8 8 9 9 7 7 5 7 9 7 9 9 8 8 8 8 7 7 7 7 6 6 6 6 6 5 4 3
1 2 3 3 3 3 3 4 4 4 4 5 5 5 5 6 6 6 6 6 6 6 6 6 6 5 7 7 7 7 7 6 8 8 8 8 8 9 9 7 7 5 7 9 9 7 9 8 8 8 8 7 7 7 7 6 6 6 6 6 5 4 3
1 2 3 3 3 3 3 4 4 4 4 5 5 5 5 6 6 6 6 6 6 6 6 6 6 5 7 7 7 7 7 8 6 6 8 8 6 9 9 9 9 7 5 7 7 9 7 8 8 8 8 7 7 7 7 6 6 6 6 6 5 4 3
1 2 3 3 3 3 3 4 4 4 4 5 5 5 5 6 6 6 6 6 6 6 6 6 6 5 7 7 7 7 7 8 6 6 8 8 6 9 9 9 9 7 7 7 7 9 7 8 8 8 8 7 7 7 7 6 6 6 6 6 5 4 3
1 2 3 3 3 3 3 4 4 4 4 5 5 5 5 6 6 6 6 6 6 6 6 6 6 5 7 7 7 7 7 8 6 6 8 8 8 7 7 7 9 7 7 7 9 9 9 6 6 8 8 7 7 7 7 6 6 6 6 6 5 4 3
1 2 3 3 3 3 3 4 4 4 4 5 5 5 5 6 6 6 6 6 6 6 6 6 6 5 7 7 7 7 7 8 6 6 8 8 8 7 7 9 9 7 7 7 7 7 9 6 6 8 8 7 7 7 7 6 6 6 6 6 5 4 3
1 2 3 3 3 3 3 4 4 4 4 5 5 5 5 6 6 6 6 6 6 6 6 6 6 5 7 7 7 7 7 8 6 6 8 8 8 9 9 7 9 7 7 7 7 9 9 8 8 8 8 7 7 7 7 6 6 6 6 6 5 4 3
1 2 3 3 3 3 3 4 4 4 4 5 5 5 5 6 6 6 6 6 6 6 6 6 6 5 7 7 7 7 7 8 6 6 8 8 8 9 9 7 9 7 7 7 9 9 9 8 8 8 8 7 7 7 7 6 6 6 6 6 5 4 3
1 2 3 3 3 3 3 4 4 4 4 5 5 5 5 6 6 6 6 6 6 6 6 6 6 5 7 7 7 7 7 8 6 8 8 6 6 7 7 9 9 7 7 7 9 7 7 6 6 8 8 7 7 7 7 6 6 6 6 6 5 4 3
1 2 3 3 3 3 3 4 4 4 4 5 5 5 5 6 6 6 6 6 6 6 6 6 6 5 7 7 7 7 7 8 6 8 8 6 6 7 9 7 9 7 7 9 7 7 7 6 8 8 8 7 7 7 7 6 6 6 6 6 5 4 3
1 2 3 3 3 3 3 4 4 4 4 5 5 5 5 6 6 6 6 6 6 6 6 6 6 5 7 7 7 7 7 8 6 8 8 6 6 7 9 9 9 7 7 9 7 7 7 6 8 8 8 7 7 7 7 6 6 6 6 6 5 4 3
1 2 3 3 3 3 3 4 4 4 4 5 5 5 5 6 6 6 6 6 6 6 6 6 6 5 7 7 7 7 7 8 6 8 8 6 8 7 7 9 9 7 7 7 9 7 9 6 6 8 8 7 7 7 7 6 6 6 6 6 5 4 3
1 2 3 3 3 3 3 4 4 4 4 5 5 5 5 6 6 6 6 6 6 6 6 6 6 5 7 7 7 7 7 8 6 8 8 8 6 7 7 7 9 7 7 7 9 9 7 6 6 8 8 7 7 7 7 6 6 6 6 6 5 4 3
1 2 3 3 3 3 3 4 4 4 4 5 5 5 5 6 6 6 6 6 6 6 6 6 6 5 7 7 7 7 7 8 6 8 8 8 6 7 7 7 9 7 7 9 9 9 7 6 6 8 8 7 7 7 7 6 6 6 6 6 5 4 3
1 2 3 3 3 3 3 4 4 4 4 5 5 5 5 6 6 6 6 6 6 6 6 6 6 5 7 7 7 7 7 8 6 8 8 8 6 7 9 7 9 7 7 7 7 9 7 6 8 8 8 7 7 7 7 6 6 6 6 6 5 4 3
1 2 3 3 3 3 3 4 4 4 4 5 5 5 5 6 6 6 6 6 6 6 6 6 6 5 7 7 7 7 7 8 6 8 8 8 6 7 9 7 9 7 7 9 7 7 7 6 8 8 8 7 7 7 7 6 6 6 6 6 5 4 3
1 2 3 3 3 3 3 4 4 4 4 5 5 5 5 6 6 6 6 6 6 6 6 6 6 5 7 7 7 7 7 8 6 8 8 8 6 7 9 7 9 7 7 9 7 9 7 6 8 8 8 7 7 7 7 6 6 6 6 6 5 4 3
1 2 3 3 3 3 3 4 4 4 4 5 5 5 5 6 6 6 6 6 6 6 6 6 6 5 7 7 7 7 7 8 6 8 8 8 6 7 9 7 9 7 7 9 9 9 7 6 8 8 8 7 7 7 7 6 6 6 6 6 5 4 3
1 2 3 3 3 3 3 4 4 4 4 5 5 5 5 6 6 6 6 6 6 6 6 6 6 5 7 7 7 7 7 8 6 8 8 8 6 7 9 9 9 7 7 9 7 7 7 6 8 8 8 7 7 7 7 6 6 6 6 6 5 4 3
1 2 3 3 3 3 3 4 4 4 4 5 5 5 5 6 6 6 6 6 6 6 6 6 6 5 7 7 7 7 7 8 6 8 8 8 6 9 7 7 9 7 7 9 9 9 7 8 6 8 8 7 7 7 7 6 6 6 6 6 5 4 3
1 2 3 3 3 3 3 4 4 4 4 5 5 5 5 6 6 6 6 6 6 6 6 6 6 5 7 7 7 7 7 8 6 8 8 8 6 9 9 7 9 7 7 9 9 7 7 8 8 8 8 7 7 7 7 6 6 6 6 6 5 4 3
1 2 3 3 3 3 3 4 4 4 4 5 5 5 5 6 6 6 6 6 6 6 6 6 6 5 7 7 7 7 7 8 6 8 8 8 6 9 9 7 9 7 7 9 9 9 7 8 8 8 8 7 7 7 7 6 6 6 6 6 5 4 3
1 2 3 3 3 3 3 4 4 4 4 5 5 5 5 6 6 6 6 6 6 6 6 6 6 5 7 7 7 7 7 8 6 8 8 8 6 9 9 9 9 7 5 7 7 9 7 8 8 8 8 7 7 7 7 6 6 6 6 6 5 4 3
1 2 3 3 3 3 3 4 4 4 4 5 5 5 5 6 6 6 6 6 6 6 6 6 6 5 7 7 7 7 7 8 8 8 8 8 4 7 9 9 9 7 7 9 9 9 5 6 8 8 8 7 7 7 7 6 6 6 6 6 5 4 3
1 2 3 3 3 3 3 4 4 4 4 5 5 5 5 6 6 6 6 6 6 6 6 6 6 5 7 7 7 7 7 8 8 8 8 8 8 9 9 9 9 7 7 7 9 9 9 8 8 10 10 9 9 9 7 8 8 8 8 8 7 6 5
1 2 3 3 3 3 3 4 4 4 4 5 5 5 5 6 6 6 6 6 6 6 6 6 6 7 7 7 7 7 7 6 6 6 6 8 8 9 9 9 9 7 7 7 7 7 9 8 8 8 8 7 7 7 7 6 6 6 6 6 5 4 3
1 2 3 3 3 3 3 4 4 4 4 5 5 5 5 6 6 6 6 6 6 6 6 6 6 7 7 7 7 7 7 6 6 6 8 8 8 7 9 9 9 7 7 5 9 9 9 8 8 8 8 7 7 7 7 6 6 6 6 6 5 4 3
1 2 3 3 3 3 3 4 4 4 4 5 5 5 5 6 6 6 6 6 6 6 6 6 6 7 7 7 7 7 7 6 6 6 8 8 8 7 9 9 9 7 7 7 7 7 7 6 8 8 8 7 7 7 7 6 6 6 6 6 5 4 3
1 2 3 3 3 3 3 4 4 4 4 5 5 5 5 6 6 6 6 6 6 6 6 6 6 7 7 7 7 7 7 6 6 6 8 8 8 7 9 9 9 7 7 7 7 7 9 6 8 8 8 7 7 7 7 6 6 6 6 6 5 4 3
1 2 3 3 3 3 3 4 4 4 4 5 5 5 5 6 6 6 6 6 6 6 6 6 6 7 7 7 7 7 7 6 6 6 8 8 8 7 9 9 9 7 7 7 7 7 9 8 8 8 8 7 7 7 7 6 6 6 6 6 5 4 3
1 2 3 3 3 3 3 4 4 4 4 5 5 5 5 6 6 6 6 6 6 6 6 6 6 7 7 7 7 7 7 6 6 6 8 8 8 7 9 9 9 7 7 7 9 7 7 6 8 8 8 7 7 7 7 6 6 6 6 6 5 4 3
1 2 3 3 3 3 3 4 4 4 4 5 5 5 5 6 6 6 6 6 6 6 6 6 6 7 7 7 7 7 7 6 6 6 8 8 8 7 9 9 9 7 7 7 9 7 9 6 8 8 8 7 7 7 7 6 6 6 6 6 5 4 3
1 2 3 3 3 3 3 4 4 4 4 5 5 5 5 6 6 6 6 6 6 6 6 6 6 7 7 7 7 7 7 6 6 6 8 8 8 7 9 9 9 7 7 7 9 7 9 8 8 8 8 7 7 7 7 6 6 6 6 6 5 4 3
1 2 3 3 3 3 3 4 4 4 4 5 5 5 5 6 6 6 6 6 6 6 6 6 6 7 7 7 7 7 7 6 6 6 8 8 8 7 9 9 9 7 7 7 9 9 9 8 8 8 8 7 7 7 7 6 6 6 6 6 5 4 3
1 2 3 3 3 3 3 4 4 4 4 5 5 5 5 6 6 6 6 6 6 6 6 6 6 7 7 7 7 7 7 6 6 6 8 8 8 9 9 9 9 7 7 7 7 7 9 8 8 8 8 7 7 7 7 6 6 6 6 6 5 4 3
1 2 3 3 3 3 3 4 4 4 4 5 5 5 5 6 6 6 6 6 6 6 6 6 6 7 7 7 7 7 7 6 6 6 8 8 8 9 9 9 9 7 7 7 7 9 9 8 8 8 8 7 7 7 7 6 6 6 6 6 5 4 3
1 2 3 3 3 3 3 4 4 4 4 5 5 5 5 6 6 6 6 6 6 6 6 6 6 7 7 7 7 7 7 6 6 8 6 8 8 9 7 7 9 7 7 9 5 9 9 8 8 8 8 7 7 7 7 6 6 6 6 6 5 4 3
1 2 3 3 3 3 3 4 4 4 4 5 5 5 5 6 6 6 6 6 6 6 6 6 6 7 7 7 7 7 7 6 6 8 6 8 8 9 7 7 9 7 7 9 7 9 9 8 8 8 8 7 7 7 7 6 6 6 6 6 5 4 3
1 2 3 3 3 3 3 4 4 4 4 5 5 5 5 6 6 6 6 6 6 6 6 6 6 7 7 7 7 7 7 6 6 8 6 8 8 9 7 9 9 7 5 7 7 9 9 8 8 8 8 7 7 7 7 6 6 6 6 6 5 4 3
1 2 3 3 3 3 3 4 4 4 4 5 5 5 5 6 6 6 6 6 6 6 6 6 6 7 7 7 7 7 7 6 6 8 6 8 8 9 7 9 9 7 5 9 7 9 9 8 8 8 8 7 7 7 7 6 6 6 6 6 5 4 3
1 2 3 3 3 3 3 4 4 4 4 5 5 5 5 6 6 6 6 6 6 6 6 6 6 7 7 7 7 7 7 6 6 8 6 8 8 9 7 9 9 7 7 9 7 9 9 8 8 8 8 7 7 7 7 6 6 6 6 6 5 4 3
1 2 3 3 3 3 3 4 4 4 4 5 5 5 5 6 6 6 6 6 6 6 6 6 6 7 7 7 7 7 7 6 6 8 6 8 8 9 9 9 9 7 7 9 7 9 9 10 8 8 10 7 9 9 9 8 8 8 8 8 7 6 5
1 2 3 3 3 3 3 4 4 4 4 5 5 5 5 6 6 6 6 6 6 6 6 6 6 7 7 7 7 7 7 6 6 8 6 8 8 9 9 9 9 7 7 9 7 9 9 10 10 10 10 7 7 7 9 8 8 8 8 8 7 6 5
1 2 3 3 3 3 3 4 4 4 4 5 5 5 5 6 6 6 6 6 6 6 6 6 6 7 7 7 7 7 7 6 6 8 8 6 6 7 9 9 7 7 7 7 9 7 7 8 8 8 8 7 7 7 7 6 6 6 6 6 5 4 3
1 2 3 3 3 3 3 4 4 4 4 5 5 5 5 6 6 6 6 6 6 6 6 6 6 7 7 7 7 7 7 6 6 8 8 6 6 7 9 9 7 7 7 9 7 7 7 8 8 8 8 7 7 7 7 6 6 6 6 6 5 4 3
1 2 3 3 3 3 3 4 4 4 4 5 5 5 5 6 6 6 6 6 6 6 6 6 6 7 7 7 7 7 7 6 6 8 8 6 6 7 9 9 7 7 7 9 9 7 7 8 8 8 8 7 7 7 7 6 6 6 6 6 5 4 3
1 2 3 3 3 3 3 4 4 4 4 5 5 5 5 6 6 6 6 6 6 6 6 6 6 7 7 7 7 7 7 6 6 8 8 6 8 7 9 9 7 7 7 7 9 7 9 6 8 8 8 7 7 7 7 6 6 6 6 6 5 4 3
1 2 3 3 3 3 3 4 4 4 4 5 5 5 5 6 6 6 6 6 6 6 6 6 6 7 7 7 7 7 7 6 6 8 8 6 8 7 9 9 7 7 7 9 9 7 9 6 8 8 8 7 7 7 7 6 6 6 6 6 5 4 3
1 2 3 3 3 3 3 4 4 4 4 5 5 5 5 6 6 6 6 6 6 6 6 6 6 7 7 7 7 7 7 6 6 8 8 6 8 7 9 9 7 7 7 9 9 7 9 8 8 8 8 7 7 7 7 6 6 6 6 6 5 4 3
1 2 3 3 3 3 3 4 4 4 4 5 5 5 5 6 6 6 6 6 6 6 6 6 6 7 7 7 7 7 7 6 6 8 8 6 8 7 9 9 9 7 7 9 9 7 7 8 8 8 8 7 7 7 7 6 6 6 6 6 5 4 3
1 2 3 3 3 3 3 4 4 4 4 5 5 5 5 6 6 6 6 6 6 6 6 6 6 7 7 7 7 7 7 6 6 8 8 6 8 7 9 9 9 7 7 9 9 7 9 8 8 8 8 7 7 7 7 6 6 6 6 6 5 4 3
1 2 3 3 3 3 3 4 4 4 4 5 5 5 5 6 6 6 6 6 6 6 6 6 6 7 7 7 7 7 7 6 6 8 8 6 8 9 9 7 9 7 7 9 9 7 9 8 8 8 8 7 7 7 7 6 6 6 6 6 5 4 3
1 2 3 3 3 3 3 4 4 4 4 5 5 5 5 6 6 6 6 6 6 6 6 6 6 7 7 7 7 7 7 6 6 8 8 8 8 7 7 7 7 7 7 7 9 7 7 8 8 8 8 7 7 7 7 6 6 6 6 6 5 4 3
1 2 3 3 3 3 3 4 4 4 4 5 5 5 5 6 6 6 6 6 6 6 6 6 6 7 7 7 7 7 7 6 6 8 8 8 8 7 7 7 9 7 7 7 9 9 9 8 8 8 8 7 7 7 7 6 6 6 6 6 5 4 3
1 2 3 3 3 3 3 4 4 4 4 5 5 5 5 6 6 6 6 6 6 6 6 6 6 7 7 7 7 7 7 6 6 8 8 8 8 7 7 7 9 7 7 9 9 9 9 6 8 8 8 7 7 7 7 6 6 6 6 6 5 4 3
1 2 3 3 3 3 3 4 4 4 4 5 5 5 5 6 6 6 6 6 6 6 6 6 6 7 7 7 7 7 7 6 6 8 8 8 8 7 7 7 9 7 7 9 9 9 9 8 8 8 8 7 7 7 7 6 6 6 6 6 5 4 3
1 2 3 3 3 3 3 4 4 4 4 5 5 5 5 6 6 6 6 6 6 6 6 6 6 7 7 7 7 7 7 6 6 8 8 8 8 7 7 9 7 7 5 9 7 9 9 8 8 8 8 7 7 7 7 6 6 6 6 6 5 4 3
1 2 3 3 3 3 3 4 4 4 4 5 5 5 5 6 6 6 6 6 6 6 6 6 6 7 7 7 7 7 7 6 6 8 8 8 8 7 7 9 7 7 5 9 9 9 9 8 8 8 8 7 7 7 7 6 6 6 6 6 5 4 3
1 2 3 3 3 3 3 4 4 4 4 5 5 5 5 6 6 6 6 6 6 6 6 6 6 7 7 7 7 7 7 6 6 8 8 8 8 7 7 9 7 7 7 9 9 9 9 8 8 8 8 7 7 7 7 6 6 6 6 6 5 4 3
1 2 3 3 3 3 3 4 4 4 4 5 5 5 5 6 6 6 6 6 6 6 6 6 6 7 7 7 7 7 7 6 6 8 8 8 8 7 7 9 9 7 5 7 7 9 9 8 8 8 8 7 7 7 7 6 6 6 6 6 5 4 3
1 2 3 3 3 3 3 4 4 4 4 5 5 5 5 6 6 6 6 6 6 6 6 6 6 7 7 7 7 7 7 6 6 8 8 8 8 7 7 9 9 7 5 7 9 9 9 8 8 8 8 7 7 7 7 6 6 6 6 6 5 4 3
1 2 3 3 3 3 3 4 4 4 4 5 5 5 5 6 6 6 6 6 6 6 6 6 6 7 7 7 7 7 7 6 6 8 8 8 8 7 7 9 9 7 5 9 7 9 9 8 8 8 8 7 7 7 7 6 6 6 6 6 5 4 3
1 2 3 3 3 3 3 4 4 4 4 5 5 5 5 6 6 6 6 6 6 6 6 6 6 7 7 7 7 7 7 6 6 8 8 8 8 7 7 9 9 7 5 9 9 9 9 8 8 8 8 7 7 7 7 6 6 6 6 6 5 4 3
1 2 3 3 3 3 3 4 4 4 4 5 5 5 5 6 6 6 6 6 6 6 6 6 6 7 7 7 7 7 7 6 6 8 8 8 8 7 7 9 9 7 7 7 9 9 9 8 8 8 8 7 7 7 7 6 6 6 6 6 5 4 3
1 2 3 3 3 3 3 4 4 4 4 5 5 5 5 6 6 6 6 6 6 6 6 6 6 7 7 7 7 7 7 6 6 8 8 8 8 7 7 9 9 7 7 9 7 9 9 6 8 8 8 7 7 7 7 6 6 6 6 6 5 4 3
1 2 3 3 3 3 3 4 4 4 4 5 5 5 5 6 6 6 6 6 6 6 6 6 6 7 7 7 7 7 7 6 6 8 8 8 8 7 7 9 9 7 7 9 9 9 9 6 8 8 8 7 7 7 7 6 6 6 6 6 5 4 3
1 2 3 3 3 3 3 4 4 4 4 5 5 5 5 6 6 6 6 6 6 6 6 6 6 7 7 7 7 7 7 6 6 8 8 8 8 7 7 9 9 7 7 9 9 9 9 8 8 8 8 7 7 7 7 6 6 6 6 6 5 4 3
1 2 3 3 3 3 3 4 4 4 4 5 5 5 5 6 6 6 6 6 6 6 6 6 6 7 7 7 7 7 7 6 6 8 8 8 8 7 9 9 7 5 7 9 9 9 9 8 8 8 8 7 7 7 7 6 6 6 6 6 5 4 3
1 2 3 3 3 3 3 4 4 4 4 5 5 5 5 6 6 6 6 6 6 6 6 6 6 7 7 7 7 7 7 6 6 8 8 8 8 7 9 9 7 7 7 9 9 9 9 8 8 8 8 7 7 7 7 6 6 6 6 6 5 4 3
1 2 3 3 3 3 3 4 4 4 4 5 5 5 5 6 6 6 6 6 6 6 6 6 6 7 7 7 7 7 7 6 6 8 8 8 8 7 9 9 9 5 7 9 7 9 9 8 8 8 8 7 7 7 7 6 6 6 6 6 5 4 3
1 2 3 3 3 3 3 4 4 4 4 5 5 5 5 6 6 6 6 6 6 6 6 6 6 7 7 7 7 7 7 6 6 8 8 8 8 7 9 9 9 7 7 9 9 9 9 8 8 8 8 7 7 7 7 6 6 6 6 6 5 4 3
1 2 3 3 3 3 3 4 4 4 4 5 5 5 5 6 6 6 6 6 6 6 6 6 6 7 7 7 7 7 7 6 6 8 8 8 8 7 9 9 9 7 7 9 9 9 9 8 10 10 10 7 7 9 7 8 8 8 8 8 7 6 5
1 2 3 3 3 3 3 4 4 4 4 5 5 5 5 6 6 6 6 6 6 6 6 6 6 7 7 7 7 7 7 6 6 8 8 8 8 9 7 7 7 7 7 9 9 9 9 8 8 8 8 7 7 7 7 6 6 6 6 6 5 4 3
1 2 3 3 3 3 3 4 4 4 4 5 5 5 5 6 6 6 6 6 6 6 6 6 6 7 7 7 7 7 7 6 6 8 8 8 8 9 7 7 9 7 7 9 7 9 9 8 8 8 8 7 7 7 7 6 6 6 6 6 5 4 3
1 2 3 3 3 3 3 4 4 4 4 5 5 5 5 6 6 6 6 6 6 6 6 6 6 7 7 7 7 7 7 6 6 8 8 8 8 9 7 7 9 7 7 9 9 7 9 8 8 8 8 7 7 7 7 6 6 6 6 6 5 4 3
1 2 3 3 3 3 3 4 4 4 4 5 5 5 5 6 6 6 6 6 6 6 6 6 6 7 7 7 7 7 7 6 6 8 8 8 8 9 7 9 7 7 5 9 7 9 9 8 8 8 8 7 7 7 7 6 6 6 6 6 5 4 3
1 2 3 3 3 3 3 4 4 4 4 5 5 5 5 6 6 6 6 6 6 6 6 6 6 7 7 7 7 7 7 6 6 8 8 8 8 9 7 9 7 7 5 9 9 9 7 8 8 8 8 7 7 7 7 6 6 6 6 6 5 4 3
1 2 3 3 3 3 3 4 4 4 4 5 5 5 5 6 6 6 6 6 6 6 6 6 6 7 7 7 7 7 7 6 6 8 8 8 8 9 7 9 7 7 5 9 9 9 9 8 8 8 8 7 7 7 7 6 6 6 6 6 5 4 3
1 2 3 3 3 3 3 4 4 4 4 5 5 5 5 6 6 6 6 6 6 6 6 6 6 7 7 7 7 7 7 6 6 8 8 8 8 9 7 9 9 7 5 7 7 9 9 8 8 8 8 7 7 7 7 6 6 6 6 6 5 4 3
1 2 3 3 3 3 3 4 4 4 4 5 5 5 5 6 6 6 6 6 6 6 6 6 6 7 7 7 7 7 7 6 6 8 8 8 8 9 7 9 9 7 5 9 9 9 7 8 8 8 8 7 7 7 7 6 6 6 6 6 5 4 3
1 2 3 3 3 3 3 4 4 4 4 5 5 5 5 6 6 6 6 6 6 6 6 6 6 7 7 7 7 7 7 6 6 8 8 8 8 9 9 9 9 7 7 9 9 7 9 10 10 8 8 7 9 9 9 8 8 8 8 8 7 6 5
1 2 3 3 3 3 3 4 4 4 4 5 5 5 5 6 6 6 6 6 6 6 6 6 6 7 7 7 7 7 7 6 8 8 8 8 6 7 9 7 9 7 9 9 9 7 7 8 8 8 8 7 7 7 7 6 6 6 6 6 5 4 3
1 2 3 3 3 3 3 4 4 4 4 5 5 5 5 6 6 6 6 6 6 6 6 6 6 7 7 7 7 7 7 6 8 8 8 8 6 7 9 7 9 7 9 9 9 9 7 8 8 8 8 7 7 7 7 6 6 6 6 6 5 4 3
1 2 3 3 3 3 3 4 4 4 4 5 5 5 5 6 6 6 6 6 6 6 6 6 6 7 7 7 7 7 7 6 8 8 8 8 6 7 9 9 9 7 9 9 9 9 7 8 10 10 10 7 7 7 9 8 8 8 8 8 7 6 5
1 2 3 3 3 3 3 4 4 4 4 5 5 5 5 6 6 6 6 6 6 6 6 6 6 7 7 7 7 7 7 6 8 8 8 8 8 7 7 7 7 5 7 9 9 9 9 8 8 8 8 7 7 7 7 6 6 6 6 6 5 4 3
1 2 3 3 3 3 3 4 4 4 4 5 5 5 5 6 6 6 6 6 6 6 6 6 6 7 7 7 7 7 7 6 8 8 8 8 8 7 9 7 7 5 7 9 7 9 9 8 8 8 8 7 7 7 7 6 6 6 6 6 5 4 3
1 2 3 3 3 3 3 4 4 4 4 5 5 5 5 6 6 6 6 6 6 6 6 6 6 7 7 7 7 7 7 6 8 8 8 8 8 7 9 7 7 5 7 9 9 7 9 8 8 8 8 7 7 7 7 6 6 6 6 6 5 4 3
1 2 3 3 3 3 3 4 4 4 4 5 5 5 5 6 6 6 6 6 6 6 6 6 6 7 7 7 7 7 7 6 8 8 8 8 8 7 9 7 7 5 9 7 9 9 9 8 8 8 8 7 7 7 7 6 6 6 6 6 5 4 3
1 2 3 3 3 3 3 4 4 4 4 5 5 5 5 6 6 6 6 6 6 6 6 6 6 7 7 7 7 7 7 6 8 8 8 8 8 7 9 7 9 5 7 7 7 9 9 8 8 8 8 7 7 7 7 6 6 6 6 6 5 4 3
1 2 3 3 3 3 3 4 4 4 4 5 5 5 5 6 6 6 6 6 6 6 6 6 6 7 7 7 7 7 7 6 8 8 8 8 8 9 9 7 7 5 7 9 7 9 9 8 8 8 8 7 7 7 7 6 6 6 6 6 5 4 3
1 2 3 3 3 3 3 4 4 4 4 5 5 5 5 6 6 6 6 6 6 6 6 6 6 7 7 7 7 7 7 6 8 8 8 8 8 9 9 7 7 5 7 9 9 7 9 8 8 8 8 7 7 7 7 6 6 6 6 6 5 4 3
1 2 3 3 3 3 3 4 4 4 4 5 5 5 5 6 6 6 6 6 6 6 6 6 6 7 7 7 7 7 7 6 8 8 8 8 8 9 9 7 7 7 9 9 9 9 9 10 10 8 8 7 9 7 7 8 8 8 8 8 7 6 5
1 2 3 3 3 3 3 4 4 4 4 5 5 5 5 6 6 6 6 6 6 6 6 6 6 7 7 7 7 7 7 6 8 8 8 8 8 9 9 9 9 7 7 9 9 9 7 8 10 10 8 9 7 9 9 8 8 8 8 8 7 6 5
1 2 3 3 3 4 3 4 4 4 5 5 5 5 6 6 6 7 6 7 7 6 6 6 7 5 5 8 7 8 8 8 8 9 8 7 7 7 8 8 8 7 7 8 9 8 8 6 7 7 9 9 8 8 8 7 8 7 7 7 6 5 4
1 2 3 3 3 4 3 4 4 4 5 5 5 5 6 6 6 7 6 7 7 6 6 6 7 5 7 8 7 8 8 6 8 9 8 9 7 9 10 8 10 5 9 10 9 10 8 8 9 9 9 9 8 8 8 7 8 7 7 7 6 5 4
1 2 3 3 3 4 3 4 4 4 5 5 5 5 6 6 6 7 6 7 7 6 6 6 7 5 7 8 7 8 8 8 8 7 8 9 9 9 8 10 10 7 9 8 7 8 10 8 7 9 9 9 8 8 8 7 8 7 7 7 6 5 4
1 2 3 3 3 4 3 4 4 4 5 5 5 5 6 6 6 7 6 7 7 6 6 6 7 7 7 6 7 6 8 6 8 9 8 9 9 9 8 8 10 7 9 8 9 8 8 10 7 7 9 7 8 8 8 7 8 7 7 7 6 5 4
1 2 3 3 3 4 3 4 4 4 5 5 5 5 6 6 6 7 6 7 7 6 6 6 7 7 7 6 7 8 8 6 6 9 6 9 9 9 10 10 10 7 7 8 7 8 10 10 9 9 9 7 8 8 8 7 8 7 7 7 6 5 4
1 2 3 3 3 4 3 4 4 4 5 5 5 5 6 6 6 7 6 7 7 6 6 6 7 7 7 6 7 8 8 6 6 9 8 9 9 7 10 10 10 7 7 8 9 8 10 8 9 9 9 7 8 8 8 7 8 7 7 7 6 5 4
1 2 3 3 3 4 3 4 4 4 5 5 5 5 6 6 6 7 6 7 7 6 6 6 7 7 7 6 7 8 8 6 6 9 8 9 9 9 8 8 10 7 7 8 9 8 8 10 7 7 9 7 8 8 8 7 8 7 7 7 6 5 4
1 2 3 3 3 4 3 4 4 4 5 5 5 5 6 6 6 7 6 7 7 6 6 6 7 7 7 6 7 8 8 6 8 7 8 7 9 9 10 10 10 7 9 6 9 8 8 10 9 9 9 7 8 8 8 7 8 7 7 7 6 5 4
1 2 3 3 3 4 3 4 4 4 5 5 5 5 6 6 6 7 6 7 7 6 6 6 7 7 7 6 7 8 8 6 8 7 8 9 9 9 8 10 10 7 9 6 9 8 8 10 7 9 9 7 8 8 8 7 8 7 7 7 6 5 4
1 2 3 3 3 4 3 4 4 4 5 5 5 5 6 6 6 7 6 7 7 6 6 6 7 7 7 6 7 8 8 6 8 7 8 9 9 9 8 10 10 7 9 6 9 10 8 10 7 9 9 7 8 8 8 7 8 7 7 7 6 5 4
1 2 3 3 3 4 3 4 4 4 5 5 5 5 6 6 6 7 6 7 7 6 6 6 7 7 7 6 7 8 8 6 8 9 8 9 9 9 8 8 10 7 9 8 9 8 8 10 7 7 9 7 8 8 8 7 8 7 7 7 6 5 4
1 2 3 3 3 4 3 4 4 4 5 5 5 5 6 6 6 7 6 7 7 6 6 6 7 7 7 6 7 8 8 8 8 7 6 9 9 7 8 10 10 9 9 6 7 8 10 8 7 9 9 7 8 8 8 7 8 7 7 7 6 5 4
1 2 3 3 3 4 3 4 4 4 5 5 5 5 6 6 6 7 6 7 7 6 6 6 7 7 7 6 7 8 8 8 8 7 6 9 9 9 8 10 10 7 9 6 7 10 10 10 7 9 9 9 8 8 8 7 8 7 7 7 6 5 4
1 2 3 3 3 4 3 4 4 4 5 5 5 5 6 6 6 7 6 7 7 6 6 6 7 7 7 6 7 8 8 8 8 7 6 9 9 9 8 10 10 9 7 6 7 10 10 10 7 9 9 9 8 8 8 7 8 7 7 7 6 5 4
1 2 3 3 3 4 3 4 4 4 5 5 5 5 6 6 6 7 6 7 7 6 6 6 7 7 7 6 7 8 8 8 8 7 8 9 9 9 8 10 10 7 9 6 9 10 10 10 7 9 9 9 8 8 8 7 8 7 7 7 6 5 4
1 2 3 3 3 4 3 4 4 4 5 5 5 5 6 6 6 7 6 7 7 6 6 6 7 7 7 6 7 8 8 8 8 7 8 9 9 9 8 10 10 9 7 6 9 8 10 10 7 9 9 9 8 8 8 7 8 7 7 7 6 5 4
1 2 3 3 3 4 3 4 4 4 5 5 5 5 6 6 6 7 6 7 7 6 6 6 7 7 7 6 7 8 8 8 8 7 8 9 9 9 8 10 10 9 9 6 9 8 8 10 7 9 9 7 8 8 8 7 8 7 7 7 6 5 4
1 2 3 3 3 4 3 4 4 4 5 5 5 5 6 6 6 7 6 7 7 6 6 6 7 7 7 6 7 8 8 8 8 7 8 9 9 9 10 10 10 7 7 6 9 10 10 10 9 9 9 9 8 8 8 7 8 7 7 7 6 5 4
1 2 3 3 3 4 3 4 4 4 5 5 5 5 6 6 6 7 6 7 7 6 6 6 7 7 7 6 7 8 8 8 8 9 6 7 9 9 8 8 8 9 9 8 7 8 8 10 7 7 7 9 8 8 8 7 8 7 7 7 6 5 4
1 2 3 3 3 4 3 4 4 4 5 5 5 5 6 6 6 7 6 7 7 6 6 6 7 7 7 6 7 8 8 8 8 9 6 7 9 9 8 10 8 7 9 8 7 8 10 8 7 9 9 9 8 8 8 7 8 7 7 7 6 5 4
1 2 3 3 3 4 3 4 4 4 5 5 5 5 6 6 6 7 6 7 7 6 6 6 7 7 7 6 7 8 8 8 8 9 6 9 9 9 6 10 8 9 9 8 7 10 10 8 5 9 9 9 8 8 8 7 8 7 7 7 6 5 4
1 2 3 3 3 4 3 4 4 4 5 5 5 5 6 6 6 7 6 7 7 6 6 6 7 7 7 6 7 8 8 8 8 9 6 9 9 9 6 10 10 9 9 8 7 10 10 10 5 9 9 9 8 8 8 7 8 7 7 7 6 5 4
1 2 3 3 3 4 3 4 4 4 5 5 5 5 6 6 6 7 6 7 7 6 6 6 7 7 7 8 7 8 8 6 6 7 6 9 9 9 10 10 10 7 7 8 7 8 10 10 9 9 9 7 8 8 8 7 8 7 7 7 6 5 4
1 2 3 3 3 4 3 4 4 4 5 5 5 5 6 6 6 7 6 7 7 6 6 6 7 7 7 8 7 8 8 6 6 7 8 9 9 9 8 10 10 7 7 8 9 8 8 10 7 9 9 7 8 8 8 7 8 7 7 7 6 5 4
1 2 3 3 3 4 3 4 4 4 5 5 5 5 6 6 6 7 6 7 7 6 6 6 7 7 7 8 7 8 8 6 6 7 8 9 9 9 8 10 10 7 7 8 9 10 8 10 7 9 9 7 8 8 8 7 8 7 7 7 6 5 4
1 2 3 3 3 4 3 4 4 4 5 5 5 5 6 6 6 7 6 7 7 6 6 6 7 7 7 8 7 8 8 6 6 9 6 9 9 9 8 8 10 7 7 10 7 10 10 10 9 9 9 7 8 8 8 7 8 7 7 7 6 5 4
1 2 3 3 3 4 3 4 4 4 5 5 5 5 6 6 6 7 6 7 7 6 6 6 7 7 7 8 7 8 8 6 6 9 6 9 9 9 8 10 10 7 7 10 7 10 10 10 9 9 9 7 8 8 8 7 8 7 7 7 6 5 4
1 2 3 3 3 4 3 4 4 4 5 5 5 5 6 6 6 7 6 7 7 6 6 6 7 7 7 8 7 8 8 6 6 9 8 7 7 9 8 8 10 7 7 10 9 8 8 10 9 9 9 7 8 8 8 7 8 7 7 7 6 5 4
1 2 3 3 3 4 3 4 4 4 5 5 5 5 6 6 6 7 6 7 7 6 6 6 7 7 7 8 7 8 8 6 6 9 8 7 9 9 8 8 10 7 7 10 9 8 10 10 7 9 9 7 8 8 8 7 8 7 7 7 6 5 4
1 2 3 3 3 4 3 4 4 4 5 5 5 5 6 6 6 7 6 7 7 6 6 6 7 7 7 8 7 8 8 6 8 7 8 7 9 7 10 10 10 7 9 6 9 8 10 8 9 9 9 7 8 8 8 7 8 7 7 7 6 5 4
1 2 3 3 3 4 3 4 4 4 5 5 5 5 6 6 6 7 6 7 7 6 6 6 7 7 7 8 7 8 8 6 8 7 8 7 9 9 10 10 10 7 7 6 9 8 10 10 9 9 9 9 8 8 8 7 8 7 7 7 6 5 4
1 2 3 3 3 4 3 4 4 4 5 5 5 5 6 6 6 7 6 7 7 6 6 6 7 7 7 8 7 8 8 6 8 7 8 7 9 9 10 10 10 7 9 8 9 8 10 10 9 9 9 9 8 8 8 7 8 7 7 7 6 5 4
1 2 3 3 3 4 3 4 4 4 5 5 5 5 6 6 6 7 6 7 7 6 6 6 7 7 7 8 7 8 8 6 8 7 8 9 7 9 10 8 10 7 9 8 9 10 8 10 9 9 9 9 8 8 8 7 8 7 7 7 6 5 4
1 2 3 3 3 4 3 4 4 4 5 5 5 5 6 6 6 7 6 7 7 6 6 6 7 7 7 8 7 8 8 6 8 7 8 9 7 9 10 10 10 7 9 8 9 10 8 10 9 9 9 9 8 8 8 7 8 7 7 7 6 5 4
1 2 3 3 3 4 3 4 4 4 5 5 5 5 6 6 6 7 6 7 7 6 6 6 7 7 7 8 7 8 8 6 8 7 8 9 9 7 8 10 10 7 9 6 9 8 10 8 9 9 9 7 8 8 8 7 8 7 7 7 6 5 4
1 2 3 3 3 4 3 4 4 4 5 5 5 5 6 6 6 7 6 7 7 6 6 6 7 7 7 8 7 8 8 6 8 7 8 9 9 7 8 10 10 7 9 6 9 10 10 8 9 9 9 7 8 8 8 7 8 7 7 7 6 5 4
1 2 3 3 3 4 3 4 4 4 5 5 5 5 6 6 6 7 6 7 7 6 6 6 7 7 7 8 7 8 8 6 8 7 8 9 9 7 10 10 10 7 9 6 9 10 8 8 9 9 9 7 8 8 8 7 8 7 7 7 6 5 4
1 2 3 3 3 4 3 4 4 4 5 5 5 5 6 6 6 7 6 7 7 6 6 6 7 7 7 8 7 8 8 6 8 7 8 9 9 9 8 8 10 7 7 8 9 10 10 8 9 7 9 9 8 8 8 7 8 7 7 7 6 5 4
1 2 3 3 3 4 3 4 4 4 5 5 5 5 6 6 6 7 6 7 7 6 6 6 7 7 7 8 7 8 8 6 8 7 8 9 9 9 8 10 10 7 9 8 9 8 10 10 7 9 9 9 8 8 8 7 8 7 7 7 6 5 4
1 2 3 3 3 4 3 4 4 4 5 5 5 5 6 6 6 7 6 7 7 6 6 6 7 7 7 8 7 8 8 6 8 7 8 9 9 9 8 10 10 7 9 8 9 10 10 8 9 9 9 9 8 8 8 7 8 7 7 7 6 5 4
1 2 3 3 3 4 3 4 4 4 5 5 5 5 6 6 6 7 6 7 7 6 6 6 7 7 7 8 7 8 8 6 8 7 8 9 9 9 8 10 10 7 9 8 9 10 10 10 7 9 9 9 8 8 8 7 8 7 7 7 6 5 4
1 2 3 3 3 4 3 4 4 4 5 5 5 5 6 6 6 7 6 7 7 6 6 6 7 7 7 8 7 8 8 6 8 7 8 9 9 9 8 10 10 7 9 8 9 10 10 10 9 9 9 7 8 8 8 7 8 7 7 7 6 5 4
1 2 3 3 3 4 3 4 4 4 5 5 5 5 6 6 6 7 6 7 7 6 6 6 7 7 7 8 7 8 8 6 8 7 8 9 9 9 8 10 10 7 9 8 9 10 10 10 9 9 9 9 8 8 8 7 8 7 7 7 6 5 4
1 2 3 3 3 4 3 4 4 4 5 5 5 5 6 6 6 7 6 7 7 6 6 6 7 7 7 8 7 8 8 6 8 7 8 9 9 9 10 8 10 7 9 8 9 10 10 10 9 7 9 9 8 8 8 7 8 7 7 7 6 5 4
1 2 3 3 3 4 3 4 4 4 5 5 5 5 6 6 6 7 6 7 7 6 6 6 7 7 7 8 7 8 8 6 8 7 8 9 9 9 10 8 10 7 9 8 9 10 10 10 9 9 9 9 8 8 8 7 8 7 7 7 6 5 4
1 2 3 3 3 4 3 4 4 4 5 5 5 5 6 6 6 7 6 7 7 6 6 6 7 7 7 8 7 8 8 6 8 7 8 9 9 9 10 10 10 7 7 6 9 10 8 10 9 9 9 9 8 8 8 7 8 7 7 7 6 5 4
1 2 3 3 3 4 3 4 4 4 5 5 5 5 6 6 6 7 6 7 7 6 6 6 7 7 7 8 7 8 8 6 8 9 8 9 9 9 8 10 10 7 7 10 9 10 10 8 9 9 9 9 8 8 8 7 8 7 7 7 6 5 4
1 2 3 3 3 4 3 4 4 4 5 5 5 5 6 6 6 7 6 7 7 6 6 6 7 7 7 8 7 8 8 8 8 7 8 7 9 7 10 10 10 9 7 6 9 8 10 8 9 9 9 9 8 8 8 7 8 7 7 7 6 5 4
1 2 3 3 3 4 3 4 4 4 5 5 5 5 6 6 6 7 6 7 7 6 6 6 7 7 7 8 7 8 8 8 8 7 8 7 9 9 8 10 10 7 7 6 9 8 10 10 9 9 9 9 8 8 8 7 8 7 7 7 6 5 4
1 2 3 3 3 4 3 4 4 4 5 5 5 5 6 6 6 7 6 7 7 6 6 6 7 7 7 8 7 8 8 8 8 7 8 9 9 5 8 10 8 9 9 8 9 8 10 6 9 9 9 7 8 8 8 7 8 7 7 7 6 5 4
1 2 3 3 3 4 3 4 4 4 5 5 5 5 6 6 6 7 6 7 7 6 6 6 7 7 7 8 7 8 8 8 8 7 8 9 9 7 8 8 8 7 9 6 9 10 10 8 9 9 9 9 8 8 8 7 8 7 7 7 6 5 4
1 2 3 3 3 4 3 4 4 4 5 5 5 5 6 6 6 7 6 7 7 6 6 6 7 7 7 8 7 8 8 8 8 7 8 9 9 7 8 10 10 9 7 6 9 8 10 8 9 9 9 9 8 8 8 7 8 7 7 7 6 5 4
1 2 3 3 3 4 3 4 4 4 5 5 5 5 6 6 6 7 6 7 7 6 6 6 7 7 7 8 7 8 8 8 8 7 8 9 9 9 8 10 10 7 7 6 9 10 8 10 9 9 9 9 8 8 8 7 8 7 7 7 6 5 4
1 2 3 3 3 4 3 4 4 4 5 5 5 5 6 6 6 7 6 7 7 6 6 6 7 7 7 8 7 8 8 8 8 7 8 9 9 9 8 10 10 9 7 8 7 10 10 10 9 9 9 9 8 8 8 7 8 7 7 7 6 5 4
1 2 3 3 3 4 3 4 4 4 5 5 5 5 6 6 6 7 6 7 7 6 6 6 7 7 7 8 7 8 8 8 8 7 8 9 9 9 10 10 10 7 7 6 9 8 10 10 9 9 9 9 8 8 8 7 8 7 7 7 6 5 4
1 2 3 3 3 4 3 4 4 4 5 5 5 5 6 6 6 7 6 7 7 6 6 6 7 7 7 8 7 8 8 8 8 7 8 9 9 9 10 10 10 7 7 6 9 10 10 10 9 9 9 9 8 8 8 7 8 7 7 7 6 5 4
1 2 3 3 3 4 3 4 4 4 5 5 5 5 6 6 6 7 6 7 7 6 6 6 7 7 7 8 7 8 8 8 8 7 8 9 9 9 10 10 10 7 9 8 7 8 10 10 9 9 9 9 8 8 8 7 8 7 7 7 6 5 4
1 2 3 3 3 4 3 4 4 4 5 5 5 5 6 6 6 7 6 7 7 6 6 6 7 7 7 8 7 8 8 8 8 9 8 9 9 5 8 8 10 9 9 8 9 8 10 6 9 9 9 7 8 8 8 7 8 7 7 7 6 5 4
1 2 3 3 3 4 3 4 4 4 5 5 5 5 6 6 6 7 6 7 7 6 6 6 7 7 7 8 7 8 8 8 8 9 8 9 9 9 8 8 10 7 7 8 7 10 10 10 9 9 9 9 8 8 8 7 8 7 7 7 6 5 4
1 2 3 3 3 4 3 4 4 4 5 5 5 5 6 6 6 7 6 7 7 6 6 6 7 7 7 8 7 8 8 8 8 9 8 9 9 9 8 8 10 7 7 10 7 10 10 8 9 9 9 9 8 8 8 7 8 7 7 7 6 5 4
1 2 3 3 3 4 3 4 4 4 5 5 5 5 6 6 6 7 6 7 7 6 6 6 7 7 7 8 7 8 8 8 8 9 8 9 9 9 8 10 10 7 7 8 9 10 10 10 9 9 9 9 8 8 8 7 8 7 7 7 6 5 4
1 2 3 3 3 4 3 4 4 4 5 5 5 5 6 6 6 7 6 7 7 6 6 6 7 7 7 8 7 8 8 8 8 9 8 9 9 9 8 10 10 9 7 10 7 10 10 10 9 9 9 9 8 8 8 7 8 7 7 7 6 5 4
1 2 3 3 3 4 3 4 4 4 5 5 5 5 6 6 6 7 6 7 7 6 6 6 7 7 7 8 7 8 8 8 8 9 8 9 9 9 10 10 10 7 7 10 7 10 10 10 9 9 9 9 8 8 8 7 8 7 7 7 6 5 4
1 2 3 3 3 4 3 4 4 4 5 5 5 5 6 6 6 7 6 7 7 6 6 6 7 7 7 8 7 8 8 8 8 9 8 9 9 9 10 10 10 7 7 10 9 10 10 10 9 9 9 9 8 8 8 7 8 7 7 7 6 5 4
1 2 3 3 3 5 3 4 4 4 6 5 5 5 7 6 6 8 6 8 8 6 6 6 8 7 7 7 7 9 9 8 8 8 8 10 10 9 9 11 11 7 9 7 9 11 11 10 8 10 10 11 9 9 9 8 10 8 8 8 7 6 5
1 2 3 3 3 5 3 4 4 4 6 5 5 5 7 6 6 8 6 8 8 6 6 6 8 7 7 9 7 9 9 6 8 8 8 10 10 9 9 11 11 7 9 9 9 11 11 10 10 10 10 9 9 9 9 8 10 8 8 8 7 6 5
1 2 3 3 4 4 3 4 4 5 5 5 5 6 6 6 7 7 7 7 8 6 6 7 7 7 8 8 8 8 9 6 7 9 7 9 10 10 10 11 11 7 8 10 8 10 11 11 11 10 10 8 10 9 9 8 9 9 8 8 7 6 5
1 2 3 3 4 4 3 4 4 5 5 5 5 6 6 6 7 7 7 7 8 6 6 7 7 7 8 8 8 8 9 8 7 7 9 9 10 10 10 11 11 9 8 8 10 10 11 11 11 10 10 10 10 9 9 8 9 9 8 8 7 6 5
1 2 3 3 4 4 3 4 4 5 5 5 5 6 6 6 7 7 7 7 8 6 6 7 7 7 8 8 8 8 9 8 7 9 9 9 10 10 10 11 11 9 8 10 8 8 11 9 9 10 10 10 10 9 9 8 9 9 8 8 7 6 5
1 2 3 3 4 4 3 4 4 5 5 5 5 6 6 6 7 7 7 7 8 6 6 7 7 7 8 8 8 8 9 8 9 9 9 9 10 10 10 11 11 7 8 8 10 10 11 9 11 10 10 10 10 9 9 8 9 9 8 8 7 6 5
1 2 3 3 4 4 3 4 4 5 5 5 5 6 6 6 7 7 7 7 8 6 6 7 7 7 8 8 8 8 9 8 9 9 9 9 10 10 10 11 11 7 8 8 10 10 11 11 11 10 10 10 10 9 9 8 9 9 8 8 7 6 5
1 2 3 3 4 4 3 4 4 5 5 5 5 6 6 6 7 7 7 7 8 6 6 7 7 7 8 8 8 8 9 8 9 9 9 9 10 10 10 11 11 7 8 10 8 10 11 11 11 10 10 10 10 9 9 8 9 9 8 8 7 6 5
1 2 3 3 4 4 3 4 4 5 5 5 5 6 6 6 7 7 7 7 8 6 6 7 7 7 8 8 8 8 9 8 9 9 9 9 10 10 10 11 11 7 8 10 10 10 11 11 11 10 10 10 10 9 9 8 9 9 8 8 7 6 5
1 2 3 3 4 4 3 4 4 5 5 5 5 6 6 6 7 7 7 7 8 6 6 7 7 7 8 8 8 8 9 8 9 9 9 9 10 10 10 11 11 9 8 10 8 10 11 11 11 10 10 10 10 9 9 8 9 9 8 8 7 6 5
1 2 3 3 4 5 3 4 4 5 6 5 5 6 7 6 7 8 7 8 9 6 6 7 8 7 8 9 8 9 10 8 9 10 9 10 11 10 11 12 12 7 10 9 10 9 12 11 12 11 11 12 11 10 10 9 11 10 9 9 8 7 6
1 2 3 3 4 5 3 4 4 5 6 5 5 6 7 6 7 8 7 8 9 6 6 7 8 7 8 9 8 9 10 8 9 10 9 10 11 10 11 12 12 7 10 9 10 11 12 11 12 11 11 12 11 10 10 9 11 10 9 9 8 7 6
1 2 3 3 4 5 3 4 4 5 6 5 5 6 7 6 7 8 7 8 9 6 6 7 8 7 8 9 8 9 10 8 9 10 9 10 11 10 11 12 12 9 10 9 10 9 12 11 12 11 11 12 11 10 10 9 11 10 9 9 8 7 6
1 3 3 3 3 3 4 4 4 4 4 6 6 6 6 6 6 6 6 6 6 5 5 7 7 7 7 7 7 7 7 7 7 7 9 9 9 9 9 9 9 6 6 6 8 8 10 10 10 10 10 8 8 8 8 8 7 7 7 7 7 5 4
1 3 3 3 3 3 4 4 4 4 4 6 6 6 6 6 6 6 6 6 6 5 7 7 7 7 7 7 7 7 7 7 7 7 9 9 9 9 9 9 9 6 6 6 8 10 10 10 10 10 10 8 8 8 8 8 7 7 7 7 7 5 4
1 3 3 3 3 3 4 4 4 4 4 6 6 6 6 6 6 6 6 6 6 5 7 7 7 7 7 7 7 7 7 7 7 9 9 9 9 9 9 9 9 6 6 8 8 8 10 10 10 10 10 8 8 8 8 8 7 7 7 7 7 5 4
1 3 3 3 3 3 4 4 4 4 4 6 6 6 6 6 6 6 6 6 6 5 7 7 7 7 7 7 7 7 7 7 7 9 9 9 9 9 9 9 9 6 6 8 8 10 10 10 10 10 10 8 8 8 8 8 7 7 7 7 7 5 4
1 3 3 3 3 3 4 4 4 4 4 6 6 6 6 6 6 6 6 6 6 7 7 7 7 7 7 7 7 7 7 5 7 7 7 7 9 9 9 9 9 6 8 8 8 8 10 10 10 10 10 6 6 8 8 8 7 7 7 7 7 5 4
1 3 3 3 3 3 4 4 4 4 4 6 6 6 6 6 6 6 6 6 6 7 7 7 7 7 7 7 7 7 7 5 7 7 7 9 9 9 7 9 9 6 8 8 8 10 10 10 8 10 10 6 6 8 8 8 7 7 7 7 7 5 4
1 3 3 3 3 3 4 4 4 4 4 6 6 6 6 6 6 6 6 6 6 7 7 7 7 7 7 7 7 7 7 5 7 7 9 9 9 9 9 9 9 6 8 8 10 10 8 10 10 10 8 6 6 8 8 8 7 7 7 7 7 5 4
1 3 3 3 3 3 4 4 4 4 4 6 6 6 6 6 6 6 6 6 6 7 7 7 7 7 7 7 7 7 7 5 7 7 9 9 9 9 9 9 9 6 8 8 10 10 8 10 10 10 10 6 6 8 8 8 7 7 7 7 7 5 4
1 3 3 3 3 3 4 4 4 4 4 6 6 6 6 6 6 6 6 6 6 7 7 7 7 7 7 7 7 7 7 5 7 9 7 9 7 9 9 9 9 6 8 10 8 10 8 10 10 8 10 6 8 8 8 8 7 7 7 7 7 5 4
1 3 3 3 3 3 4 4 4 4 4 6 6 6 6 6 6 6 6 6 6 7 7 7 7 7 7 7 7 7 7 5 7 9 7 9 9 9 9 7 9 6 8 10 8 10 8 10 10 8 10 6 8 8 8 8 7 7 7 7 7 5 4
1 3 3 3 3 3 4 4 4 4 4 6 6 6 6 6 6 6 6 6 6 7 7 7 7 7 7 7 7 7 7 5 7 9 7 9 9 9 9 7 9 6 8 10 8 10 10 10 10 8 8 6 8 8 8 8 7 7 7 7 7 5 4
1 3 3 3 3 3 4 4 4 4 4 6 6 6 6 6 6 6 6 6 6 7 7 7 7 7 7 7 7 7 7 5 7 9 7 9 9 9 9 9 9 6 8 8 8 10 8 10 10 10 8 6 8 8 8 8 7 7 7 7 7 5 4
1 3 3 3 3 3 4 4 4 4 4 6 6 6 6 6 6 6 6 6 6 7 7 7 7 7 7 7 7 7 7 5 7 9 7 9 9 9 9 9 9 6 8 8 8 10 10 10 10 8 8 6 8 8 8 8 7 7 7 7 7 5 4
1 3 3 3 3 3 4 4 4 4 4 6 6 6 6 6 6 6 6 6 6 7 7 7 7 7 7 7 7 7 7 5 7 9 7 9 9 9 9 9 9 6 8 10 8 10 8 10 8 8 10 6 8 8 8 8 7 7 7 7 7 5 4
1 3 3 3 3 3 4 4 4 4 4 6 6 6 6 6 6 6 6 6 6 7 7 7 7 7 7 7 7 7 7 5 7 9 7 9 9 9 9 9 9 6 8 10 8 10 8 10 10 8 10 6 6 8 8 8 7 7 7 7 7 5 4
1 3 3 3 3 3 4 4 4 4 4 6 6 6 6 6 6 6 6 6 6 7 7 7 7 7 7 7 7 7 7 5 7 9 7 9 9 9 9 9 9 6 8 10 8 10 8 10 10 8 10 6 8 8 8 8 7 7 7 7 7 5 4
1 3 3 3 3 3 4 4 4 4 4 6 6 6 6 6 6 6 6 6 6 7 7 7 7 7 7 7 7 7 7 5 7 9 7 9 9 9 9 9 9 6 8 10 8 10 10 10 10 8 8 6 6 8 8 8 7 7 7 7 7 5 4
1 3 3 3 3 3 4 4 4 4 4 6 6 6 6 6 6 6 6 6 6 7 7 7 7 7 7 7 7 7 7 5 7 9 7 9 9 9 9 9 9 6 8 10 8 10 10 10 10 8 8 6 8 8 8 8 7 7 7 7 7 5 4
1 3 3 3 3 3 4 4 4 4 4 6 6 6 6 6 6 6 6 6 6 7 7 7 7 7 7 7 7 7 7 5 7 9 9 9 9 9 9 9 7 6 8 10 10 10 8 10 10 10 8 6 6 8 8 8 7 7 7 7 7 5 4
1 3 3 3 3 3 4 4 4 4 4 6 6 6 6 6 6 6 6 6 6 7 7 7 7 7 7 7 7 7 7 7 7 7 7 7 9 9 9 9 9 8 8 8 8 8 10 10 10 10 10 6 8 8 8 8 7 7 7 7 7 5 4
1 3 3 3 3 3 4 4 4 4 4 6 6 6 6 6 6 6 6 6 6 7 7 7 7 7 7 7 7 7 7 7 7 7 7 9 9 9 9 9 9 8 8 8 6 8 10 8 10 10 10 8 8 8 8 8 7 7 7 7 7 5 4
1 3 3 3 3 3 4 4 4 4 4 6 6 6 6 6 6 6 6 6 6 7 7 7 7 7 7 7 7 7 7 7 7 7 7 9 9 9 9 9 9 8 8 8 6 8 10 10 10 10 10 8 8 8 8 8 7 7 7 7 7 5 4
1 3 3 3 3 3 4 4 4 4 4 6 6 6 6 6 6 6 6 6 6 7 7 7 7 7 7 7 7 7 7 7 7 7 7 9 9 9 9 9 9 8 8 8 8 8 10 8 8 10 8 8 8 8 8 8 7 7 7 7 7 5 4
1 3 3 3 3 3 4 4 4 4 4 6 6 6 6 6 6 6 6 6 6 7 7 7 7 7 7 7 7 7 7 7 7 7 7 9 9 9 9 9 9 8 8 8 8 8 10 10 8 10 8 8 8 8 8 8 7 7 7 7 7 5 4
1 3 3 3 3 3 4 4 4 4 4 6 6 6 6 6 6 6 6 6 6 7 7 7 7 7 7 7 7 7 7 7 7 7 9 9 9 9 9 9 7 8 8 8 8 10 10 10 10 10 6 8 6 6 8 8 7 7 7 7 7 5 4
1 3 3 3 3 3 4 4 4 4 4 6 6 6 6 6 6 6 6 6 6 7 7 7 7 7 7 7 7 7 7 7 7 9 7 9 9 9 7 7 9 8 8 10 6 10 10 10 8 8 10 8 8 8 8 8 7 7 7 7 7 5 4
1 3 3 3 3 3 4 4 4 4 4 6 6 6 6 6 6 6 6 6 6 7 7 7 7 7 7 7 7 7 7 7 7 9 7 9 9 9 7 7 9 8 8 10 8 10 10 10 8 8 10 8 6 8 8 8 7 7 7 7 7 5 4
1 3 3 3 3 3 4 4 4 4 4 6 6 6 6 6 6 6 6 6 6 7 7 7 7 7 7 7 7 7 7 7 7 9 7 9 9 9 7 9 9 8 6 10 8 10 10 8 8 8 10 8 8 8 8 8 7 7 7 7 7 5 4
1 3 3 3 3 3 4 4 4 4 4 6 6 6 6 6 6 6 6 6 6 7 7 7 7 7 7 7 7 7 7 7 7 9 7 9 9 9 7 9 9 8 6 10 8 10 10 10 8 8 10 8 8 8 8 8 7 7 7 7 7 5 4
1 3 3 3 3 3 4 4 4 4 4 6 6 6 6 6 6 6 6 6 6 7 7 7 7 7 7 7 7 7 7 7 7 9 7 9 9 9 9 9 9 6 8 8 8 10 10 8 8 10 10 8 8 8 8 8 7 7 7 7 7 5 4
1 3 3 3 3 3 4 4 4 4 4 6 6 6 6 6 6 6 6 6 6 7 7 7 7 7 7 7 7 7 7 7 7 9 7 9 9 9 9 9 9 6 8 8 8 10 10 8 10 10 10 8 8 8 8 8 7 7 7 7 7 5 4
1 3 3 3 3 3 4 4 4 4 4 6 6 6 6 6 6 6 6 6 6 7 7 7 7 7 7 7 7 7 7 7 7 9 7 9 9 9 9 9 9 6 8 8 8 10 10 10 8 10 10 8 8 8 8 8 7 7 7 7 7 5 4
1 3 3 3 3 3 4 4 4 4 4 6 6 6 6 6 6 6 6 6 6 7 7 7 7 7 7 7 7 7 7 7 7 9 7 9 9 9 9 9 9 6 8 8 8 10 10 10 10 10 10 8 8 8 8 8 7 7 7 7 7 5 4
1 3 3 3 3 3 4 4 4 4 4 6 6 6 6 6 6 6 6 6 6 7 7 7 7 7 7 7 7 7 7 7 7 9 7 9 9 9 9 9 9 6 8 10 8 10 10 8 8 10 10 8 8 8 8 8 7 7 7 7 7 5 4
1 3 3 3 3 3 4 4 4 4 4 6 6 6 6 6 6 6 6 6 6 7 7 7 7 7 7 7 7 7 7 7 7 9 7 9 9 9 9 9 9 6 8 10 8 10 10 10 8 10 10 8 8 8 8 8 7 7 7 7 7 5 4
1 3 3 3 3 3 4 4 4 4 4 6 6 6 6 6 6 6 6 6 6 7 7 7 7 7 7 7 7 7 7 7 7 9 7 9 9 9 9 9 9 8 8 8 8 8 10 10 10 10 10 8 8 8 8 8 7 7 7 7 7 5 4
1 3 3 3 3 3 4 4 4 4 4 6 6 6 6 6 6 6 6 6 6 7 7 7 7 7 7 7 7 7 7 7 7 9 7 9 9 9 9 9 9 8 8 8 8 10 10 10 8 10 8 8 8 8 8 8 7 7 7 7 7 5 4
1 3 3 3 3 3 4 4 4 4 4 6 6 6 6 6 6 6 6 6 6 7 7 7 7 7 7 7 7 7 7 7 7 9 7 9 9 9 9 9 9 8 8 8 8 10 10 10 8 10 10 8 8 8 8 8 7 7 7 7 7 5 4
1 3 3 3 3 3 4 4 4 4 4 6 6 6 6 6 6 6 6 6 6 7 7 7 7 7 7 7 7 7 7 7 7 9 7 9 9 9 9 9 9 8 8 10 8 10 10 10 8 8 10 8 8 8 6 8 7 7 7 7 7 5 4
1 3 3 3 3 3 4 4 4 4 4 6 6 6 6 6 6 6 6 6 6 7 7 7 7 7 7 7 7 7 7 7 7 9 7 9 9 9 9 9 9 8 8 10 8 10 10 10 8 8 10 8 8 8 8 8 7 7 7 7 7 5 4
1 3 3 3 3 3 4 4 4 4 4 6 6 6 6 6 6 6 6 6 6 7 7 7 7 7 7 7 7 7 7 7 7 9 9 7 9 9 9 7 9 8 8 8 10 6 8 10 10 8 10 8 8 8 8 8 7 7 7 7 7 5 4
1 3 3 3 3 3 4 4 4 4 4 6 6 6 6 6 6 6 6 6 6 7 7 7 7 7 7 7 7 7 7 7 7 9 9 7 9 9 9 7 9 8 8 10 10 6 8 10 8 8 10 8 8 8 8 8 7 7 7 7 7 5 4
1 3 3 3 3 3 4 4 4 4 4 6 6 6 6 6 6 6 6 6 6 7 7 7 7 7 7 7 7 7 7 7 7 9 9 7 9 9 9 7 9 8 8 10 10 6 10 10 10 8 8 8 8 8 8 8 7 7 7 7 7 5 4
1 3 3 3 3 3 4 4 4 4 4 6 6 6 6 6 6 6 6 6 6 7 7 7 7 7 7 7 7 7 7 7 7 9 9 7 9 9 9 9 9 8 6 8 10 8 8 8 10 10 10 8 8 8 8 8 7 7 7 7 7 5 4
1 3 3 3 3 3 4 4 4 4 4 6 6 6 6 6 6 6 6 6 6 7 7 7 7 7 7 7 7 7 7 7 7 9 9 7 9 9 9 9 9 8 6 10 8 8 8 10 10 8 10 8 8 8 8 8 7 7 7 7 7 5 4
1 3 3 3 3 3 4 4 4 4 4 6 6 6 6 6 6 6 6 6 6 7 7 7 7 7 7 7 7 7 7 7 7 9 9 7 9 9 9 9 9 8 6 10 10 8 8 10 10 8 10 8 8 8 8 8 7 7 7 7 7 5 4
1 3 3 3 3 3 4 4 4 4 4 6 6 6 6 6 6 6 6 6 6 7 7 7 7 7 7 7 7 7 7 7 7 9 9 9 9 9 9 9 7 6 8 10 8 8 10 10 8 10 8 8 8 8 8 8 7 7 7 7 7 5 4
1 3 3 3 3 3 4 4 4 4 4 6 6 6 6 6 6 6 6 6 6 7 7 7 7 7 7 7 7 7 7 7 7 9 9 9 9 9 9 9 7 8 8 10 8 8 10 10 10 8 6 8 8 8 8 8 7 7 7 7 7 5 4
1 3 3 3 3 3 4 4 4 4 4 6 6 6 6 6 6 6 6 6 6 7 7 7 7 7 7 7 7 7 7 7 7 9 9 9 9 9 9 9 7 8 8 10 8 10 10 10 10 10 6 8 8 8 8 8 7 7 7 7 7 5 4
1 3 3 3 3 3 4 4 4 4 4 6 6 6 6 6 6 6 6 6 6 7 7 7 7 7 7 7 7 7 7 7 7 9 9 9 9 9 9 9 7 8 8 10 10 8 8 10 10 10 6 8 8 8 8 8 7 7 7 7 7 5 4
1 3 3 3 3 3 4 4 4 4 4 6 6 6 6 6 6 6 6 6 6 7 7 7 7 7 7 7 7 7 7 7 7 9 9 9 9 9 9 9 7 8 8 10 10 8 10 10 10 8 6 8 8 8 8 8 7 7 7 7 7 5 4
1 3 3 3 3 3 4 4 4 4 4 6 6 6 6 6 6 6 6 6 6 7 7 7 7 7 7 7 7 7 7 7 7 9 9 9 9 9 9 9 7 8 8 10 10 8 10 10 10 10 6 8 8 8 8 8 7 7 7 7 7 5 4
1 3 3 3 3 3 4 4 4 4 4 6 6 6 6 6 6 6 6 6 6 7 7 7 7 7 7 7 7 7 7 7 7 9 9 9 9 9 9 9 9 6 8 8 8 8 10 10 8 10 8 8 8 8 8 8 7 7 7 7 7 5 4
1 3 3 3 3 3 4 4 4 4 4 6 6 6 6 6 6 6 6 6 6 7 7 7 7 7 7 7 7 7 7 7 7 9 9 9 9 9 9 9 9 6 8 8 8 8 10 10 8 10 10 8 8 8 8 8 7 7 7 7 7 5 4
1 3 3 3 3 3 4 4 4 4 4 6 6 6 6 6 6 6 6 6 6 7 7 7 7 7 7 7 7 7 7 7 9 9 9 9 7 9 9 9 9 6 8 8 8 10 8 8 10 10 10 8 8 8 8 8 7 7 7 7 7 5 4
1 3 3 3 3 3 4 4 4 4 4 6 6 6 6 6 6 6 6 6 6 7 7 7 7 7 7 7 7 7 7 7 9 9 9 9 7 9 9 9 9 6 8 8 8 10 8 10 8 10 10 8 8 8 8 8 7 7 7 7 7 5 4
1 3 3 3 3 3 4 4 4 4 4 6 6 6 6 6 6 6 6 6 6 7 7 7 7 7 7 7 7 7 7 7 9 9 9 9 7 9 9 9 9 6 8 8 10 10 8 8 10 10 10 8 8 8 8 8 7 7 7 7 7 5 4
1 3 3 3 3 3 4 4 4 4 4 6 6 6 6 6 6 6 6 6 6 7 7 7 7 7 7 7 7 7 7 7 9 9 9 9 7 9 9 9 9 6 8 10 10 10 8 8 10 8 10 8 8 8 8 8 7 7 7 7 7 5 4
1 3 3 3 3 3 4 4 4 4 4 6 6 6 6 6 6 6 6 6 6 7 7 7 7 7 7 7 7 7 7 7 9 9 9 9 9 9 9 9 9 6 8 8 8 8 10 8 10 10 10 8 8 8 8 8 7 7 7 7 7 5 4
1 3 3 3 3 3 4 4 4 4 4 6 6 6 6 6 6 6 6 6 6 7 7 7 7 7 7 7 7 7 7 7 9 9 9 9 9 9 9 9 9 6 8 8 8 8 10 10 10 10 10 8 8 8 8 8 7 7 7 7 7 5 4
1 3 3 3 3 3 4 4 4 4 4 6 6 6 6 6 6 6 6 6 6 7 7 7 7 7 7 7 7 7 7 7 9 9 9 9 9 9 9 9 9 6 8 8 8 10 8 8 10 10 10 8 8 8 8 8 7 7 7 7 7 5 4
1 3 3 3 3 3 4 4 4 4 4 6 6 6 6 6 6 6 6 6 6 7 7 7 7 7 7 7 7 7 7 7 9 9 9 9 9 9 9 9 9 6 8 8 8 10 8 10 10 10 10 8 8 8 8 8 7 7 7 7 7 5 4
1 3 3 3 3 4 4 4 4 4 5 6 6 6 7 6 6 7 6 7 7 5 7 7 8 7 7 8 7 8 8 7 9 8 9 10 10 9 10 10 10 6 8 7 10 9 11 10 11 11 11 10 9 9 9 9 9 8 8 8 8 6 5
1 3 3 3 3 4 4 4 4 4 5 6 6 6 7 6 6 7 6 7 7 7 7 7 8 7 7 8 7 8 8 9 9 10 9 10 10 9 10 10 10 8 8 9 8 9 11 10 11 11 11 10 9 9 9 9 9 8 8 8 8 6 5
1 3 3 3 4 4 4 4 4 5 5 6 6 7 7 6 7 7 7 7 8 7 7 6 8 7 8 8 8 8 9 9 8 10 8 10 7 10 10 11 11 10 7 11 7 11 6 11 11 10 10 9 9 8 8 8 8 8 7 7 7 5 4
1 3 3 3 4 4 4 4 4 5 5 6 6 7 7 6 7 7 7 7 8 7 7 6 8 7 8 8 8 8 9 9 8 10 8 10 11 10 10 11 11 8 7 11 7 11 10 11 11 10 10 9 9 8 8 8 8 8 7 7 7 5 4
1 3 3 3 4 4 4 4 4 5 5 6 6 7 7 6 7 7 7 7 8 7 7 8 8 7 8 8 8 8 7 5 8 10 8 10 11 10 10 9 9 6 9 11 9 11 10 11 11 8 8 7 9 8 8 8 8 8 7 7 7 5 4
1 3 3 3 4 4 4 4 4 5 5 6 6 7 7 6 7 7 7 7 8 7 7 8 8 7 8 8 8 8 7 7 8 10 10 10 9 10 10 11 7 8 9 11 11 9 8 11 11 10 6 9 9 8 8 8 8 8 7 7 7 5 4
1 3 3 3 4 4 4 4 4 5 5 6 6 7 7 6 7 7 7 7 8 7 7 8 8 7 8 8 8 8 9 7 8 8 8 10 9 10 10 11 11 8 9 9 9 11 8 11 11 10 10 9 9 8 8 8 8 8 7 7 7 5 4
1 3 3 3 4 4 4 4 4 5 5 6 6 7 7 6 7 7 7 7 8 7 7 8 8 7 8 8 8 8 9 7 8 10 8 10 9 10 10 9 11 8 9 11 9 11 10 11 11 10 10 9 9 8 8 8 8 8 7 7 7 5 4
1 3 3 3 4 4 4 4 4 5 5 6 6 7 7 6 7 7 7 7 8 7 7 8 8 7 8 8 8 8 9 9 8 8 10 10 11 10 10 11 11 8 7 7 9 9 10 11 11 10 10 9 9 8 8 8 8 8 7 7 7 5 4
1 3 3 3 4 4 4 4 4 5 5 6 6 7 7 6 7 7 7 7 8 7 7 8 8 7 8 8 8 8 9 9 8 8 10 10 11 10 10 11 11 8 7 7 11 11 10 11 11 10 10 9 9 8 8 8 8 8 7 7 7 5 4
1 3 3 3 4 4 4 4 4 5 5 6 6 7 7 6 7 7 7 7 8 7 7 8 8 7 8 8 8 8 9 9 8 10 8 10 7 10 10 9 11 10 9 11 9 11 8 11 11 10 10 9 9 8 8 8 8 8 7 7 7 5 4
1 3 3 3 4 4 4 4 4 5 5 6 6 7 7 6 7 7 7 7 8 7 7 8 8 7 8 8 8 8 9 9 8 10 8 10 7 10 10 11 11 8 9 9 9 11 8 11 9 10 10 9 9 8 8 8 8 8 7 7 7 5 4
1 3 3 3 4 4 4 4 4 5 5 6 6 7 7 6 7 7 7 7 8 7 7 8 8 7 8 8 8 8 9 9 8 10 10 8 9 10 10 11 11 8 7 9 11 9 10 9 11 10 10 9 9 8 8 8 8 8 7 7 7 5 4
1 3 3 3 4 6 4 4 4 5 7 6 6 7 9 6 7 9 7 9 10 7 7 8 8 7 8 10 8 10 11 9 10 10 10 10 13 10 12 13 13 8 11 9 11 9 12 11 13 12 12 13 11 10 10 10 12 10 9 9 9 7 6
1 3 3 4 4 4 4 4 5 5 5 6 7 7 7 7 7 7 8 8 8 7 6 8 8 8 8 8 9 9 9 8 10 10 9 11 11 11 11 11 12 7 9 11 8 10 12 12 12 12 11 10 10 10 9 9 9 9 9 8 8 6 5
1 3 3 4 4 4 4 4 5 5 5 6 7 7 7 7 7 7 8 8 8 7 8 8 8 8 8 8 9 9 9 6 8 8 9 9 11 11 11 11 12 7 9 9 10 10 12 12 12 12 11 8 8 10 9 9 9 9 9 8 8 6 5
1 3 3 4 4 4 4 4 5 5 5 6 7 7 7 7 7 7 8 8 8 7 8 8 8 8 8 8 9 9 9 8 10 10 11 11 11 11 11 11 12 7 9 9 10 10 12 12 12 12 11 10 10 10 9 9 9 9 9 8 8 6 5
1 3 3 4 4 4 4 4 5 5 5 6 7 7 7 7 7 7 8 8 8 7 8 8 8 8 8 8 9 9 9 10 10 10 7 11 11 11 9 11 12 11 11 9 8 12 12 12 8 12 11 10 10 10 9 9 9 9 9 8 8 6 5
1 3 3 4 4 4 4 4 5 5 5 6 7 7 7 7 7 7 8 8 8 7 8 8 8 8 8 8 9 9 9 10 10 10 9 9 11 11 11 11 12 9 11 11 8 8 12 12 12 12 11 10 10 10 9 9 9 9 9 8 8 6 5
1 3 3 4 4 5 4 4 5 5 6 6 7 7 8 7 7 8 8 9 9 7 6 8 9 8 8 9 9 10 10 8 10 11 11 10 12 11 12 12 13 7 11 10 10 9 13 12 13 13 12 12 11 11 10 10 11 10 10 9 9 7 6
1 3 4 4 4 4 4 5 5 5 5 7 7 7 7 8 8 8 8 8 8 8 8 8 8 9 9 9 9 9 9 7 9 9 11 11 11 10 10 12 12 8 10 10 12 12 12 11 11 11 11 9 9 9 9 8 8 8 8 8 7 5 4
1 3 4 4 4 5 4 5 5 5 6 7 7 7 8 8 8 9 8 9 9 8 8 8 9 9 9 8 9 10 10 11 11 10 7 12 12 12 9 13 13 12 12 9 8 13 13 13 8 12 12 11 10 10 10 9 10 9 9 9 8 6 5
1 3 4 4 5 5 4 5 5 6 6 7 7 8 8 8 9 9 9 9 10 8 8 9 9 9 10 10 10 10 11 9 12 12 12 12 13 13 13 14 14 8 11 11 11 11 14 14 14 13 13 12 12 11 11 10 11 11 10 10 9 7 6
1 3 4 4 5 5 4 5 5 6 6 7 7 8 8 8 9 9 9 9 10 8 8 9 9 9 10 10 10 10 11 11 10 10 12 12 13 13 13 14 14 10 9 9 13 13 14 14 14 13 13 12 12 11 11 10 11 11 10 10 9 7 6
1 4 4 4 4 4 5 5 5 5 5 8 8 8 8 8 8 8 8 8 8 7 9 9 9 9 9 9 9 9 9 8 10 10 12 12 12 12 12 12 12 7 9 9 11 11 13 13 13 13 13 10 10 10 10 10 9 9 9 9 9 6 5
1 4 4 4 5 5 5 5 5 6 6 8 8 9 9 8 9 9 9 9 10 9 9 10 10 9 10 10 10 10 11 12 9 11 13 13 12 13 13 14 14 11 8 10 12 14 11 14 14 13 13 11 11 10 10 10 10 10 9 9 9 6 5
1 4 4 5 5 5 5 5 6 6 6 8 9 9 9 9 9 9 10 10 10 9 8 10 10 10 10 10 11 11 11 9 13 13 12 12 14 14 14 14 15 8 12 12 11 11 15 15 15 15 14 12 12 12 11 11 11 11 11 10 10 7 6
1 4 5 5 5 5 5 6 6 6 6 9 9 9 9 10 10 10 10 10 10 10 10 10 10 9 11 11 11 11 11 12 12 14 14 14 8 15 11 13 15 11 13 15 15 15 9 14 10 14 14 11 11 11 11 10 10 10 10 10 9 6 5
1 4 5 5 5 6 5 6 6 6 7 9 9 9 10 10 10 11 10 11 11 10 10 10 11 11 11 12 11 12 12 10 14 13 14 13 15 15 16 16 16 9 13 12 13 12 16 16 15 15 15 13 12 12 12 11 12 11 11 11 10 7 6
1 5 5 5 6 6 6 6 6 7 7 10 10 11 11 10 11 11 11 11 12 11 11 10 12 11 12 12 12 12 13 15 10 14 14 16 13 16 16 17 17 14 9 13 13 17 12 17 17 16 16 13 13 12 12 12 12 12 11 11 11 7 6
2 2 2 2 2 2 4 4 4 4 4 4 4 4 4 4 4 4 4 4 4 4 5 5 5 6 6 6 6 6 6 6 6 6 6 6 6 6 6 6 6 5 5 5 6 6 6 7 7 7 8 8 8 8 8 8 6 6 6 6 6 6 4
2 2 2 2 2 2 4 4 4 4 4 4 4 4 4 4 4 4 4 4 4 5 5 6 6 6 6 6 6 6 6 6 6 6 6 6 6 6 6 6 6 5 6 6 6 6 7 7 7 8 8 8 8 8 8 8 6 6 6 6 6 6 4
2 2 2 2 2 3 4 4 4 4 5 4 4 4 5 4 4 5 4 5 5 4 4 6 5 4 6 7 6 7 7 6 6 7 6 7 7 6 7 7 7 4 6 5 6 5 7 6 7 7 7 8 7 7 7 7 6 5 5 5 5 5 3
2 2 2 2 2 3 4 4 4 4 5 4 4 4 5 4 4 5 4 5 5 4 4 6 5 6 6 5 6 7 7 6 6 7 6 7 7 6 7 7 7 4 6 5 6 5 7 8 7 7 7 8 7 7 7 7 6 5 5 5 5 5 3
2 2 2 2 2 3 4 4 4 4 5 4 4 4 5 4 4 5 4 5 5 4 4 6 5 6 6 7 6 7 7 6 6 7 6 7 7 6 7 7 7 4 6 5 6 5 7 8 7 7 7 8 7 7 7 7 6 5 5 5 5 5 3
2 2 2 2 2 3 4 4 4 4 5 4 4 4 5 4 4 5 4 5 5 4 4 6 7 4 6 7 6 7 7 6 6 7 6 7 5 6 7 7 7 4 6 5 6 7 7 6 7 7 7 8 7 7 7 7 6 5 5 5 5 5 3
2 2 2 2 2 3 4 4 4 4 5 4 4 4 5 4 4 5 4 5 5 4 4 6 7 4 6 7 6 7 7 6 6 7 6 7 5 6 7 7 7 4 6 7 6 7 7 6 7 7 7 8 7 7 7 7 6 5 5 5 5 5 3
2 2 2 2 2 3 4 4 4 4 5 4 4 4 5 4 4 5 4 5 5 4 4 6 7 6 6 5 6 7 7 6 6 7 6 7 7 6 7 5 7 4 6 5 6 7 7 8 7 5 7 8 7 7 7 7 6 5 5 5 5 5 3
2 2 2 2 2 3 4 4 4 4 5 4 4 4 5 4 4 5 4 5 5 4 4 6 7 6 6 5 6 7 7 6 6 7 6 7 7 6 7 7 7 4 6 5 6 7 7 8 7 7 7 8 7 7 7 7 6 5 5 5 5 5 3
2 2 2 2 2 3 4 4 4 4 5 4 4 4 5 4 4 5 4 5 5 4 6 6 5 6 6 5 6 5 5 6 6 7 6 7 7 6 7 7 5 6 6 5 8 5 5 8 5 5 5 8 7 7 7 7 6 5 5 5 5 5 3
2 2 2 2 2 3 4 4 4 4 5 4 4 4 5 4 4 5 4 5 5 4 6 6 5 6 6 5 6 5 7 6 6 7 6 7 5 6 7 7 7 6 6 5 8 5 5 8 5 7 7 8 7 7 7 7 6 5 5 5 5 5 3
2 2 2 2 2 3 4 4 4 4 5 4 4 4 5 4 4 5 4 5 5 4 6 6 5 6 6 5 6 5 7 6 6 7 6 7 7 6 7 7 7 6 6 5 6 5 7 8 5 5 7 8 7 7 7 7 6 5 5 5 5 5 3
2 2 2 2 2 3 4 4 4 4 5 4 4 4 5 4 4 5 4 5 5 4 6 6 5 6 6 5 6 5 7 6 6 7 6 7 7 6 7 7 7 6 6 5 6 5 7 8 5 7 7 8 7 7 7 7 6 5 5 5 5 5 3
2 2 2 2 2 3 4 4 4 4 5 4 4 4 5 4 4 5 4 5 5 4 6 6 5 6 6 5 6 5 7 6 6 7 6 7 7 6 7 7 7 6 6 5 8 5 5 8 5 7 7 6 7 7 7 7 6 5 5 5 5 5 3
2 2 2 2 2 3 4 4 4 4 5 4 4 4 5 4 4 5 4 5 5 4 6 6 5 6 6 5 6 5 7 6 6 7 6 7 7 6 7 7 7 6 6 5 8 5 5 8 5 7 7 8 7 7 7 7 6 5 5 5 5 5 3
2 2 2 2 2 3 4 4 4 4 5 4 4 4 5 4 4 5 4 5 5 4 6 6 5 6 6 5 6 5 7 6 6 7 6 7 7 6 7 7 7 6 6 5 8 5 7 8 5 7 7 8 7 7 7 7 6 5 5 5 5 5 3
2 2 2 2 2 3 4 4 4 4 5 4 4 4 5 4 4 5 4 5 5 4 6 6 5 6 6 5 6 7 7 6 6 7 4 5 7 6 7 7 5 6 6 5 6 5 7 8 7 7 7 6 7 7 5 7 6 5 5 5 5 5 3
2 2 2 2 2 3 4 4 4 4 5 4 4 4 5 4 4 5 4 5 5 4 6 6 5 6 6 5 6 7 7 6 6 7 4 7 7 6 5 7 7 6 6 5 6 7 7 8 5 7 7 6 7 7 7 7 6 5 5 5 5 5 3
2 2 2 2 2 3 4 4 4 4 5 4 4 4 5 4 4 5 4 5 5 4 6 6 5 6 6 5 6 7 7 6 6 7 4 7 7 6 7 7 5 6 6 5 6 7 7 8 5 7 7 6 7 7 5 7 6 5 5 5 5 5 3
2 2 2 2 2 3 4 4 4 4 5 4 4 4 5 4 4 5 4 5 5 4 6 6 5 6 6 5 6 7 7 6 6 7 4 7 7 6 7 7 7 6 6 5 6 5 7 8 7 7 7 6 7 7 7 7 6 5 5 5 5 5 3
2 2 2 2 2 3 4 4 4 4 5 4 4 4 5 4 4 5 4 5 5 4 6 6 5 6 6 5 6 7 7 6 6 7 4 7 7 6 7 7 7 6 6 5 6 7 7 8 5 7 7 6 7 7 7 7 6 5 5 5 5 5 3
2 2 2 2 2 3 4 4 4 4 5 4 4 4 5 4 4 5 4 5 5 4 6 6 5 6 6 5 6 7 7 6 6 7 6 5 5 6 7 7 5 6 6 5 8 5 5 8 7 7 7 8 7 7 5 7 6 5 5 5 5 5 3
2 2 2 2 2 3 4 4 4 4 5 4 4 4 5 4 4 5 4 5 5 4 6 6 5 6 6 5 6 7 7 6 6 7 6 5 7 6 7 5 7 6 6 5 8 5 7 8 7 5 7 8 7 7 7 7 6 5 5 5 5 5 3
2 2 2 2 2 3 4 4 4 4 5 4 4 4 5 4 4 5 4 5 5 4 6 6 5 6 6 5 6 7 7 6 6 7 6 5 7 6 7 7 5 6 6 5 8 5 7 6 7 7 7 8 7 7 5 7 6 5 5 5 5 5 3
2 2 2 2 2 3 4 4 4 4 5 4 4 4 5 4 4 5 4 5 5 4 6 6 5 6 6 5 6 7 7 6 6 7 6 5 7 6 7 7 5 6 6 5 8 5 7 8 7 5 7 8 7 7 5 7 6 5 5 5 5 5 3
2 2 2 2 2 3 4 4 4 4 5 4 4 4 5 4 4 5 4 5 5 4 6 6 5 6 6 5 6 7 7 6 6 7 6 5 7 6 7 7 7 6 6 5 6 5 7 8 7 5 7 8 7 7 7 7 6 5 5 5 5 5 3
2 2 2 2 2 3 4 4 4 4 5 4 4 4 5 4 4 5 4 5 5 4 6 6 5 6 6 5 6 7 7 6 6 7 6 5 7 6 7 7 7 6 6 5 6 5 7 8 7 7 7 8 7 7 7 7 6 5 5 5 5 5 3
2 2 2 2 2 3 4 4 4 4 5 4 4 4 5 4 4 5 4 5 5 4 6 6 5 6 6 5 6 7 7 6 6 7 6 5 7 6 7 7 7 6 6 5 8 5 5 6 7 7 7 8 7 7 7 7 6 5 5 5 5 5 3
2 2 2 2 2 3 4 4 4 4 5 4 4 4 5 4 4 5 4 5 5 4 6 6 5 6 6 5 6 7 7 6 6 7 6 5 7 6 7 7 7 6 6 5 8 5 5 8 7 7 7 6 7 7 7 7 6 5 5 5 5 5 3
2 2 2 2 2 3 4 4 4 4 5 4 4 4 5 4 4 5 4 5 5 4 6 6 5 6 6 5 6 7 7 6 6 7 6 5 7 6 7 7 7 6 6 5 8 5 5 8 7 7 7 8 7 7 7 7 6 5 5 5 5 5 3
2 2 2 2 2 3 4 4 4 4 5 4 4 4 5 4 4 5 4 5 5 4 6 6 5 6 6 5 6 7 7 6 6 7 6 5 7 6 7 7 7 6 6 5 8 5 7 6 7 7 7 8 7 7 7 7 6 5 5 5 5 5 3
2 2 2 2 2 3 4 4 4 4 5 4 4 4 5 4 4 5 4 5 5 4 6 6 5 6 6 5 6 7 7 6 6 7 6 5 7 6 7 7 7 6 6 5 8 5 7 8 7 5 7 6 7 7 7 7 6 5 5 5 5 5 3
2 2 2 2 2 3 4 4 4 4 5 4 4 4 5 4 4 5 4 5 5 4 6 6 5 6 6 5 6 7 7 6 6 7 6 5 7 6 7 7 7 6 6 5 8 5 7 8 7 5 7 8 7 7 7 7 6 5 5 5 5 5 3
2 2 2 2 2 3 4 4 4 4 5 4 4 4 5 4 4 5 4 5 5 4 6 6 5 6 6 5 6 7 7 6 6 7 6 5 7 6 7 7 7 6 6 5 8 5 7 8 7 7 7 8 7 7 7 7 6 5 5 5 5 5 3
2 2 2 2 2 3 4 4 4 4 5 4 4 4 5 4 4 5 4 5 5 4 6 6 5 6 6 5 6 7 7 6 6 7 6 7 7 6 7 7 5 6 6 5 6 5 7 8 7 7 7 8 7 7 7 5 6 5 5 5 5 5 3
2 2 2 2 2 3 4 4 4 4 5 4 4 4 5 4 4 5 4 5 5 4 6 6 5 6 6 5 6 7 7 6 6 7 6 7 7 6 7 7 5 6 6 5 6 5 7 8 7 7 7 8 7 7 7 7 6 5 5 5 5 5 3
2 2 2 2 2 3 4 4 4 4 5 4 4 4 5 4 4 5 4 5 5 4 6 6 5 6 6 5 6 7 7 6 6 7 6 7 7 6 7 7 5 6 6 5 8 5 5 8 7 7 7 6 7 7 7 7 6 5 5 5 5 5 3
2 2 2 2 2 3 4 4 4 4 5 4 4 4 5 4 4 5 4 5 5 4 6 6 5 6 6 5 6 7 7 6 6 7 6 7 7 6 7 7 5 6 6 5 8 5 5 8 7 7 7 8 7 7 7 5 6 5 5 5 5 5 3
2 2 2 2 2 3 4 4 4 4 5 4 4 4 5 4 4 5 4 5 5 4 6 6 5 6 6 5 6 7 7 6 6 7 6 7 7 6 7 7 5 6 6 5 8 5 5 8 7 7 7 8 7 7 7 7 6 5 5 5 5 5 3
2 2 2 2 2 3 4 4 4 4 5 4 4 4 5 4 4 5 4 5 5 4 6 6 5 6 6 5 6 7 7 6 6 7 6 7 7 6 7 7 7 4 6 5 8 7 7 8 7 7 7 8 7 7 7 7 6 5 5 5 5 5 3
2 2 2 2 2 3 4 4 4 4 5 4 4 4 5 4 4 5 4 5 5 4 6 6 5 6 6 5 6 7 7 6 6 7 6 7 7 6 7 7 7 6 6 5 6 5 7 6 7 7 7 8 7 7 7 7 6 5 5 5 5 5 3
2 2 2 2 2 3 4 4 4 4 5 4 4 4 5 4 4 5 4 5 5 4 6 6 5 6 6 5 6 7 7 6 6 7 6 7 7 6 7 7 7 6 6 5 6 5 7 8 7 5 7 8 7 7 7 7 6 5 5 5 5 5 3
2 2 2 2 2 3 4 4 4 4 5 4 4 4 5 4 4 5 4 5 5 4 6 6 5 6 6 5 6 7 7 6 6 7 6 7 7 6 7 7 7 6 6 5 6 5 7 8 7 7 7 8 7 7 7 7 6 5 5 5 5 5 3
2 2 2 2 2 3 4 4 4 4 5 4 4 4 5 4 4 5 4 5 5 4 6 6 5 6 6 5 6 7 7 6 6 7 6 7 7 6 7 7 7 6 6 5 6 7 7 8 5 5 7 8 7 7 7 7 6 5 5 5 5 5 3
2 2 2 2 2 3 4 4 4 4 5 4 4 4 5 4 4 5 4 5 5 4 6 6 5 6 6 5 6 7 7 6 6 7 6 7 7 6 7 7 7 6 6 5 6 7 7 8 5 7 7 8 7 7 7 7 6 5 5 5 5 5 3
2 2 2 2 2 3 4 4 4 4 5 4 4 4 5 4 4 5 4 5 5 4 6 6 5 6 6 5 6 7 7 6 6 7 6 7 7 6 7 7 7 6 6 5 6 7 7 8 7 7 7 8 7 7 7 7 6 5 5 5 5 5 3
2 2 2 2 2 3 4 4 4 4 5 4 4 4 5 4 4 5 4 5 5 4 6 6 5 6 6 5 6 7 7 6 6 7 6 7 7 6 7 7 7 6 6 5 8 5 5 8 7 7 7 6 7 7 7 7 6 5 5 5 5 5 3
2 2 2 2 2 3 4 4 4 4 5 4 4 4 5 4 4 5 4 5 5 4 6 6 5 6 6 5 6 7 7 6 6 7 6 7 7 6 7 7 7 6 6 5 8 5 5 8 7 7 7 8 7 7 7 7 6 5 5 5 5 5 3
2 2 2 2 2 3 4 4 4 4 5 4 4 4 5 4 4 5 4 5 5 4 6 6 5 6 6 5 6 7 7 6 6 7 6 7 7 6 7 7 7 6 6 5 8 5 7 8 7 5 7 8 7 7 7 7 6 5 5 5 5 5 3
2 2 2 2 2 3 4 4 4 4 5 4 4 4 5 4 4 5 4 5 5 4 6 6 5 6 6 5 6 7 7 6 6 7 6 7 7 6 7 7 7 6 6 5 8 5 7 8 7 7 7 6 7 7 7 7 6 5 5 5 5 5 3
2 2 2 2 2 3 4 4 4 4 5 4 4 4 5 4 4 5 4 5 5 4 6 6 5 6 6 5 6 7 7 6 6 7 6 7 7 6 7 7 7 6 6 5 8 5 7 8 7 7 7 8 7 7 7 7 6 5 5 5 5 5 3
2 2 2 2 2 3 4 4 4 4 5 4 4 4 5 4 4 5 4 5 5 4 6 6 5 6 6 5 6 7 7 6 6 7 6 7 7 6 7 7 7 6 6 5 8 7 7 8 7 7 7 8 7 7 7 7 6 5 5 5 5 5 3
2 2 2 2 2 3 4 4 4 4 5 4 4 4 5 4 4 5 4 5 5 4 6 6 5 6 6 5 6 7 7 6 6 7 6 7 7 6 7 7 7 6 6 5 8 7 7 8 7 7 9 8 9 9 9 9 8 7 7 7 7 7 5
2 2 2 2 2 3 4 4 4 4 5 4 4 4 5 4 4 5 4 5 5 4 6 6 5 6 6 7 6 5 5 6 6 7 6 7 7 6 7 7 5 6 6 5 6 5 5 8 7 7 5 8 7 7 7 7 6 5 5 5 5 5 3
2 2 2 2 2 3 4 4 4 4 5 4 4 4 5 4 4 5 4 5 5 4 6 6 5 6 6 7 6 5 5 6 6 7 6 7 7 6 7 7 5 6 6 5 8 5 5 6 7 7 5 8 7 7 7 7 6 5 5 5 5 5 3
2 2 2 2 2 3 4 4 4 4 5 4 4 4 5 4 4 5 4 5 5 4 6 6 5 6 6 7 6 5 5 6 6 7 6 7 7 6 7 7 5 6 6 5 8 5 5 8 7 7 5 8 7 7 7 7 6 5 5 5 5 5 3
2 2 2 2 2 3 4 4 4 4 5 4 4 4 5 4 4 5 4 5 5 4 6 6 5 6 6 7 6 5 7 6 6 7 6 5 7 6 7 5 7 6 6 5 8 5 7 8 7 7 7 8 7 7 7 7 6 5 5 5 5 5 3
2 2 2 2 2 3 4 4 4 4 5 4 4 4 5 4 4 5 4 5 5 4 6 6 5 6 6 7 6 5 7 6 6 7 6 7 5 6 7 7 7 6 6 5 8 5 5 6 7 7 7 8 7 7 7 7 6 5 5 5 5 5 3
2 2 2 2 2 3 4 4 4 4 5 4 4 4 5 4 4 5 4 5 5 4 6 6 5 6 6 7 6 5 7 6 6 7 6 7 5 6 7 7 7 6 6 5 8 5 5 8 7 7 7 8 7 7 7 7 6 5 5 5 5 5 3
2 2 2 2 2 3 4 4 4 4 5 4 4 4 5 4 4 5 4 5 5 4 6 6 5 6 6 7 6 5 7 6 6 7 6 7 7 6 7 5 7 6 6 5 8 5 7 8 7 7 7 6 7 7 7 7 6 5 5 5 5 5 3
2 2 2 2 2 3 4 4 4 4 5 4 4 4 5 4 4 5 4 5 5 4 6 6 5 6 6 7 6 5 7 6 6 7 6 7 7 6 7 7 5 6 6 5 6 5 7 8 7 7 5 8 7 7 7 7 6 5 5 5 5 5 3
2 2 2 2 2 3 4 4 4 4 5 4 4 4 5 4 4 5 4 5 5 4 6 6 5 6 6 7 6 5 7 6 6 7 6 7 7 6 7 7 7 6 6 5 8 5 5 6 7 7 7 8 7 7 7 7 6 5 5 5 5 5 3
2 2 2 2 2 3 4 4 4 4 5 4 4 4 5 4 4 5 4 5 5 4 6 6 5 6 6 7 6 5 7 6 6 7 6 7 7 6 7 7 7 6 6 5 8 5 5 8 7 7 7 6 7 7 7 7 6 5 5 5 5 5 3
2 2 2 2 2 3 4 4 4 4 5 4 4 4 5 4 4 5 4 5 5 4 6 6 5 6 6 7 6 5 7 6 6 7 6 7 7 6 7 7 7 6 6 5 8 5 5 8 7 7 7 8 7 7 7 7 6 5 5 5 5 5 3
2 2 2 2 2 3 4 4 4 4 5 4 4 4 5 4 4 5 4 5 5 4 6 6 5 6 6 7 6 5 7 6 6 7 6 7 7 6 7 7 7 6 6 5 8 5 7 8 7 7 7 6 7 7 7 7 6 5 5 5 5 5 3
2 2 2 2 2 3 4 4 4 4 5 4 4 4 5 4 4 5 4 5 5 4 6 6 5 6 6 7 6 5 7 6 6 7 6 7 7 6 7 7 7 6 6 5 8 5 7 8 7 7 7 8 7 7 7 7 6 5 5 5 5 5 3
2 2 2 2 2 3 4 4 4 4 5 4 4 4 5 4 4 5 4 5 5 4 6 6 5 6 6 7 6 7 7 6 6 7 6 7 7 6 5 5 5 6 6 5 8 7 7 6 7 7 7 8 7 7 7 5 6 5 5 5 5 5 3
2 2 2 2 2 3 4 4 4 4 5 4 4 4 5 4 4 5 4 5 5 4 6 6 5 6 6 7 6 7 7 6 6 7 6 7 7 6 5 5 5 6 6 5 8 7 7 8 7 7 7 8 7 7 7 5 6 5 5 5 5 5 3
2 2 2 2 2 3 4 4 4 4 5 4 4 4 5 4 4 5 4 5 5 4 6 6 5 6 6 7 6 7 7 6 6 7 6 7 7 6 5 7 5 6 6 5 6 7 7 6 7 7 7 8 7 7 7 5 6 5 5 5 5 5 3
2 2 2 2 2 3 4 4 4 4 5 4 4 4 5 4 4 5 4 5 5 4 6 6 5 6 6 7 6 7 7 6 6 7 6 7 7 6 5 7 5 6 6 5 6 7 7 8 7 7 7 8 7 7 7 5 6 5 5 5 5 5 3
2 2 2 2 2 3 4 4 4 4 5 4 4 4 5 4 4 5 4 5 5 4 6 6 5 6 6 7 6 7 7 6 6 7 6 7 7 6 5 7 5 6 6 5 8 7 5 6 7 7 7 8 7 7 7 5 6 5 5 5 5 5 3
2 2 2 2 2 3 4 4 4 4 5 4 4 4 5 4 4 5 4 5 5 4 6 6 5 6 6 7 6 7 7 6 6 7 6 7 7 6 5 7 5 6 6 5 8 7 5 8 7 7 7 8 7 7 7 5 6 5 5 5 5 5 3
2 2 2 2 2 3 4 4 4 4 5 4 4 4 5 4 4 5 4 5 5 4 6 6 5 6 6 7 6 7 7 6 6 7 6 7 7 6 5 7 7 6 6 5 8 7 5 6 7 7 7 6 7 7 7 7 6 5 5 5 5 5 3
2 2 2 2 2 3 4 4 4 4 5 4 4 4 5 4 4 5 4 5 5 4 6 6 5 6 6 7 6 7 7 6 6 7 6 7 7 6 7 7 5 6 6 5 6 5 5 6 7 7 7 8 7 7 7 7 6 5 5 5 5 5 3
2 2 2 2 2 3 4 4 4 4 5 4 4 4 5 4 4 5 4 5 5 4 6 6 5 6 6 7 6 7 7 6 6 7 6 7 7 6 7 7 5 6 6 5 6 5 5 8 7 7 7 8 7 7 7 7 6 5 5 5 5 5 3
2 2 2 2 2 3 4 4 4 4 5 4 4 4 5 4 4 5 4 5 5 4 6 6 5 6 6 7 6 7 7 6 6 7 6 7 7 6 7 7 5 6 6 5 6 5 7 6 7 7 7 8 7 7 7 7 6 5 5 5 5 5 3
2 2 2 2 2 3 4 4 4 4 5 4 4 4 5 4 4 5 4 5 5 4 6 6 5 6 6 7 6 7 7 6 6 7 6 7 7 6 7 7 5 6 6 5 6 5 7 8 7 7 7 8 7 7 7 7 6 5 5 5 5 5 3
2 2 2 2 2 3 4 4 4 4 5 4 4 4 5 4 4 5 4 5 5 4 6 6 5 6 6 7 6 7 7 6 6 7 6 7 7 6 7 7 5 6 6 5 8 5 5 6 7 7 7 6 7 7 7 7 6 5 5 5 5 5 3
2 2 2 2 2 3 4 4 4 4 5 4 4 4 5 4 4 5 4 5 5 4 6 6 5 6 6 7 6 7 7 6 6 7 6 7 7 6 7 7 5 6 6 5 8 5 5 6 7 7 7 8 7 7 7 7 6 5 5 5 5 5 3
2 2 2 2 2 3 4 4 4 4 5 4 4 4 5 4 4 5 4 5 5 4 6 6 5 6 6 7 6 7 7 6 6 7 6 7 7 6 7 7 7 6 6 5 8 5 5 6 7 7 7 6 7 7 7 7 6 5 5 5 5 5 3
2 2 2 2 2 3 4 4 4 4 5 4 4 4 5 4 4 5 4 5 5 4 6 6 5 6 6 7 6 7 7 6 6 7 6 7 7 6 7 7 7 6 6 5 8 5 5 6 7 7 7 8 7 7 7 7 6 5 5 5 5 5 3
2 2 2 2 2 3 4 4 4 4 5 4 4 4 5 4 4 5 4 5 5 4 6 6 5 6 6 7 6 7 7 6 6 7 6 7 7 6 7 7 7 6 6 5 8 5 5 8 7 7 7 8 7 7 7 7 6 5 5 5 5 5 3
2 2 2 2 2 3 4 4 4 4 5 4 4 4 5 4 4 5 4 5 5 4 6 6 5 6 6 7 6 7 7 6 6 7 6 7 7 6 7 7 7 6 6 5 8 5 7 6 7 7 7 8 7 7 7 7 6 5 5 5 5 5 3
2 2 2 2 2 3 4 4 4 4 5 4 4 4 5 4 4 5 4 5 5 4 6 6 5 6 6 7 6 7 7 6 6 7 6 7 7 6 7 7 7 6 6 5 8 7 7 6 7 7 7 8 7 7 7 7 6 5 5 5 5 5 3
2 2 2 2 2 3 4 4 4 4 5 4 4 4 5 4 4 5 4 5 5 4 6 6 5 6 6 7 6 7 7 6 6 7 6 7 7 6 7 7 7 6 6 5 8 7 7 8 9 9 7 8 9 9 9 9 8 7 7 7 7 7 5
2 2 2 2 2 3 4 4 4 4 5 4 4 4 5 4 4 5 4 5 5 4 6 6 7 6 6 7 4 7 7 6 6 7 6 5 7 6 7 5 7 6 6 7 6 7 7 6 7 7 7 8 7 7 7 7 6 5 5 5 5 5 3
2 2 2 2 2 3 4 4 4 4 5 4 4 4 5 4 4 5 4 5 5 4 6 6 7 6 6 7 6 5 7 6 6 7 6 5 7 6 7 5 7 6 6 7 8 5 7 6 7 7 7 8 7 7 7 7 6 5 5 5 5 5 3
2 2 2 2 2 3 4 4 4 4 5 4 4 4 5 4 4 5 4 5 5 4 6 6 7 6 6 7 6 5 7 6 6 7 6 5 7 6 7 5 7 6 6 7 8 5 7 8 7 5 7 8 7 7 7 7 6 5 5 5 5 5 3
2 2 2 2 2 3 4 4 4 4 5 4 4 4 5 4 4 5 4 5 5 4 6 6 7 6 6 7 6 5 7 6 6 7 6 5 7 6 7 7 7 6 6 7 6 5 7 8 7 5 7 8 7 7 7 7 6 5 5 5 5 5 3
2 2 2 2 2 3 4 4 4 4 5 4 4 4 5 4 4 5 4 5 5 4 6 6 7 6 6 7 6 5 7 6 6 7 6 7 5 6 7 7 7 6 6 5 8 7 7 6 7 7 7 8 7 7 7 7 6 5 5 5 5 5 3
2 2 2 2 2 3 4 4 4 4 5 4 4 4 5 4 4 5 4 5 5 4 6 6 7 6 6 7 6 5 7 6 6 7 6 7 5 6 7 7 7 6 6 7 6 7 7 6 7 7 7 6 7 7 7 7 6 5 5 5 5 5 3
2 2 2 2 2 3 4 4 4 4 5 4 4 4 5 4 4 5 4 5 5 4 6 6 7 6 6 7 6 5 7 6 6 7 6 7 5 6 7 7 7 6 6 7 8 5 7 8 7 7 7 8 7 7 7 7 6 5 5 5 5 5 3
2 2 2 2 2 3 4 4 4 4 5 4 4 4 5 4 4 5 4 5 5 4 6 6 7 6 6 7 6 5 7 6 6 7 6 7 5 6 7 7 7 6 6 7 8 7 7 6 7 7 7 8 7 5 7 7 6 5 5 5 5 5 3
2 2 2 2 2 3 4 4 4 4 5 4 4 4 5 4 4 5 4 5 5 4 6 6 7 6 6 7 6 5 7 6 6 7 6 7 5 6 7 7 7 6 6 7 8 7 7 6 7 7 7 8 7 7 7 7 6 5 5 5 5 5 3
2 2 2 2 2 3 4 4 4 4 5 4 4 4 5 4 4 5 4 5 5 4 6 6 7 6 6 7 6 5 7 6 6 7 6 7 5 6 7 7 7 6 6 7 8 7 7 8 5 7 7 8 7 5 7 7 6 5 5 5 5 5 3
2 2 2 2 2 3 4 4 4 4 5 4 4 4 5 4 4 5 4 5 5 4 6 6 7 6 6 7 6 5 7 6 6 7 6 7 5 6 7 7 7 6 6 7 8 7 7 8 5 7 7 8 7 7 7 7 6 5 5 5 5 5 3
2 2 2 2 2 3 4 4 4 4 5 4 4 4 5 4 4 5 4 5 5 4 6 6 7 6 6 7 6 5 7 6 6 7 6 7 5 6 7 7 7 6 6 7 8 7 7 8 7 7 7 8 7 7 7 7 6 5 5 5 5 5 3
2 2 2 2 2 3 4 4 4 4 5 4 4 4 5 4 4 5 4 5 5 4 6 6 7 6 6 7 6 5 7 6 6 7 6 7 7 6 7 7 7 6 6 5 6 7 7 8 7 7 7 6 7 7 7 7 6 5 5 5 5 5 3
2 2 2 2 2 3 4 4 4 4 5 4 4 4 5 4 4 5 4 5 5 4 6 6 7 6 6 7 6 5 7 6 6 7 6 7 7 6 7 7 7 6 6 7 8 5 7 8 7 7 7 8 7 7 7 7 6 5 5 5 5 5 3
2 2 2 2 2 3 4 4 4 4 5 4 4 4 5 4 4 5 4 5 5 4 6 6 7 6 6 7 6 5 7 6 6 7 6 7 7 6 7 7 7 6 6 7 8 7 7 8 7 9 7 8 9 9 9 9 8 7 7 7 7 7 5
2 2 2 2 2 3 4 4 4 4 5 4 4 4 5 4 4 5 4 5 5 4 6 6 7 6 6 7 6 5 7 6 6 7 6 7 7 6 7 7 7 6 6 7 8 7 9 8 7 9 7 8 9 9 7 9 8 7 7 7 7 7 5
2 2 2 2 2 3 4 4 4 4 5 4 4 4 5 4 4 5 4 5 5 4 6 6 7 6 6 7 6 7 7 6 6 7 6 7 7 6 7 7 7 6 6 5 8 9 9 8 9 9 7 8 9 9 7 9 8 7 7 7 7 7 5
2 2 2 2 2 3 4 4 4 4 5 4 4 4 5 4 4 5 4 5 5 4 6 6 7 6 6 7 6 7 7 6 6 7 6 7 7 6 7 7 7 6 6 7 8 7 7 8 7 9 9 8 9 9 9 9 8 7 7 7 7 7 5
2 2 2 2 2 3 4 4 4 4 5 4 4 4 5 4 4 5 4 5 5 4 6 6 7 6 6 7 6 7 7 6 6 7 6 7 7 6 7 7 7 6 6 7 8 7 7 8 9 9 9 8 9 9 9 9 8 7 7 7 7 7 5
2 2 2 2 2 3 4 4 4 4 5 4 4 4 5 4 4 5 4 5 5 4 6 6 7 6 6 7 6 7 7 6 6 7 6 7 7 6 7 7 7 6 6 7 8 7 9 8 7 9 7 8 9 9 9 9 8 7 7 7 7 7 5
2 2 2 2 2 3 4 4 4 4 5 4 4 4 5 4 4 5 4 5 5 4 6 6 7 6 6 7 6 7 7 6 6 7 6 7 7 6 7 7 7 6 6 7 8 7 9 8 7 9 9 8 9 7 9 9 8 7 7 7 7 7 5
2 2 2 2 2 3 4 4 4 4 5 4 4 4 5 4 4 5 4 5 5 4 6 6 7 6 6 7 6 7 7 6 6 7 6 7 7 6 7 7 7 6 6 7 8 7 9 8 7 9 9 8 9 9 7 7 8 7 7 7 7 7 5
2 2 2 2 2 3 4 4 4 4 5 4 4 4 5 4 4 5 4 5 5 4 6 6 7 6 6 7 6 7 7 6 6 7 6 7 7 6 7 7 7 6 6 7 8 7 9 8 7 9 9 8 9 9 7 9 8 7 7 7 7 7 5
2 2 2 2 2 3 4 4 4 4 5 4 4 4 5 4 4 5 4 5 5 4 6 6 7 6 6 7 6 7 7 6 6 7 6 7 7 6 7 7 7 6 6 7 8 7 9 8 7 9 9 8 9 9 9 9 8 7 7 7 7 7 5
2 2 2 2 2 3 4 4 4 4 5 4 4 4 5 4 4 5 4 5 5 4 6 6 7 6 6 7 6 7 7 6 6 7 6 7 7 6 7 7 7 6 6 7 8 7 9 8 9 7 7 8 9 9 7 9 8 7 7 7 7 7 5
2 2 2 2 2 3 4 4 4 4 5 4 4 4 5 4 4 5 4 5 5 4 6 6 7 6 6 7 6 7 7 6 6 7 6 7 7 6 7 7 7 6 6 7 8 7 9 8 9 7 9 8 9 9 7 7 8 7 7 7 7 7 5
2 2 2 2 2 3 4 4 4 4 5 4 4 4 5 4 4 5 4 5 5 4 6 6 7 6 6 7 6 7 7 6 6 7 6 7 7 6 7 7 7 6 6 7 8 7 9 8 9 7 9 8 9 9 7 9 8 7 7 7 7 7 5
2 2 2 2 2 3 4 4 4 4 5 4 4 4 5 4 4 5 4 5 5 4 6 6 7 6 6 7 6 7 7 6 6 7 6 7 7 6 7 7 7 6 6 7 8 7 9 8 9 9 7 8 9 9 7 9 8 7 7 7 7 7 5
2 2 2 2 2 3 4 4 4 4 5 4 4 4 5 4 4 5 4 5 5 4 6 6 7 6 6 7 6 7 7 6 6 7 6 7 7 6 7 7 7 6 6 7 8 7 9 8 9 9 7 8 9 9 9 7 8 7 7 7 7 7 5
2 2 2 2 2 3 4 4 4 4 5 4 4 4 5 4 4 5 4 5 5 4 6 6 7 6 6 7 6 7 7 6 6 7 6 7 7 6 7 7 7 6 6 7 8 7 9 8 9 9 7 8 9 9 9 9 8 7 7 7 7 7 5
2 2 2 2 2 3 4 4 4 4 5 4 4 4 5 4 4 5 4 5 5 4 6 6 7 6 6 7 6 7 7 6 6 7 6 7 7 6 7 7 7 6 6 7 8 9 9 8 9 9 7 8 9 9 7 9 8 7 7 7 7 7 5
2 2 2 2 2 3 4 4 4 4 5 4 4 4 5 4 4 5 4 5 5 6 6 6 5 6 6 5 6 5 5 6 6 5 6 5 7 6 5 7 7 8 8 5 8 5 5 8 5 5 5 8 5 7 7 7 6 5 5 5 5 5 3
2 2 2 2 2 3 4 4 4 4 5 4 4 4 5 4 4 5 4 5 5 6 6 6 5 6 6 5 6 5 5 6 6 5 6 7 7 6 7 7 5 8 8 5 8 5 5 8 5 5 5 8 7 7 7 7 6 5 5 5 5 5 3
2 2 2 2 2 3 4 4 4 4 5 4 4 4 5 4 4 5 4 5 5 6 6 6 5 6 6 5 6 5 5 6 6 5 6 7 7 6 7 7 7 6 8 5 8 5 5 8 5 5 5 8 7 7 7 7 6 5 5 5 5 5 3
2 2 2 2 2 3 4 4 4 4 5 4 4 4 5 4 4 5 4 5 5 6 6 6 5 6 6 5 6 5 5 6 6 5 6 7 7 6 7 7 7 8 8 5 8 5 5 8 5 5 5 8 7 7 7 7 6 5 5 5 5 5 3
2 2 2 2 2 3 4 4 4 4 5 4 4 4 5 4 4 5 4 5 5 6 6 6 5 6 6 5 6 5 5 6 6 7 6 7 7 6 7 7 7 6 8 5 8 5 5 8 5 5 5 8 7 7 7 7 6 5 5 5 5 5 3
2 2 2 2 2 3 4 4 4 4 5 4 4 4 5 4 4 5 4 5 5 6 6 6 5 6 6 5 6 5 5 6 6 7 6 7 7 6 7 7 7 8 8 5 8 5 5 8 5 5 5 8 7 7 7 7 6 5 5 5 5 5 3
2 2 2 2 2 3 4 4 4 4 5 4 4 4 5 4 4 5 4 5 5 6 6 6 5 6 6 5 6 5 7 6 6 5 6 7 5 6 7 7 7 6 8 5 8 5 5 8 5 7 7 8 7 5 7 7 6 5 5 5 5 5 3
2 2 2 2 2 3 4 4 4 4 5 4 4 4 5 4 4 5 4 5 5 6 6 6 5 6 6 5 6 5 7 6 6 5 6 7 7 6 7 7 5 6 8 5 8 5 7 8 5 7 5 8 7 7 7 7 6 5 5 5 5 5 3
2 2 2 2 2 3 4 4 4 4 5 4 4 4 5 4 4 5 4 5 5 6 6 6 5 6 6 5 6 5 7 6 6 5 6 7 7 6 7 7 5 8 6 5 8 5 7 8 5 7 5 8 7 7 7 7 6 5 5 5 5 5 3
2 2 2 2 2 3 4 4 4 4 5 4 4 4 5 4 4 5 4 5 5 6 6 6 5 6 6 5 6 5 7 6 6 5 6 7 7 6 7 7 5 8 8 5 8 5 7 8 5 7 5 6 7 7 7 7 6 5 5 5 5 5 3
2 2 2 2 2 3 4 4 4 4 5 4 4 4 5 4 4 5 4 5 5 6 6 6 5 6 6 5 6 5 7 6 6 5 6 7 7 6 7 7 5 8 8 5 8 5 7 8 5 7 5 8 7 5 7 7 6 5 5 5 5 5 3
2 2 2 2 2 3 4 4 4 4 5 4 4 4 5 4 4 5 4 5 5 6 6 6 5 6 6 5 6 5 7 6 6 5 6 7 7 6 7 7 5 8 8 5 8 5 7 8 5 7 5 8 7 7 7 7 6 5 5 5 5 5 3
2 2 2 2 2 3 4 4 4 4 5 4 4 4 5 4 4 5 4 5 5 6 6 6 5 6 6 5 6 5 7 6 6 5 6 7 7 6 7 7 7 6 6 5 8 5 7 8 5 7 5 8 7 7 7 7 6 5 5 5 5 5 3
2 2 2 2 2 3 4 4 4 4 5 4 4 4 5 4 4 5 4 5 5 6 6 6 5 6 6 5 6 5 7 6 6 5 6 7 7 6 7 7 7 6 6 5 8 5 7 8 5 7 7 8 7 7 7 7 6 5 5 5 5 5 3
2 2 2 2 2 3 4 4 4 4 5 4 4 4 5 4 4 5 4 5 5 6 6 6 5 6 6 5 6 5 7 6 6 5 6 7 7 6 7 7 7 6 8 5 6 5 7 8 5 5 7 8 7 7 7 7 6 5 5 5 5 5 3
2 2 2 2 2 3 4 4 4 4 5 4 4 4 5 4 4 5 4 5 5 6 6 6 5 6 6 5 6 5 7 6 6 5 6 7 7 6 7 7 7 6 8 5 6 5 7 8 5 7 7 8 7 5 7 7 6 5 5 5 5 5 3
2 2 2 2 2 3 4 4 4 4 5 4 4 4 5 4 4 5 4 5 5 6 6 6 5 6 6 5 6 5 7 6 6 5 6 7 7 6 7 7 7 6 8 5 6 5 7 8 5 7 7 8 7 7 7 7 6 5 5 5 5 5 3
2 2 2 2 2 3 4 4 4 4 5 4 4 4 5 4 4 5 4 5 5 6 6 6 5 6 6 5 6 5 7 6 6 5 6 7 7 6 7 7 7 6 8 5 8 5 5 8 5 7 7 6 7 7 7 7 6 5 5 5 5 5 3
2 2 2 2 2 3 4 4 4 4 5 4 4 4 5 4 4 5 4 5 5 6 6 6 5 6 6 5 6 5 7 6 6 5 6 7 7 6 7 7 7 6 8 5 8 5 5 8 5 7 7 8 7 7 7 7 6 5 5 5 5 5 3
2 2 2 2 2 3 4 4 4 4 5 4 4 4 5 4 4 5 4 5 5 6 6 6 5 6 6 5 6 5 7 6 6 5 6 7 7 6 7 7 7 6 8 5 8 5 7 8 5 7 5 6 7 7 7 7 6 5 5 5 5 5 3
2 2 2 2 2 3 4 4 4 4 5 4 4 4 5 4 4 5 4 5 5 6 6 6 5 6 6 5 6 5 7 6 6 5 6 7 7 6 7 7 7 6 8 5 8 5 7 8 5 7 5 8 7 7 7 7 6 5 5 5 5 5 3
2 2 2 2 2 3 4 4 4 4 5 4 4 4 5 4 4 5 4 5 5 6 6 6 5 6 6 5 6 5 7 6 6 5 6 7 7 6 7 7 7 6 8 5 8 5 7 8 5 7 7 6 7 7 7 7 6 5 5 5 5 5 3
2 2 2 2 2 3 4 4 4 4 5 4 4 4 5 4 4 5 4 5 5 6 6 6 5 6 6 5 6 5 7 6 6 5 6 7 7 6 7 7 7 6 8 5 8 5 7 8 5 7 7 8 7 5 7 7 6 5 5 5 5 5 3
2 2 2 2 2 3 4 4 4 4 5 4 4 4 5 4 4 5 4 5 5 6 6 6 5 6 6 5 6 5 7 6 6 5 6 7 7 6 7 7 7 6 8 5 8 5 7 8 5 7 7 8 7 7 7 7 6 5 5 5 5 5 3
2 2 2 2 2 3 4 4 4 4 5 4 4 4 5 4 4 5 4 5 5 6 6 6 5 6 6 5 6 5 7 6 6 5 6 7 7 6 7 7 7 8 6 5 6 5 7 8 5 7 7 8 7 5 7 7 6 5 5 5 5 5 3
2 2 2 2 2 3 4 4 4 4 5 4 4 4 5 4 4 5 4 5 5 6 6 6 5 6 6 5 6 5 7 6 6 5 6 7 7 6 7 7 7 8 6 5 8 5 5 8 5 7 7 8 7 7 7 7 6 5 5 5 5 5 3
2 2 2 2 2 3 4 4 4 4 5 4 4 4 5 4 4 5 4 5 5 6 6 6 5 6 6 5 6 5 7 6 6 5 6 7 7 6 7 7 7 8 6 5 8 5 7 8 5 7 5 8 7 7 7 7 6 5 5 5 5 5 3
2 2 2 2 2 3 4 4 4 4 5 4 4 4 5 4 4 5 4 5 5 6 6 6 5 6 6 5 6 5 7 6 6 5 6 7 7 6 7 7 7 8 6 5 8 5 7 8 5 7 7 8 7 5 7 7 6 5 5 5 5 5 3
2 2 2 2 2 3 4 4 4 4 5 4 4 4 5 4 4 5 4 5 5 6 6 6 5 6 6 5 6 5 7 6 6 5 6 7 7 6 7 7 7 8 8 5 6 5 7 8 5 7 7 8 7 7 7 7 6 5 5 5 5 5 3
2 2 2 2 2 3 4 4 4 4 5 4 4 4 5 4 4 5 4 5 5 6 6 6 5 6 6 5 6 5 7 6 6 5 6 7 7 6 7 7 7 8 8 5 8 5 5 8 5 7 7 8 7 7 7 7 6 5 5 5 5 5 3
2 2 2 2 2 3 4 4 4 4 5 4 4 4 5 4 4 5 4 5 5 6 6 6 5 6 6 5 6 5 7 6 6 5 6 7 7 6 7 7 7 8 8 5 8 5 7 8 5 7 7 6 7 5 7 7 6 5 5 5 5 5 3
2 2 2 2 2 3 4 4 4 4 5 4 4 4 5 4 4 5 4 5 5 6 6 6 5 6 6 5 6 5 7 6 6 5 6 7 7 6 7 7 7 8 8 5 8 5 7 8 5 7 7 6 7 7 7 7 6 5 5 5 5 5 3
2 2 2 2 2 3 4 4 4 4 5 4 4 4 5 4 4 5 4 5 5 6 6 6 5 6 6 5 6 5 7 6 6 5 6 7 7 6 7 7 7 8 8 5 8 5 7 8 5 7 7 8 7 7 7 7 6 5 5 5 5 5 3
2 2 2 2 2 3 4 4 4 4 5 4 4 4 5 4 4 5 4 5 5 6 6 6 5 6 6 5 6 5 7 6 6 7 6 7 7 6 7 7 7 6 6 5 8 5 7 8 5 7 7 8 7 7 7 7 6 5 5 5 5 5 3
2 2 2 2 2 3 4 4 4 4 5 4 4 4 5 4 4 5 4 5 5 6 6 6 5 6 6 5 6 5 7 6 6 7 6 7 7 6 7 7 7 6 8 5 8 5 7 8 5 7 7 8 7 7 7 7 6 5 5 5 5 5 3
2 2 2 2 2 3 4 4 4 4 5 4 4 4 5 4 4 5 4 5 5 6 6 6 5 6 6 5 6 5 7 6 6 7 6 7 7 6 7 7 7 8 6 5 8 5 7 8 5 7 7 8 7 7 7 7 6 5 5 5 5 5 3
2 2 2 2 2 3 4 4 4 4 5 4 4 4 5 4 4 5 4 5 5 6 6 6 5 6 6 5 6 5 7 6 6 7 6 7 7 6 7 7 7 8 8 5 8 5 7 8 5 7 7 8 7 7 7 7 6 5 5 5 5 5 3
2 2 2 2 2 3 4 4 4 4 5 4 4 4 5 4 4 5 4 5 5 6 6 6 5 6 6 5 6 7 7 6 6 5 6 7 7 6 7 7 5 6 8 5 6 7 5 8 7 7 7 8 7 7 7 7 6 5 5 5 5 5 3
2 2 2 2 2 3 4 4 4 4 5 4 4 4 5 4 4 5 4 5 5 6 6 6 5 6 6 5 6 7 7 6 6 5 6 7 7 6 7 7 5 6 8 5 6 7 7 8 5 7 7 8 7 7 7 7 6 5 5 5 5 5 3
2 2 2 2 2 3 4 4 4 4 5 4 4 4 5 4 4 5 4 5 5 6 6 6 5 6 6 5 6 7 7 6 6 5 6 7 7 6 7 7 5 6 8 5 6 7 7 8 7 7 7 8 7 7 7 5 6 5 5 5 5 5 3
2 2 2 2 2 3 4 4 4 4 5 4 4 4 5 4 4 5 4 5 5 6 6 6 5 6 6 5 6 7 7 6 6 5 6 7 7 6 7 7 5 6 8 5 6 7 7 8 7 7 7 8 7 7 7 7 6 5 5 5 5 5 3
2 2 2 2 2 3 4 4 4 4 5 4 4 4 5 4 4 5 4 5 5 6 6 6 5 6 6 5 6 7 7 6 6 5 6 7 7 6 7 7 5 6 8 5 8 5 7 8 7 5 7 8 7 7 7 7 6 5 5 5 5 5 3
2 2 2 2 2 3 4 4 4 4 5 4 4 4 5 4 4 5 4 5 5 6 6 6 5 6 6 5 6 7 7 6 6 5 6 7 7 6 7 7 5 6 8 5 8 5 7 8 7 7 7 8 7 7 7 5 6 5 5 5 5 5 3
2 2 2 2 2 3 4 4 4 4 5 4 4 4 5 4 4 5 4 5 5 6 6 6 5 6 6 5 6 7 7 6 6 5 6 7 7 6 7 7 5 6 8 5 8 5 7 8 7 7 7 8 7 7 7 7 6 5 5 5 5 5 3
2 2 2 2 2 3 4 4 4 4 5 4 4 4 5 4 4 5 4 5 5 6 6 6 5 6 6 5 6 7 7 6 6 5 6 7 7 6 7 7 5 6 8 5 8 7 5 8 7 7 7 8 7 7 7 7 6 5 5 5 5 5 3
2 2 2 2 2 3 4 4 4 4 5 4 4 4 5 4 4 5 4 5 5 6 6 6 5 6 6 5 6 7 7 6 6 5 6 7 7 6 7 7 5 6 8 5 8 7 7 8 7 7 5 8 7 7 5 5 6 5 5 5 5 5 3
2 2 2 2 2 3 4 4 4 4 5 4 4 4 5 4 4 5 4 5 5 6 6 6 5 6 6 5 6 7 7 6 6 5 6 7 7 6 7 7 5 6 8 5 8 7 7 8 7 7 5 8 7 7 7 7 6 5 5 5 5 5 3
2 2 2 2 2 3 4 4 4 4 5 4 4 4 5 4 4 5 4 5 5 6 6 6 5 6 6 5 6 7 7 6 6 5 6 7 7 6 7 7 5 6 8 5 8 7 7 8 7 7 7 8 7 7 7 7 6 5 5 5 5 5 3
2 2 2 2 2 3 4 4 4 4 5 4 4 4 5 4 4 5 4 5 5 6 6 6 5 6 6 5 6 7 7 6 6 5 6 7 7 6 7 7 5 8 8 5 6 5 5 8 7 7 7 8 7 7 7 7 6 5 5 5 5 5 3
2 2 2 2 2 3 4 4 4 4 5 4 4 4 5 4 4 5 4 5 5 6 6 6 5 6 6 5 6 7 7 6 6 5 6 7 7 6 7 7 5 8 8 5 6 5 7 8 7 5 7 8 7 7 7 7 6 5 5 5 5 5 3
2 2 2 2 2 3 4 4 4 4 5 4 4 4 5 4 4 5 4 5 5 6 6 6 5 6 6 5 6 7 7 6 6 5 6 7 7 6 7 7 5 8 8 5 6 5 7 8 7 7 7 8 7 7 7 5 6 5 5 5 5 5 3
2 2 2 2 2 3 4 4 4 4 5 4 4 4 5 4 4 5 4 5 5 6 6 6 5 6 6 5 6 7 7 6 6 5 6 7 7 6 7 7 5 8 8 5 6 5 7 8 7 7 7 8 7 7 7 7 6 5 5 5 5 5 3
2 2 2 2 2 3 4 4 4 4 5 4 4 4 5 4 4 5 4 5 5 6 6 6 5 6 6 5 6 7 7 6 6 5 6 7 7 6 7 7 5 8 8 5 6 7 7 8 5 5 7 8 7 7 7 7 6 5 5 5 5 5 3
2 2 2 2 2 3 4 4 4 4 5 4 4 4 5 4 4 5 4 5 5 6 6 6 5 6 6 5 6 7 7 6 6 5 6 7 7 6 7 7 5 8 8 5 6 7 7 8 5 7 7 8 7 7 7 7 6 5 5 5 5 5 3
2 2 2 2 2 3 4 4 4 4 5 4 4 4 5 4 4 5 4 5 5 6 6 6 5 6 6 5 6 7 7 6 6 5 6 7 7 6 7 7 5 8 8 5 6 7 7 8 7 7 7 8 7 7 7 5 6 5 5 5 5 5 3
2 2 2 2 2 3 4 4 4 4 5 4 4 4 5 4 4 5 4 5 5 6 6 6 5 6 6 5 6 7 7 6 6 5 6 7 7 6 7 7 5 8 8 5 6 7 7 8 7 7 7 8 7 7 7 7 6 5 5 5 5 5 3
2 2 2 2 2 3 4 4 4 4 5 4 4 4 5 4 4 5 4 5 5 6 6 6 5 6 6 5 6 7 7 6 6 5 6 7 7 6 7 7 5 8 8 5 8 5 5 8 7 7 7 8 7 7 7 5 6 5 5 5 5 5 3
2 2 2 2 2 3 4 4 4 4 5 4 4 4 5 4 4 5 4 5 5 6 6 6 5 6 6 5 6 7 7 6 6 5 6 7 7 6 7 7 5 8 8 5 8 5 5 8 7 7 7 8 7 7 7 7 6 5 5 5 5 5 3
2 2 2 2 2 3 4 4 4 4 5 4 4 4 5 4 4 5 4 5 5 6 6 6 5 6 6 5 6 7 7 6 6 5 6 7 7 6 7 7 5 8 8 5 8 5 7 8 7 7 7 8 7 7 7 5 6 5 5 5 5 5 3
2 2 2 2 2 3 4 4 4 4 5 4 4 4 5 4 4 5 4 5 5 6 6 6 5 6 6 5 6 7 7 6 6 5 6 7 7 6 7 7 5 8 8 5 8 5 7 8 7 7 7 8 7 7 7 7 6 5 5 5 5 5 3
2 2 2 2 2 3 4 4 4 4 5 4 4 4 5 4 4 5 4 5 5 6 6 6 5 6 6 5 6 7 7 6 6 5 6 7 7 6 7 7 5 8 8 5 8 7 7 8 7 7 5 8 7 7 7 7 6 5 5 5 5 5 3
2 2 2 2 2 3 4 4 4 4 5 4 4 4 5 4 4 5 4 5 5 6 6 6 5 6 6 5 6 7 7 6 6 5 6 7 7 6 7 7 5 8 8 5 8 7 7 8 7 7 7 8 7 7 7 7 6 5 5 5 5 5 3
2 2 2 2 2 3 4 4 4 4 5 4 4 4 5 4 4 5 4 5 5 6 6 6 5 6 6 5 6 7 7 6 6 5 6 7 7 6 7 7 7 6 6 5 6 7 7 8 7 7 7 8 7 7 7 5 6 5 5 5 5 5 3
2 2 2 2 2 3 4 4 4 4 5 4 4 4 5 4 4 5 4 5 5 6 6 6 5 6 6 5 6 7 7 6 6 5 6 7 7 6 7 7 7 6 6 5 8 5 7 8 7 7 7 8 7 7 7 5 6 5 5 5 5 5 3
2 2 2 2 2 3 4 4 4 4 5 4 4 4 5 4 4 5 4 5 5 6 6 6 5 6 6 5 6 7 7 6 6 5 6 7 7 6 7 7 7 6 6 5 8 7 7 8 7 7 5 8 7 7 7 7 6 5 5 5 5 5 3
2 2 2 2 2 3 4 4 4 4 5 4 4 4 5 4 4 5 4 5 5 6 6 6 5 6 6 5 6 7 7 6 6 5 6 7 7 6 7 7 7 6 8 5 6 5 7 8 7 5 7 8 7 7 7 7 6 5 5 5 5 5 3
2 2 2 2 2 3 4 4 4 4 5 4 4 4 5 4 4 5 4 5 5 6 6 6 5 6 6 5 6 7 7 6 6 5 6 7 7 6 7 7 7 6 8 5 6 5 7 8 7 7 7 8 7 7 7 5 6 5 5 5 5 5 3
2 2 2 2 2 3 4 4 4 4 5 4 4 4 5 4 4 5 4 5 5 6 6 6 5 6 6 5 6 7 7 6 6 5 6 7 7 6 7 7 7 6 8 5 6 5 7 8 7 7 7 8 7 7 7 7 6 5 5 5 5 5 3
2 2 2 2 2 3 4 4 4 4 5 4 4 4 5 4 4 5 4 5 5 6 6 6 5 6 6 5 6 7 7 6 6 5 6 7 7 6 7 7 7 6 8 5 6 7 5 8 7 7 7 8 7 7 7 7 6 5 5 5 5 5 3
2 2 2 2 2 3 4 4 4 4 5 4 4 4 5 4 4 5 4 5 5 6 6 6 5 6 6 5 6 7 7 6 6 5 6 7 7 6 7 7 7 6 8 5 6 7 7 8 5 5 7 8 7 7 7 7 6 5 5 5 5 5 3
2 2 2 2 2 3 4 4 4 4 5 4 4 4 5 4 4 5 4 5 5 6 6 6 5 6 6 5 6 7 7 6 6 5 6 7 7 6 7 7 7 6 8 5 6 7 7 8 7 7 7 8 7 7 7 7 6 5 5 5 5 5 3
2 2 2 2 2 3 4 4 4 4 5 4 4 4 5 4 4 5 4 5 5 6 6 6 5 6 6 5 6 7 7 6 6 5 6 7 7 6 7 7 7 6 8 5 8 5 5 8 7 7 7 8 7 7 7 7 6 5 5 5 5 5 3
2 2 2 2 2 3 4 4 4 4 5 4 4 4 5 4 4 5 4 5 5 6 6 6 5 6 6 5 6 7 7 6 6 5 6 7 7 6 7 7 7 6 8 5 8 5 7 8 7 7 7 8 7 7 7 7 6 5 5 5 5 5 3
2 2 2 2 2 3 4 4 4 4 5 4 4 4 5 4 4 5 4 5 5 6 6 6 5 6 6 5 6 7 7 6 6 5 6 7 7 6 7 7 7 8 8 5 6 5 7 8 7 5 7 8 7 7 7 7 6 5 5 5 5 5 3
2 2 2 2 2 3 4 4 4 4 5 4 4 4 5 4 4 5 4 5 5 6 6 6 5 6 6 5 6 7 7 6 6 5 6 7 7 6 7 7 7 8 8 5 6 5 7 8 7 7 7 8 7 7 7 7 6 5 5 5 5 5 3
2 2 2 2 2 3 4 4 4 4 5 4 4 4 5 4 4 5 4 5 5 6 6 6 5 6 6 5 6 7 7 6 6 5 6 7 7 6 7 7 7 8 8 5 8 5 5 8 7 7 7 8 7 7 7 7 6 5 5 5 5 5 3
2 2 2 2 2 3 4 4 4 4 5 4 4 4 5 4 4 5 4 5 5 6 6 6 5 6 6 5 6 7 7 6 6 7 6 5 7 6 7 5 7 6 8 5 8 5 7 6 7 5 7 8 7 7 7 7 6 5 5 5 5 5 3
2 2 2 2 2 3 4 4 4 4 5 4 4 4 5 4 4 5 4 5 5 6 6 6 5 6 6 5 6 7 7 6 6 7 6 5 7 6 7 5 7 6 8 5 8 5 7 8 7 5 7 6 7 7 5 7 6 5 5 5 5 5 3
2 2 2 2 2 3 4 4 4 4 5 4 4 4 5 4 4 5 4 5 5 6 6 6 5 6 6 5 6 7 7 6 6 7 6 5 7 6 7 5 7 6 8 5 8 5 7 8 7 5 7 8 7 7 7 7 6 5 5 5 5 5 3
2 2 2 2 2 3 4 4 4 4 5 4 4 4 5 4 4 5 4 5 5 6 6 6 5 6 6 5 6 7 7 6 6 7 6 5 7 6 7 5 7 8 8 5 6 5 7 6 7 5 7 8 7 7 7 7 6 5 5 5 5 5 3
2 2 2 2 2 3 4 4 4 4 5 4 4 4 5 4 4 5 4 5 5 6 6 6 5 6 6 5 6 7 7 6 6 7 6 5 7 6 7 7 7 6 6 5 8 5 7 8 7 7 7 6 7 7 5 7 6 5 5 5 5 5 3
2 2 2 2 2 3 4 4 4 4 5 4 4 4 5 4 4 5 4 5 5 6 6 6 5 6 6 5 6 7 7 6 6 7 6 5 7 6 7 7 7 6 6 5 8 5 7 8 7 7 7 6 7 7 7 7 6 5 5 5 5 5 3
2 2 2 2 2 3 4 4 4 4 5 4 4 4 5 4 4 5 4 5 5 6 6 6 5 6 6 5 6 7 7 6 6 7 6 5 7 6 7 7 7 6 8 5 8 5 7 6 7 5 7 8 7 7 7 7 6 5 5 5 5 5 3
2 2 2 2 2 3 4 4 4 4 5 4 4 4 5 4 4 5 4 5 5 6 6 6 5 6 6 5 6 7 7 6 6 7 6 5 7 6 7 7 7 8 6 5 8 5 7 8 7 7 7 8 7 7 7 7 6 5 5 5 5 5 3
2 2 2 2 2 3 4 4 4 4 5 4 4 4 5 4 4 5 4 5 5 6 6 6 5 6 6 5 6 7 7 6 6 7 6 5 7 6 7 7 7 8 8 5 8 5 7 8 7 5 7 8 7 7 7 7 6 5 5 5 5 5 3
2 2 2 2 2 3 4 4 4 4 5 4 4 4 5 4 4 5 4 5 5 6 6 6 5 6 6 5 6 7 7 6 6 7 6 5 7 6 7 7 7 8 8 5 8 5 7 8 7 7 7 8 7 7 7 7 6 5 5 5 5 5 3
2 2 2 2 2 3 4 4 4 4 5 4 4 4 5 4 4 5 4 5 5 6 6 6 5 6 6 5 6 7 7 6 6 7 6 7 7 6 7 7 5 6 8 5 6 7 5 8 7 7 7 6 7 7 7 7 6 5 5 5 5 5 3
2 2 2 2 2 3 4 4 4 4 5 4 4 4 5 4 4 5 4 5 5 6 6 6 5 6 6 5 6 7 7 6 6 7 6 7 7 6 7 7 5 6 8 5 6 7 7 6 7 7 7 8 7 7 5 5 6 5 5 5 5 5 3
2 2 2 2 2 3 4 4 4 4 5 4 4 4 5 4 4 5 4 5 5 6 6 6 5 6 6 5 6 7 7 6 6 7 6 7 7 6 7 7 5 6 8 5 6 7 7 8 5 7 7 6 7 7 7 7 6 5 5 5 5 5 3
2 2 2 2 2 3 4 4 4 4 5 4 4 4 5 4 4 5 4 5 5 6 6 6 5 6 6 5 6 7 7 6 6 7 6 7 7 6 7 7 5 6 8 5 6 7 7 8 7 7 7 6 7 7 7 7 6 5 5 5 5 5 3
2 2 2 2 2 3 4 4 4 4 5 4 4 4 5 4 4 5 4 5 5 6 6 6 5 6 6 5 6 7 7 6 6 7 6 7 7 6 7 7 5 6 8 5 6 7 7 8 7 7 7 8 7 7 5 7 6 5 5 5 5 5 3
2 2 2 2 2 3 4 4 4 4 5 4 4 4 5 4 4 5 4 5 5 6 6 6 5 6 6 5 6 7 7 6 6 7 6 7 7 6 7 7 5 6 8 5 8 5 7 8 7 7 7 6 7 7 7 5 6 5 5 5 5 5 3
2 2 2 2 2 3 4 4 4 4 5 4 4 4 5 4 4 5 4 5 5 6 6 6 5 6 6 5 6 7 7 6 6 7 6 7 7 6 7 7 5 6 8 5 8 5 7 8 7 7 7 8 7 7 7 7 6 5 5 5 5 5 3
2 2 2 2 2 3 4 4 4 4 5 4 4 4 5 4 4 5 4 5 5 6 6 6 5 6 6 5 6 7 7 6 6 7 6 7 7 6 7 7 5 6 8 5 8 7 5 8 7 7 7 8 7 7 7 7 6 5 5 5 5 5 3
2 2 2 2 2 3 4 4 4 4 5 4 4 4 5 4 4 5 4 5 5 6 6 6 5 6 6 5 6 7 7 6 6 7 6 7 7 6 7 7 5 6 8 5 8 7 7 8 7 7 7 6 7 7 5 7 6 5 5 5 5 5 3
2 2 2 2 2 3 4 4 4 4 5 4 4 4 5 4 4 5 4 5 5 6 6 6 5 6 6 5 6 7 7 6 6 7 6 7 7 6 7 7 5 6 8 5 8 7 7 8 7 7 7 6 7 7 7 7 6 5 5 5 5 5 3
2 2 2 2 2 3 4 4 4 4 5 4 4 4 5 4 4 5 4 5 5 6 6 6 5 6 6 5 6 7 7 6 6 7 6 7 7 6 7 7 5 6 8 5 8 7 7 8 7 7 7 8 7 7 7 7 6 5 5 5 5 5 3
2 2 2 2 2 3 4 4 4 4 5 4 4 4 5 4 4 5 4 5 5 6 6 6 5 6 6 5 6 7 7 6 6 7 6 7 7 6 7 7 5 8 8 5 6 7 7 6 7 7 7 8 7 7 5 5 6 5 5 5 5 5 3
2 2 2 2 2 3 4 4 4 4 5 4 4 4 5 4 4 5 4 5 5 6 6 6 5 6 6 5 6 7 7 6 6 7 6 7 7 6 7 7 5 8 8 5 6 7 7 8 7 7 5 8 7 7 7 7 6 5 5 5 5 5 3
2 2 2 2 2 3 4 4 4 4 5 4 4 4 5 4 4 5 4 5 5 6 6 6 5 6 6 5 6 7 7 6 6 7 6 7 7 6 7 7 5 8 8 5 6 7 7 8 7 7 7 6 7 7 7 7 6 5 5 5 5 5 3
2 2 2 2 2 3 4 4 4 4 5 4 4 4 5 4 4 5 4 5 5 6 6 6 5 6 6 5 6 7 7 6 6 7 6 7 7 6 7 7 5 8 8 5 6 7 7 8 7 7 7 8 7 7 5 7 6 5 5 5 5 5 3
2 2 2 2 2 3 4 4 4 4 5 4 4 4 5 4 4 5 4 5 5 6 6 6 5 6 6 5 6 7 7 6 6 7 6 7 7 6 7 7 5 8 8 5 8 7 7 8 7 7 5 8 7 7 5 7 6 5 5 5 5 5 3
2 2 2 2 2 3 4 4 4 4 5 4 4 4 5 4 4 5 4 5 5 6 6 6 5 6 6 5 6 7 7 6 6 7 6 7 7 6 7 7 5 8 8 5 8 7 7 8 7 7 7 6 7 7 5 7 6 5 5 5 5 5 3
2 2 2 2 2 3 4 4 4 4 5 4 4 4 5 4 4 5 4 5 5 6 6 6 5 6 6 5 6 7 7 6 6 7 6 7 7 6 7 7 5 8 8 5 8 7 7 8 7 7 7 6 7 7 7 7 6 5 5 5 5 5 3
2 2 2 2 2 3 4 4 4 4 5 4 4 4 5 4 4 5 4 5 5 6 6 6 5 6 6 5 6 7 7 6 6 7 6 7 7 6 7 7 7 6 6 5 6 7 7 6 7 7 7 8 7 7 5 7 6 5 5 5 5 5 3
2 2 2 2 2 3 4 4 4 4 5 4 4 4 5 4 4 5 4 5 5 6 6 6 5 6 6 5 6 7 7 6 6 7 6 7 7 6 7 7 7 6 6 5 6 7 7 8 7 7 7 8 7 7 5 7 6 5 5 5 5 5 3
2 2 2 2 2 3 4 4 4 4 5 4 4 4 5 4 4 5 4 5 5 6 6 6 5 6 6 5 6 7 7 6 6 7 6 7 7 6 7 7 7 6 6 5 8 7 7 8 7 7 5 6 7 7 7 7 6 5 5 5 5 5 3
2 2 2 2 2 3 4 4 4 4 5 4 4 4 5 4 4 5 4 5 5 6 6 6 5 6 6 5 6 7 7 6 6 7 6 7 7 6 7 7 7 6 6 5 8 7 7 8 7 7 7 6 7 7 5 7 6 5 5 5 5 5 3
2 2 2 2 2 3 4 4 4 4 5 4 4 4 5 4 4 5 4 5 5 6 6 6 5 6 6 5 6 7 7 6 6 7 6 7 7 6 7 7 7 6 8 5 6 5 7 6 7 7 7 8 7 7 7 7 6 5 5 5 5 5 3
2 2 2 2 2 3 4 4 4 4 5 4 4 4 5 4 4 5 4 5 5 6 6 6 5 6 6 5 6 7 7 6 6 7 6 7 7 6 7 7 7 6 8 5 6 7 7 8 5 7 7 8 7 7 7 7 6 5 5 5 5 5 3
2 2 2 2 2 3 4 4 4 4 5 4 4 4 5 4 4 5 4 5 5 6 6 6 5 6 6 5 6 7 7 6 6 7 6 7 7 6 7 7 7 6 8 5 8 5 7 8 7 7 7 8 7 7 7 7 6 5 5 5 5 5 3
2 2 2 2 2 3 4 4 4 4 5 4 4 4 5 4 4 5 4 5 5 6 6 6 5 6 6 5 6 7 7 6 6 7 6 7 7 6 7 7 7 6 8 5 8 7 5 8 7 7 7 8 7 7 7 7 6 5 5 5 5 5 3
2 2 2 2 2 3 4 4 4 4 5 4 4 4 5 4 4 5 4 5 5 6 6 6 5 6 6 5 6 7 7 6 6 7 6 7 7 6 7 7 7 6 8 5 8 7 7 8 7 7 7 6 7 7 5 7 6 5 5 5 5 5 3
2 2 2 2 2 3 4 4 4 4 5 4 4 4 5 4 4 5 4 5 5 6 6 6 5 6 6 5 6 7 7 6 6 7 6 7 7 6 7 7 7 6 8 5 8 7 7 8 7 7 7 6 7 7 7 7 6 5 5 5 5 5 3
2 2 2 2 2 3 4 4 4 4 5 4 4 4 5 4 4 5 4 5 5 6 6 6 5 6 6 5 6 7 7 6 6 7 6 7 7 6 7 7 7 6 8 5 8 7 7 8 7 7 7 8 7 7 7 7 6 5 5 5 5 5 3
2 2 2 2 2 3 4 4 4 4 5 4 4 4 5 4 4 5 4 5 5 6 6 6 5 6 6 5 6 7 7 6 6 7 6 7 7 6 7 7 7 8 8 5 6 7 7 8 7 7 7 8 7 7 7 5 6 5 5 5 5 5 3
2 2 2 2 2 3 4 4 4 4 5 4 4 4 5 4 4 5 4 5 5 6 6 6 5 6 6 5 6 7 7 6 6 7 6 7 7 6 7 7 7 8 8 5 8 5 7 8 7 7 7 8 7 7 7 7 6 5 5 5 5 5 3
2 2 2 2 2 3 4 4 4 4 5 4 4 4 5 4 4 5 4 5 5 6 6 6 5 6 6 5 6 7 7 6 6 7 6 7 7 6 7 7 7 8 8 5 8 7 7 8 7 7 5 6 7 7 7 7 6 5 5 5 5 5 3
2 2 2 2 2 3 4 4 4 4 5 4 4 4 5 4 4 5 4 5 5 6 6 6 5 6 6 5 6 7 7 6 6 7 6 7 7 6 7 7 7 8 8 5 8 7 7 8 7 7 5 8 7 7 7 7 6 5 5 5 5 5 3
2 2 2 2 2 3 4 4 4 4 5 4 4 4 5 4 4 5 4 5 5 6 6 6 5 6 6 5 6 7 7 6 6 7 6 7 7 6 7 7 7 8 8 5 8 7 7 8 7 7 7 8 7 7 5 7 6 5 5 5 5 5 3
2 2 2 2 2 3 4 4 4 4 5 4 4 4 5 4 4 5 4 5 5 6 6 6 5 6 6 5 6 7 7 6 6 7 6 7 7 6 7 7 7 8 8 5 8 7 7 8 7 7 7 8 7 7 7 7 6 5 5 5 5 5 3
2 2 2 2 2 3 4 4 4 4 5 4 4 4 5 4 4 5 4 5 5 6 6 6 5 6 6 5 6 7 7 6 6 7 6 7 7 6 7 7 7 8 8 5 8 7 7 8 7 7 9 6 9 9 9 9 8 7 7 7 7 7 5
2 2 2 2 2 3 4 4 4 4 5 4 4 4 5 4 4 5 4 5 5 6 6 6 5 6 6 7 6 7 7 6 6 7 6 7 7 6 5 7 7 6 6 5 8 7 7 6 7 7 7 8 7 7 7 5 6 5 5 5 5 5 3
2 2 2 2 2 3 4 4 4 4 5 4 4 4 5 4 4 5 4 5 5 6 6 6 5 6 6 7 6 7 7 6 6 7 6 7 7 6 5 7 7 6 6 5 8 7 7 6 7 7 7 8 7 7 7 7 6 5 5 5 5 5 3
2 2 2 2 2 3 4 4 4 4 5 4 4 4 5 4 4 5 4 5 5 6 6 6 5 6 6 7 6 7 7 6 6 7 6 7 7 6 5 7 7 6 6 5 8 7 7 8 7 7 7 8 7 7 7 7 6 5 5 5 5 5 3
2 2 2 2 2 3 4 4 4 4 5 4 4 4 5 4 4 5 4 5 5 6 6 6 5 6 6 7 6 7 7 6 6 7 6 7 7 6 5 7 7 6 6 7 6 7 7 6 7 7 7 8 7 7 7 5 6 5 5 5 5 5 3
2 2 2 2 2 3 4 4 4 4 5 4 4 4 5 4 4 5 4 5 5 6 6 6 5 6 6 7 6 7 7 6 6 7 6 7 7 6 5 7 7 6 6 7 6 7 7 6 7 7 7 8 7 7 7 7 6 5 5 5 5 5 3
2 2 2 2 2 3 4 4 4 4 5 4 4 4 5 4 4 5 4 5 5 6 6 6 5 6 6 7 6 7 7 6 6 7 6 7 7 6 5 7 7 6 6 7 6 7 7 8 5 7 7 8 7 7 7 7 6 5 5 5 5 5 3
2 2 2 2 2 3 4 4 4 4 5 4 4 4 5 4 4 5 4 5 5 6 6 6 5 6 6 7 6 7 7 6 6 7 6 7 7 6 5 7 7 6 6 7 6 7 7 8 7 7 7 8 7 7 7 7 6 5 5 5 5 5 3
2 2 2 2 2 3 4 4 4 4 5 4 4 4 5 4 4 5 4 5 5 6 6 6 5 6 6 7 6 7 7 6 6 7 6 7 7 6 5 7 7 6 6 7 8 7 5 6 7 7 7 8 7 7 7 5 6 5 5 5 5 5 3
2 2 2 2 2 3 4 4 4 4 5 4 4 4 5 4 4 5 4 5 5 6 6 6 5 6 6 7 6 7 7 6 6 7 6 7 7 6 5 7 7 6 6 7 8 7 5 8 7 7 7 8 7 7 7 7 6 5 5 5 5 5 3
2 2 2 2 2 3 4 4 4 4 5 4 4 4 5 4 4 5 4 5 5 6 6 6 5 6 6 7 6 7 7 6 6 7 6 7 7 6 5 7 7 6 6 7 8 7 7 6 7 7 7 8 7 7 7 7 6 5 5 5 5 5 3
2 2 2 2 2 3 4 4 4 4 5 4 4 4 5 4 4 5 4 5 5 6 6 6 5 6 6 7 6 7 7 6 6 7 6 7 7 6 5 7 7 6 8 5 8 7 7 8 7 7 7 8 7 7 7 5 6 5 5 5 5 5 3
2 2 2 2 2 3 4 4 4 4 5 4 4 4 5 4 4 5 4 5 5 6 6 6 5 6 6 7 6 7 7 6 6 7 6 7 7 6 5 7 7 8 6 5 6 7 7 6 7 7 7 8 7 7 7 7 6 5 5 5 5 5 3
2 2 2 2 2 3 4 4 4 4 5 4 4 4 5 4 4 5 4 5 5 6 6 6 5 6 6 7 6 7 7 6 6 7 6 7 7 6 5 7 7 8 6 5 8 7 7 8 7 7 5 8 7 7 7 7 6 5 5 5 5 5 3
2 2 2 2 2 3 4 4 4 4 5 4 4 4 5 4 4 5 4 5 5 6 6 6 5 6 6 7 6 7 7 6 6 7 6 7 7 6 5 7 7 8 6 5 8 7 7 8 7 7 7 8 7 7 7 7 6 5 5 5 5 5 3
2 2 2 2 2 3 4 4 4 4 5 4 4 4 5 4 4 5 4 5 5 6 6 6 5 6 6 7 6 7 7 6 6 7 6 7 7 6 5 7 7 8 6 7 6 7 7 6 7 7 7 6 7 7 7 7 6 5 5 5 5 5 3
2 2 2 2 2 3 4 4 4 4 5 4 4 4 5 4 4 5 4 5 5 6 6 6 5 6 6 7 6 7 7 6 6 7 6 7 7 6 5 7 7 8 6 7 6 7 7 6 7 7 7 8 7 7 7 5 6 5 5 5 5 5 3
2 2 2 2 2 3 4 4 4 4 5 4 4 4 5 4 4 5 4 5 5 6 6 6 5 6 6 7 6 7 7 6 6 7 6 7 7 6 5 7 7 8 6 7 6 7 7 6 7 7 7 8 7 7 7 7 6 5 5 5 5 5 3
2 2 2 2 2 3 4 4 4 4 5 4 4 4 5 4 4 5 4 5 5 6 6 6 5 6 6 7 6 7 7 6 6 7 6 7 7 6 5 7 7 8 6 7 6 7 7 8 7 5 7 8 7 7 7 7 6 5 5 5 5 5 3
2 2 2 2 2 3 4 4 4 4 5 4 4 4 5 4 4 5 4 5 5 6 6 6 5 6 6 7 6 7 7 6 6 7 6 7 7 6 5 7 7 8 6 7 6 7 7 8 7 7 7 8 7 7 7 5 6 5 5 5 5 5 3
2 2 2 2 2 3 4 4 4 4 5 4 4 4 5 4 4 5 4 5 5 6 6 6 5 6 6 7 6 7 7 6 6 7 6 7 7 6 5 7 7 8 6 7 6 7 7 8 7 7 7 8 7 7 7 7 6 5 5 5 5 5 3
2 2 2 2 2 3 4 4 4 4 5 4 4 4 5 4 4 5 4 5 5 6 6 6 5 6 6 7 6 7 7 6 6 7 6 7 7 6 5 7 7 8 6 7 8 7 5 6 7 7 7 8 7 7 7 5 6 5 5 5 5 5 3
2 2 2 2 2 3 4 4 4 4 5 4 4 4 5 4 4 5 4 5 5 6 6 6 5 6 6 7 6 7 7 6 6 7 6 7 7 6 5 7 7 8 6 7 8 7 5 6 7 7 7 8 7 7 7 7 6 5 5 5 5 5 3
2 2 2 2 2 3 4 4 4 4 5 4 4 4 5 4 4 5 4 5 5 6 6 6 5 6 6 7 6 7 7 6 6 7 6 7 7 6 5 7 7 8 6 7 8 7 5 8 7 7 7 8 7 7 7 5 6 5 5 5 5 5 3
2 2 2 2 2 3 4 4 4 4 5 4 4 4 5 4 4 5 4 5 5 6 6 6 5 6 6 7 6 7 7 6 6 7 6 7 7 6 5 7 7 8 6 7 8 7 5 8 7 7 7 8 7 7 7 7 6 5 5 5 5 5 3
2 2 2 2 2 3 4 4 4 4 5 4 4 4 5 4 4 5 4 5 5 6 6 6 5 6 6 7 6 7 7 6 6 7 6 7 7 6 5 7 7 8 6 7 8 7 7 6 7 5 7 8 7 7 7 7 6 5 5 5 5 5 3
2 2 2 2 2 3 4 4 4 4 5 4 4 4 5 4 4 5 4 5 5 6 6 6 5 6 6 7 6 7 7 6 6 7 6 7 7 6 7 7 7 6 6 7 6 7 7 6 5 7 7 8 7 7 7 7 6 5 5 5 5 5 3
2 2 2 2 2 3 4 4 4 4 5 4 4 4 5 4 4 5 4 5 5 6 6 6 5 6 6 7 6 7 7 6 6 7 6 7 7 6 7 7 7 6 6 7 6 7 7 6 7 7 7 8 7 7 7 5 6 5 5 5 5 5 3
2 2 2 2 2 3 4 4 4 4 5 4 4 4 5 4 4 5 4 5 5 6 6 6 5 6 6 7 6 7 7 6 6 7 6 7 7 6 7 7 7 6 6 7 8 5 7 6 7 7 7 8 7 7 7 7 6 5 5 5 5 5 3
2 2 2 2 2 3 4 4 4 4 5 4 4 4 5 4 4 5 4 5 5 6 6 6 5 6 6 7 6 7 7 6 6 7 6 7 7 6 7 7 7 6 6 7 8 7 7 6 5 7 7 8 7 7 7 7 6 5 5 5 5 5 3
2 2 2 2 2 3 4 4 4 4 5 4 4 4 5 4 4 5 4 5 5 6 6 6 5 6 6 7 6 7 7 6 6 7 6 7 7 6 7 7 7 6 6 7 8 7 7 6 7 7 7 8 7 7 7 5 6 5 5 5 5 5 3
2 2 2 2 2 3 4 4 4 4 5 4 4 4 5 4 4 5 4 5 5 6 6 6 5 6 6 7 6 7 7 6 6 7 6 7 7 6 7 7 7 6 8 7 8 7 5 8 7 9 9 8 9 9 9 9 8 7 7 7 7 7 5
2 2 2 2 2 3 4 4 4 4 5 4 4 4 5 4 4 5 4 5 5 6 6 6 5 6 6 7 6 7 7 6 6 7 6 7 7 6 7 7 7 6 8 7 8 7 7 8 7 7 9 8 9 9 9 9 8 7 7 7 7 7 5
2 2 2 2 2 3 4 4 4 4 5 4 4 4 5 4 4 5 4 5 5 6 6 6 5 6 6 7 6 7 7 6 6 7 6 7 7 6 7 7 7 6 8 7 8 7 7 8 7 9 9 8 9 9 9 9 8 7 7 7 7 7 5
2 2 2 2 2 3 4 4 4 4 5 4 4 4 5 4 4 5 4 5 5 6 6 6 5 6 6 7 6 7 7 6 6 7 6 7 7 6 7 7 7 8 8 5 8 7 7 6 9 9 9 8 9 9 7 9 8 7 7 7 7 7 5
2 2 2 2 2 3 4 4 4 4 5 4 4 4 5 4 4 5 4 5 5 6 6 6 5 6 6 7 6 7 7 6 6 7 6 7 7 6 7 7 7 8 8 7 8 7 7 6 7 7 9 8 7 9 9 9 8 7 7 7 7 7 5
2 2 2 2 2 3 4 4 4 4 5 4 4 4 5 4 4 5 4 5 5 6 6 6 5 6 6 7 6 7 7 6 6 7 6 7 7 6 7 7 7 8 8 7 8 7 7 6 7 7 9 8 9 9 9 9 8 7 7 7 7 7 5
2 2 2 2 2 3 4 4 4 4 5 4 4 4 5 4 4 5 4 5 5 6 6 6 5 6 6 7 6 7 7 6 6 7 6 7 7 6 7 7 7 8 8 7 8 7 7 6 7 9 9 8 9 7 7 9 8 7 7 7 7 7 5
2 2 2 2 2 3 4 4 4 4 5 4 4 4 5 4 4 5 4 5 5 6 6 6 5 6 6 7 6 7 7 6 6 7 6 7 7 6 7 7 7 8 8 7 8 7 7 6 7 9 9 8 9 7 9 9 8 7 7 7 7 7 5
2 2 2 2 2 3 4 4 4 4 5 4 4 4 5 4 4 5 4 5 5 6 6 6 5 6 6 7 6 7 7 6 6 7 6 7 7 6 7 7 7 8 8 7 8 7 7 6 7 9 9 8 9 9 9 9 8 7 7 7 7 7 5
2 2 2 2 2 3 4 4 4 4 5 4 4 4 5 4 4 5 4 5 5 6 6 6 5 6 6 7 6 7 7 6 6 7 6 7 7 6 7 7 7 8 8 7 8 7 7 6 9 9 9 8 7 7 9 9 8 7 7 7 7 7 5
2 2 2 2 2 3 4 4 4 4 5 4 4 4 5 4 4 5 4 5 5 6 6 6 7 6 6 7 6 7 7 6 6 7 6 7 7 6 7 7 7 6 8 7 8 7 7 8 7 9 9 8 9 7 9 9 8 7 7 7 7 7 5
2 2 2 2 2 3 4 4 4 4 5 4 4 4 5 4 4 5 4 5 5 6 6 6 7 6 6 7 6 7 7 6 6 7 6 7 7 6 7 7 7 6 8 7 8 7 7 8 7 9 9 8 9 9 9 9 8 7 7 7 7 7 5
2 2 2 2 2 3 4 4 4 4 5 4 4 4 5 4 4 5 4 5 5 6 6 6 7 6 6 7 6 7 7 6 6 7 6 7 7 6 7 7 7 6 8 7 8 7 7 8 9 7 9 8 9 9 9 9 8 7 7 7 7 7 5
2 2 2 2 2 3 4 4 4 4 5 4 4 4 5 4 4 5 4 5 5 6 6 6 7 6 6 7 6 7 7 6 6 7 6 7 7 6 7 7 7 6 8 7 8 7 7 8 9 9 9 8 9 9 9 9 8 7 7 7 7 7 5
2 2 2 2 2 3 4 4 4 4 5 4 4 4 5 4 4 5 4 5 5 6 6 6 7 6 6 7 6 7 7 6 6 7 6 7 7 6 7 7 7 6 8 7 8 7 9 8 7 9 9 8 9 7 9 9 8 7 7 7 7 7 5
2 2 2 2 2 3 4 4 4 4 5 4 4 4 5 4 4 5 4 5 5 6 6 6 7 6 6 7 6 7 7 6 6 7 6 7 7 6 7 7 7 6 8 7 8 7 9 8 7 9 9 8 9 9 9 9 8 7 7 7 7 7 5
2 2 2 2 2 3 4 4 4 4 5 4 4 4 5 4 4 5 4 5 5 6 6 6 7 6 6 7 6 7 7 6 6 7 6 7 7 6 7 7 7 6 8 7 8 7 9 8 9 7 9 8 9 7 9 7 8 7 7 7 7 7 5
2 2 2 2 2 3 4 4 4 4 5 4 4 4 5 4 4 5 4 5 5 6 6 6 7 6 6 7 6 7 7 6 6 7 6 7 7 6 7 7 7 6 8 7 8 7 9 8 9 7 9 8 9 7 9 9 8 7 7 7 7 7 5
2 2 2 2 2 3 4 4 4 4 5 4 4 4 5 4 4 5 4 5 5 6 6 6 7 6 6 7 6 7 7 6 6 7 6 7 7 6 7 7 7 6 8 7 8 7 9 8 9 7 9 8 9 9 7 9 8 7 7 7 7 7 5
2 2 2 2 2 3 4 4 4 4 5 4 4 4 5 4 4 5 4 5 5 6 6 6 7 6 6 7 6 7 7 6 6 7 6 7 7 6 7 7 7 6 8 7 8 7 9 8 9 7 9 8 9 9 9 7 8 7 7 7 7 7 5
2 2 2 2 2 3 4 4 4 4 5 4 4 4 5 4 4 5 4 5 5 6 6 6 7 6 6 7 6 7 7 6 6 7 6 7 7 6 7 7 7 6 8 7 8 7 9 8 9 7 9 8 9 9 9 9 8 7 7 7 7 7 5
2 2 2 2 2 3 4 4 4 4 5 4 4 4 5 4 4 5 4 5 5 6 6 6 7 6 6 7 6 7 7 6 6 7 6 7 7 6 7 7 7 6 8 7 8 7 9 8 9 9 9 8 9 9 9 9 8 7 7 7 7 7 5
2 2 2 2 2 3 4 4 4 4 5 4 4 4 5 4 4 5 4 5 5 6 6 6 7 6 6 7 6 7 7 6 6 7 6 7 7 6 7 7 7 6 8 7 8 9 7 8 9 7 7 8 9 9 7 9 8 7 7 7 7 7 5
2 2 2 2 2 3 4 4 4 4 5 4 4 4 5 4 4 5 4 5 5 6 6 6 7 6 6 7 6 7 7 6 6 7 6 7 7 6 7 7 7 6 8 7 8 9 7 8 9 7 7 8 9 9 9 9 8 7 7 7 7 7 5
2 2 2 2 2 3 4 4 4 4 5 4 4 4 5 4 4 5 4 5 5 6 6 6 7 6 6 7 6 7 7 6 6 7 6 7 7 6 7 7 7 6 8 7 8 9 7 8 9 7 9 8 9 9 9 9 8 7 7 7 7 7 5
2 2 2 2 2 3 4 4 4 4 5 4 4 4 5 4 4 5 4 5 5 6 6 6 7 6 6 7 6 7 7 6 6 7 6 7 7 6 7 7 7 6 8 7 8 9 7 8 9 9 7 8 9 9 7 9 8 7 7 7 7 7 5
2 2 2 2 3 3 4 4 4 5 5 4 4 5 5 4 5 5 5 5 6 4 6 5 7 6 5 7 7 7 6 6 7 7 7 7 8 7 7 8 8 6 5 7 7 9 6 7 9 6 8 9 9 8 8 8 7 7 6 6 6 6 4
2 2 2 2 3 3 4 4 4 5 5 4 4 5 5 4 5 5 5 5 6 4 6 5 7 6 5 7 7 7 8 6 7 7 7 7 6 7 7 8 8 6 5 7 7 9 6 7 9 8 8 9 9 8 8 8 7 7 6 6 6 6 4
2 2 2 2 3 3 4 4 4 5 5 4 4 5 5 4 5 5 5 5 6 4 6 5 7 6 5 7 7 7 8 6 7 7 7 7 8 7 7 8 6 6 5 7 7 7 6 7 9 8 8 9 9 8 8 8 7 7 6 6 6 6 4
2 2 2 2 3 3 4 4 4 5 5 4 4 5 5 4 5 5 5 5 6 4 6 5 7 6 5 7 7 7 8 6 7 7 7 7 8 7 7 8 8 6 5 5 7 9 8 7 9 8 8 9 9 8 8 8 7 7 6 6 6 6 4
2 2 2 2 3 3 4 4 4 5 5 4 4 5 5 4 5 5 5 5 6 4 6 5 7 6 5 7 7 7 8 6 7 7 7 7 8 7 7 8 8 6 5 7 7 7 8 7 9 6 8 9 9 8 8 8 7 7 6 6 6 6 4
2 2 2 2 3 3 4 4 4 5 5 4 4 5 5 4 5 5 5 5 6 4 6 5 7 6 5 7 7 7 8 6 7 7 7 7 8 7 7 8 8 6 5 7 7 7 8 7 9 8 8 9 9 8 8 8 7 7 6 6 6 6 4
2 2 2 2 3 3 4 4 4 5 5 4 4 5 5 4 5 5 5 5 6 4 6 5 7 6 5 7 7 7 8 6 7 7 7 7 8 7 7 8 8 6 5 7 7 9 6 7 9 8 8 9 7 8 8 8 7 7 6 6 6 6 4
2 2 2 2 3 3 4 4 4 5 5 4 4 5 5 4 5 5 5 5 6 4 6 5 7 6 5 7 7 7 8 6 7 7 7 7 8 7 7 8 8 6 5 7 7 9 6 7 9 8 8 9 9 8 8 8 7 7 6 6 6 6 4
2 2 2 2 3 3 4 4 4 5 5 4 4 5 5 4 5 5 5 5 6 4 6 5 7 6 5 7 7 7 8 6 7 7 7 7 8 7 7 8 8 6 5 7 7 9 8 7 9 8 8 9 9 8 8 8 7 7 6 6 6 6 4
2 2 2 2 3 3 4 4 4 5 5 4 4 5 5 4 5 5 5 5 6 4 6 5 7 6 7 5 7 7 8 6 7 7 7 7 8 7 7 8 8 6 5 5 7 9 8 9 7 8 8 9 9 8 8 8 7 7 6 6 6 6 4
2 2 2 2 3 3 4 4 4 5 5 4 4 5 5 4 5 5 5 5 6 4 6 5 7 6 7 7 7 7 6 6 7 7 7 7 8 7 7 8 6 6 5 7 7 7 6 9 9 8 6 9 9 8 8 8 7 7 6 6 6 6 4
2 2 2 2 3 3 4 4 4 5 5 4 4 5 5 4 5 5 5 5 6 4 6 5 7 6 7 7 7 7 6 6 7 7 7 7 8 7 7 8 8 6 5 7 7 9 6 9 9 8 8 9 7 8 8 8 7 7 6 6 6 6 4
2 2 2 2 3 3 4 4 4 5 5 4 4 5 5 4 5 5 5 5 6 4 6 5 7 6 7 7 7 7 6 6 7 7 7 7 8 7 7 8 8 6 5 7 7 9 6 9 9 8 8 9 9 8 8 8 7 7 6 6 6 6 4
2 2 2 2 3 3 4 4 4 5 5 4 4 5 5 4 5 5 5 5 6 4 6 5 7 6 7 7 7 7 8 6 7 7 7 7 8 7 7 8 6 6 5 7 7 7 6 9 7 8 8 9 9 8 8 8 7 7 6 6 6 6 4
2 2 2 2 3 3 4 4 4 5 5 4 4 5 5 4 5 5 5 5 6 4 6 7 7 6 7 7 5 7 6 6 7 7 7 7 6 7 7 8 6 6 7 7 7 9 6 7 9 8 6 9 9 8 6 8 7 7 6 6 6 6 4
2 2 2 2 3 3 4 4 4 5 5 4 4 5 5 4 5 5 5 5 6 4 6 7 7 6 7 7 5 7 6 6 7 7 7 7 8 7 7 8 6 6 7 7 7 7 8 7 9 8 6 9 9 8 6 8 7 7 6 6 6 6 4
2 2 2 2 3 3 4 4 4 5 5 4 4 5 5 4 5 5 5 5 6 4 6 7 7 6 7 7 5 7 6 6 7 7 7 7 8 7 7 8 6 6 7 7 7 7 8 7 9 8 6 9 9 8 8 6 7 7 6 6 6 6 4
2 2 2 2 3 3 4 4 4 5 5 4 4 5 5 4 5 5 5 5 6 4 6 7 7 6 7 7 5 7 6 6 7 7 7 7 8 7 7 8 6 6 7 7 7 7 8 7 9 8 6 9 9 8 8 8 7 7 6 6 6 6 4
2 2 2 2 3 3 4 4 4 5 5 4 4 5 5 4 5 5 5 5 6 4 6 7 7 6 7 7 5 7 6 6 7 7 7 7 8 7 7 8 6 6 7 7 7 9 6 7 9 8 6 9 9 8 8 6 7 7 6 6 6 6 4
2 2 2 2 3 3 4 4 4 5 5 4 4 5 5 4 5 5 5 5 6 4 6 7 7 6 7 7 5 7 6 6 7 7 7 7 8 7 7 8 6 6 7 7 7 9 6 7 9 8 6 9 9 8 8 8 7 7 6 6 6 6 4
2 2 2 2 3 3 4 4 4 5 5 4 4 5 5 4 5 5 5 5 6 4 6 7 7 6 7 7 5 7 6 6 7 7 7 7 8 7 7 8 6 6 7 7 7 9 8 7 9 8 6 9 9 8 6 8 7 7 6 6 6 6 4
2 2 2 2 3 3 4 4 4 5 5 4 4 5 5 4 5 5 5 5 6 4 6 7 7 6 7 7 5 7 8 6 7 7 7 7 6 7 7 8 6 6 7 7 7 7 8 7 9 8 6 9 9 8 6 8 7 7 6 6 6 6 4
2 2 2 2 3 3 4 4 4 5 5 4 4 5 5 4 5 5 5 5 6 4 6 7 7 6 7 7 5 7 8 6 7 7 7 7 6 7 7 8 6 6 7 7 7 9 8 7 9 8 6 9 7 8 6 8 7 7 6 6 6 6 4
2 2 2 2 3 3 4 4 4 5 5 4 4 5 5 4 5 5 5 5 6 4 6 7 7 6 7 7 5 7 8 6 7 7 7 7 6 7 7 8 6 6 7 7 7 9 8 7 9 8 6 9 9 6 6 8 7 7 6 6 6 6 4
2 2 2 2 3 3 4 4 4 5 5 4 4 5 5 4 5 5 5 5 6 4 6 7 7 6 7 7 5 7 8 6 7 7 7 7 6 7 7 8 8 6 7 7 7 9 8 7 9 8 8 9 7 8 8 8 7 7 6 6 6 6 4
2 2 2 2 3 3 4 4 4 5 5 4 4 5 5 4 5 5 5 5 6 4 6 7 7 6 7 7 5 7 8 6 7 7 7 7 6 7 7 8 8 6 7 7 7 9 8 7 9 8 8 9 9 6 8 8 7 7 6 6 6 6 4
2 2 2 2 3 3 4 4 4 5 5 4 4 5 5 4 5 5 5 5 6 4 6 7 7 6 7 7 5 7 8 6 7 7 7 7 8 7 7 8 6 6 7 7 7 7 8 7 9 8 6 9 9 6 8 8 7 7 6 6 6 6 4
2 2 2 2 3 3 4 4 4 5 5 4 4 5 5 4 5 5 5 5 6 4 6 7 7 6 7 7 5 7 8 6 7 7 7 7 8 7 7 8 6 6 7 7 7 9 8 7 9 8 6 9 7 8 6 8 7 7 6 6 6 6 4
2 2 2 2 3 3 4 4 4 5 5 4 4 5 5 4 5 5 5 5 6 4 6 7 7 6 7 7 7 7 6 6 7 7 7 7 6 7 7 8 6 6 7 7 7 9 6 9 7 8 6 9 9 8 6 8 7 7 6 6 6 6 4
2 2 2 2 3 3 4 4 4 5 5 4 4 5 5 4 5 5 5 5 6 4 6 7 7 6 7 7 7 7 6 6 7 7 7 7 6 7 7 8 6 6 7 7 7 9 6 9 9 8 6 9 9 8 6 8 7 7 6 6 6 6 4
2 2 2 2 3 3 4 4 4 5 5 4 4 5 5 4 5 5 5 5 6 4 6 7 7 6 7 7 7 7 6 6 7 7 7 7 6 7 7 8 6 6 7 7 9 9 6 7 9 8 6 7 9 8 6 8 7 7 6 6 6 6 4
2 2 2 2 3 3 4 4 4 5 5 4 4 5 5 4 5 5 5 5 6 4 6 7 7 6 7 7 7 7 6 6 7 7 7 7 6 7 7 8 6 6 7 7 9 9 6 7 9 8 6 9 7 8 6 8 7 7 6 6 6 6 4
2 2 2 2 3 3 4 4 4 5 5 4 4 5 5 4 5 5 5 5 6 4 6 7 7 6 7 7 7 7 6 6 7 7 7 7 8 7 7 8 6 6 7 7 7 7 8 9 9 8 6 7 9 8 8 6 7 7 6 6 6 6 4
2 2 2 2 3 3 4 4 4 5 5 4 4 5 5 4 5 5 5 5 6 4 6 7 7 6 7 7 7 7 6 6 7 7 7 7 8 7 7 8 6 6 7 7 7 7 8 9 9 8 6 7 9 8 8 8 7 7 6 6 6 6 4
2 2 2 2 3 3 4 4 4 5 5 4 4 5 5 4 5 5 5 5 6 4 6 7 7 6 7 7 7 7 6 6 7 7 7 7 8 7 7 8 6 6 7 7 7 9 6 7 9 6 6 9 9 8 8 8 7 7 6 6 6 6 4
2 2 2 2 3 3 4 4 4 5 5 4 4 5 5 4 5 5 5 5 6 4 6 7 7 6 7 7 7 7 6 6 7 7 7 7 8 7 7 8 6 6 7 7 7 9 6 9 7 8 6 9 9 8 8 6 7 7 6 6 6 6 4
2 2 2 2 3 3 4 4 4 5 5 4 4 5 5 4 5 5 5 5 6 4 6 7 7 6 7 7 7 7 6 6 7 7 7 7 8 7 7 8 6 6 7 7 7 9 6 9 9 8 6 7 9 8 8 6 7 7 6 6 6 6 4
2 2 2 2 3 3 4 4 4 5 5 4 4 5 5 4 5 5 5 5 6 4 6 7 7 6 7 7 7 7 6 6 7 7 7 7 8 7 7 8 6 6 7 7 7 9 6 9 9 8 6 7 9 8 8 8 7 7 6 6 6 6 4
2 2 2 2 3 3 4 4 4 5 5 4 4 5 5 4 5 5 5 5 6 4 6 7 7 6 7 7 7 7 6 6 7 7 7 7 8 7 7 8 6 6 7 7 7 9 6 9 9 8 6 9 7 8 8 6 7 7 6 6 6 6 4
2 2 2 2 3 3 4 4 4 5 5 4 4 5 5 4 5 5 5 5 6 4 6 7 7 6 7 7 7 7 6 6 7 7 7 7 8 7 7 8 6 6 7 7 7 9 6 9 9 8 6 9 7 8 8 8 7 7 6 6 6 6 4
2 2 2 2 3 3 4 4 4 5 5 4 4 5 5 4 5 5 5 5 6 4 6 7 7 6 7 7 7 7 6 6 7 7 7 7 8 7 7 8 6 6 7 7 7 9 6 9 9 8 6 9 9 8 8 6 7 7 6 6 6 6 4
2 2 2 2 3 3 4 4 4 5 5 4 4 5 5 4 5 5 5 5 6 4 6 7 7 6 7 7 7 7 6 6 7 7 7 7 8 7 7 8 6 6 7 7 7 9 6 9 9 8 6 9 9 8 8 8 7 7 6 6 6 6 4
2 2 2 2 3 3 4 4 4 5 5 4 4 5 5 4 5 5 5 5 6 4 6 7 7 6 7 7 7 7 6 6 7 7 7 7 8 7 7 8 6 6 7 7 7 9 8 9 7 8 6 7 9 8 8 6 7 7 6 6 6 6 4
2 2 2 2 3 3 4 4 4 5 5 4 4 5 5 4 5 5 5 5 6 4 6 7 7 6 7 7 7 7 6 6 7 7 7 7 8 7 7 8 6 6 7 7 7 9 8 9 9 6 6 9 7 8 6 8 7 7 6 6 6 6 4
2 2 2 2 3 3 4 4 4 5 5 4 4 5 5 4 5 5 5 5 6 4 6 7 7 6 7 7 7 7 6 6 7 7 7 7 8 7 7 8 8 6 7 7 7 7 8 9 9 8 8 7 9 8 8 8 7 7 6 6 6 6 4
2 2 2 2 3 3 4 4 4 5 5 4 4 5 5 4 5 5 5 5 6 4 6 7 7 6 7 7 7 7 6 6 7 7 7 7 8 7 7 8 8 6 7 7 7 9 6 9 9 8 8 7 9 8 8 8 7 7 6 6 6 6 4
2 2 2 2 3 3 4 4 4 5 5 4 4 5 5 4 5 5 5 5 6 4 6 7 7 6 7 7 7 7 6 6 7 7 7 7 8 7 7 8 8 6 7 7 7 9 6 9 9 8 8 9 9 8 8 8 7 7 6 6 6 6 4
2 2 2 2 3 3 4 4 4 5 5 4 4 5 5 4 5 5 5 5 6 4 6 7 7 6 7 7 7 7 6 6 7 7 7 7 8 7 7 8 8 6 7 7 7 9 8 9 9 8 8 7 9 8 8 8 7 7 6 6 6 6 4
2 2 2 2 3 3 4 4 4 5 5 4 4 5 5 4 5 5 5 5 6 4 6 7 7 6 7 7 7 7 8 6 7 7 7 7 8 7 7 8 6 6 7 7 7 7 8 7 9 6 8 9 9 8 6 8 7 7 6 6 6 6 4
2 2 2 2 3 3 4 4 4 5 5 4 4 5 5 4 5 5 5 5 6 4 6 7 7 6 7 7 7 7 8 6 7 7 7 7 8 7 7 8 6 6 7 7 7 9 6 7 9 8 8 9 9 8 8 8 7 7 6 6 6 6 4
2 2 2 2 3 3 4 4 4 5 5 4 4 5 5 4 5 5 5 5 6 4 6 7 7 6 7 7 7 7 8 6 7 7 7 7 8 7 7 8 8 6 7 7 7 7 8 7 9 6 8 9 9 8 8 8 7 7 6 6 6 6 4
2 2 2 2 3 3 4 4 4 5 5 4 4 5 5 4 5 5 5 5 6 4 6 7 7 6 7 7 7 7 8 6 7 7 7 7 8 7 7 8 8 6 7 7 7 9 6 7 9 8 8 7 9 8 8 8 7 7 6 6 6 6 4
2 2 2 2 3 3 4 4 4 5 5 4 4 5 5 4 5 5 5 5 6 4 6 7 7 6 7 7 7 7 8 6 7 7 7 7 8 7 7 8 8 6 7 7 7 9 6 7 9 8 8 9 9 8 8 8 7 7 6 6 6 6 4
2 2 2 2 3 3 4 4 4 5 5 4 4 5 5 4 5 5 5 5 6 4 6 7 7 6 7 7 7 7 8 6 7 7 7 7 8 7 7 8 8 6 7 7 9 9 8 9 9 8 10 9 9 10 10 10 9 9 8 8 8 8 6
2 2 2 2 3 3 4 4 4 5 5 4 4 5 5 4 5 5 5 5 6 4 6 7 7 6 7 7 7 7 8 6 7 7 7 7 8 7 7 8 8 6 7 7 9 9 10 9 9 10 8 9 9 10 8 10 9 9 8 8 8 8 6
2 2 2 2 3 3 4 4 4 5 5 4 4 5 5 4 5 5 5 5 6 6 6 5 5 6 5 7 7 7 8 6 7 7 7 7 6 7 7 8 8 8 5 7 7 7 6 7 9 8 8 9 9 8 6 8 7 7 6 6 6 6 4
2 2 2 2 3 3 4 4 4 5 5 4 4 5 5 4 5 5 5 5 6 6 6 5 5 6 7 7 7 7 6 6 7 7 7 7 8 5 7 8 8 8 7 7 7 7 6 7 9 6 6 7 9 8 8 8 7 7 6 6 6 6 4
2 2 2 2 3 3 4 4 4 5 5 4 4 5 5 4 5 5 5 5 6 6 6 5 5 6 7 7 7 7 6 6 7 7 7 7 8 7 7 6 8 8 7 7 7 7 6 7 9 6 6 9 9 8 8 8 7 7 6 6 6 6 4
2 2 2 2 3 3 4 4 4 5 5 4 4 5 5 4 5 5 5 5 6 6 6 5 5 6 7 7 7 7 6 6 7 7 7 7 8 7 7 8 8 8 7 7 7 7 6 7 9 6 6 9 9 8 8 8 7 7 6 6 6 6 4
2 2 2 2 3 3 4 4 4 5 5 4 4 5 5 4 5 5 5 5 6 6 6 5 5 6 7 7 7 7 6 6 7 7 7 7 8 7 7 8 8 8 7 7 7 7 6 7 9 6 8 9 9 8 8 8 7 7 6 6 6 6 4
2 2 2 2 3 3 4 4 4 5 5 4 4 5 5 4 5 5 5 5 6 6 6 5 5 6 7 7 7 7 6 6 7 7 7 7 8 7 7 8 8 8 7 7 7 7 6 9 9 6 6 7 7 8 8 8 7 7 6 6 6 6 4
2 2 2 2 3 3 4 4 4 5 5 4 4 5 5 4 5 5 5 5 6 6 6 5 5 6 7 7 7 7 6 6 7 7 7 7 8 7 7 8 8 8 7 7 7 7 6 9 9 6 6 7 9 8 8 8 7 7 6 6 6 6 4
2 2 2 2 3 3 4 4 4 5 5 4 4 5 5 4 5 5 5 5 6 6 6 5 5 6 7 7 7 7 6 6 7 7 7 7 8 7 7 8 8 8 7 7 7 7 6 9 9 6 6 9 9 8 8 8 7 7 6 6 6 6 4
2 2 2 2 3 3 4 4 4 5 5 4 4 5 5 4 5 5 5 5 6 6 6 5 7 6 5 7 7 5 6 6 5 7 7 7 8 7 7 8 8 8 5 9 7 7 6 7 7 6 6 7 9 8 8 8 7 7 6 6 6 6 4
2 2 2 2 3 3 4 4 4 5 5 4 4 5 5 4 5 5 5 5 6 6 6 5 7 6 5 7 7 5 8 6 5 7 7 7 8 7 7 8 6 8 5 9 7 7 8 7 7 8 6 7 9 8 8 8 7 7 6 6 6 6 4
2 2 2 2 3 3 4 4 4 5 5 4 4 5 5 4 5 5 5 5 6 6 6 5 7 6 5 7 7 5 8 6 5 7 7 7 8 7 7 8 8 8 5 7 7 7 8 7 7 8 8 7 9 8 8 8 7 7 6 6 6 6 4
2 2 2 2 3 3 4 4 4 5 5 4 4 5 5 4 5 5 5 5 6 6 6 5 7 6 5 7 7 5 8 6 5 7 7 7 8 7 7 8 8 8 5 9 7 7 8 7 7 8 6 7 7 8 8 8 7 7 6 6 6 6 4
2 2 2 2 3 3 4 4 4 5 5 4 4 5 5 4 5 5 5 5 6 6 6 5 7 6 5 7 7 5 8 6 5 7 7 7 8 7 7 8 8 8 5 9 7 7 8 7 7 8 8 7 9 8 8 8 7 7 6 6 6 6 4
2 2 2 2 3 3 4 4 4 5 5 4 4 5 5 4 5 5 5 5 6 6 6 5 7 6 5 7 7 7 6 6 5 7 7 7 6 7 7 6 8 8 5 9 7 7 6 7 9 6 8 7 9 6 8 8 7 7 6 6 6 6 4
2 2 2 2 3 3 4 4 4 5 5 4 4 5 5 4 5 5 5 5 6 6 6 5 7 6 5 7 7 7 6 6 5 7 7 7 6 7 7 6 8 8 5 9 7 9 6 7 9 6 6 7 9 6 8 8 7 7 6 6 6 6 4
2 2 2 2 3 3 4 4 4 5 5 4 4 5 5 4 5 5 5 5 6 6 6 5 7 6 5 7 7 7 6 6 5 7 7 7 6 7 7 6 8 8 5 9 7 9 6 7 9 6 8 7 9 6 8 8 7 7 6 6 6 6 4
2 2 2 2 3 3 4 4 4 5 5 4 4 5 5 4 5 5 5 5 6 6 6 5 7 6 5 7 7 7 6 6 5 7 7 7 8 7 7 8 6 8 5 9 7 9 6 7 9 6 6 7 9 8 8 8 7 7 6 6 6 6 4
2 2 2 2 3 3 4 4 4 5 5 4 4 5 5 4 5 5 5 5 6 6 6 5 7 6 5 7 7 7 6 6 5 7 7 7 8 7 7 8 8 8 5 7 7 9 6 7 9 6 6 7 9 8 8 8 7 7 6 6 6 6 4
2 2 2 2 3 3 4 4 4 5 5 4 4 5 5 4 5 5 5 5 6 6 6 5 7 6 5 7 7 7 6 6 5 7 7 7 8 7 7 8 8 8 5 7 7 9 6 7 9 6 8 7 9 8 8 8 7 7 6 6 6 6 4
2 2 2 2 3 3 4 4 4 5 5 4 4 5 5 4 5 5 5 5 6 6 6 5 7 6 5 7 7 7 6 6 5 7 7 7 8 7 7 8 8 8 5 9 7 9 6 7 9 6 8 7 9 8 8 8 7 7 6 6 6 6 4
2 2 2 2 3 3 4 4 4 5 5 4 4 5 5 4 5 5 5 5 6 6 6 5 7 6 5 7 7 7 6 6 7 7 7 7 6 7 7 8 6 8 5 9 7 9 6 7 9 6 6 9 9 8 6 8 7 7 6 6 6 6 4
2 2 2 2 3 3 4 4 4 5 5 4 4 5 5 4 5 5 5 5 6 6 6 5 7 6 5 7 7 7 6 6 7 7 7 7 6 7 7 8 8 8 5 7 7 9 6 7 9 6 8 9 9 8 6 8 7 7 6 6 6 6 4
2 2 2 2 3 3 4 4 4 5 5 4 4 5 5 4 5 5 5 5 6 6 6 5 7 6 5 7 7 7 6 6 7 7 7 7 6 7 7 8 8 8 5 7 7 9 6 7 9 6 8 9 9 8 8 8 7 7 6 6 6 6 4
2 2 2 2 3 3 4 4 4 5 5 4 4 5 5 4 5 5 5 5 6 6 6 5 7 6 5 7 7 7 6 6 7 7 7 7 6 7 7 8 8 8 5 9 7 7 6 7 9 6 8 9 9 8 6 8 7 7 6 6 6 6 4
2 2 2 2 3 3 4 4 4 5 5 4 4 5 5 4 5 5 5 5 6 6 6 5 7 6 5 7 7 7 6 6 7 7 7 7 6 7 7 8 8 8 5 9 7 9 6 7 7 6 8 9 9 8 6 8 7 7 6 6 6 6 4
2 2 2 2 3 3 4 4 4 5 5 4 4 5 5 4 5 5 5 5 6 6 6 5 7 6 5 7 7 7 6 6 7 7 7 7 6 7 7 8 8 8 5 9 7 9 6 7 9 6 8 9 7 8 6 8 7 7 6 6 6 6 4
2 2 2 2 3 3 4 4 4 5 5 4 4 5 5 4 5 5 5 5 6 6 6 5 7 6 5 7 7 7 6 6 7 7 7 7 6 7 7 8 8 8 5 9 7 9 6 7 9 6 8 9 7 8 8 8 7 7 6 6 6 6 4
2 2 2 2 3 3 4 4 4 5 5 4 4 5 5 4 5 5 5 5 6 6 6 5 7 6 5 7 7 7 6 6 7 7 7 7 8 7 7 8 6 8 5 9 7 7 6 7 9 6 6 9 9 8 8 8 7 7 6 6 6 6 4
2 2 2 2 3 3 4 4 4 5 5 4 4 5 5 4 5 5 5 5 6 6 6 5 7 6 5 7 7 7 6 6 7 7 7 7 8 7 7 8 8 8 5 7 7 9 6 7 9 6 6 9 9 8 8 8 7 7 6 6 6 6 4
2 2 2 2 3 3 4 4 4 5 5 4 4 5 5 4 5 5 5 5 6 6 6 5 7 6 5 7 7 7 6 6 7 7 7 7 8 7 7 8 8 8 5 7 7 9 6 7 9 6 8 9 9 8 8 8 7 7 6 6 6 6 4
2 2 2 2 3 3 4 4 4 5 5 4 4 5 5 4 5 5 5 5 6 6 6 5 7 6 5 7 7 7 6 6 7 7 7 7 8 7 7 8 8 8 5 9 7 7 6 7 9 6 8 9 7 8 8 8 7 7 6 6 6 6 4
2 2 2 2 3 3 4 4 4 5 5 4 4 5 5 4 5 5 5 5 6 6 6 5 7 6 5 7 7 7 6 6 7 7 7 7 8 7 7 8 8 8 5 9 7 7 6 7 9 6 8 9 9 8 8 8 7 7 6 6 6 6 4
2 2 2 2 3 3 4 4 4 5 5 4 4 5 5 4 5 5 5 5 6 6 6 5 7 6 5 7 7 7 6 6 7 7 7 7 8 7 7 8 8 8 5 9 7 9 6 7 9 6 6 9 9 8 8 8 7 7 6 6 6 6 4
2 2 2 2 3 3 4 4 4 5 5 4 4 5 5 4 5 5 5 5 6 6 6 5 7 6 5 7 7 7 6 6 7 7 7 7 8 7 7 8 8 8 5 9 7 9 6 7 9 6 8 9 7 8 8 8 7 7 6 6 6 6 4
2 2 2 2 3 3 4 4 4 5 5 4 4 5 5 4 5 5 5 5 6 6 6 5 7 6 5 7 7 7 6 6 7 7 7 7 8 7 7 8 8 8 5 9 7 9 6 7 9 6 8 9 9 8 8 8 7 7 6 6 6 6 4
2 2 2 2 3 3 4 4 4 5 5 4 4 5 5 4 5 5 5 5 6 6 6 5 7 6 5 7 7 7 8 6 5 7 7 7 8 7 7 8 6 8 5 9 7 7 6 7 9 8 8 7 9 8 8 8 7 7 6 6 6 6 4
2 2 2 2 3 3 4 4 4 5 5 4 4 5 5 4 5 5 5 5 6 6 6 5 7 6 5 7 7 7 8 6 5 7 7 7 8 7 7 8 6 8 5 9 7 7 8 7 9 8 8 7 9 8 8 6 7 7 6 6 6 6 4
2 2 2 2 3 3 4 4 4 5 5 4 4 5 5 4 5 5 5 5 6 6 6 5 7 6 5 7 7 7 8 6 5 7 7 7 8 7 7 8 6 8 5 9 7 7 8 7 9 8 8 7 9 8 8 8 7 7 6 6 6 6 4
2 2 2 2 3 3 4 4 4 5 5 4 4 5 5 4 5 5 5 5 6 6 6 5 7 6 5 7 7 7 8 6 5 7 7 7 8 7 7 8 6 8 5 9 7 9 6 7 9 8 8 7 9 8 8 8 7 7 6 6 6 6 4
2 2 2 2 3 3 4 4 4 5 5 4 4 5 5 4 5 5 5 5 6 6 6 5 7 6 5 7 7 7 8 6 5 7 7 7 8 7 7 8 6 8 5 9 7 9 8 7 9 8 6 7 9 8 8 8 7 7 6 6 6 6 4
2 2 2 2 3 3 4 4 4 5 5 4 4 5 5 4 5 5 5 5 6 6 6 5 7 6 5 7 7 7 8 6 5 7 7 7 8 7 7 8 6 8 5 9 7 9 8 7 9 8 8 7 9 8 8 8 7 7 6 6 6 6 4
2 2 2 2 3 3 4 4 4 5 5 4 4 5 5 4 5 5 5 5 6 6 6 5 7 6 5 7 7 7 8 6 7 7 7 5 8 7 5 8 8 8 5 9 7 7 8 7 7 8 8 9 5 8 8 8 7 7 6 6 6 6 4
2 2 2 2 3 3 4 4 4 5 5 4 4 5 5 4 5 5 5 5 6 6 6 5 7 6 5 7 7 7 8 6 7 7 7 5 8 7 7 8 6 8 5 9 7 7 8 7 7 8 8 9 7 8 6 8 7 7 6 6 6 6 4
2 2 2 2 3 3 4 4 4 5 5 4 4 5 5 4 5 5 5 5 6 6 6 5 7 6 5 7 7 7 8 6 7 7 7 5 8 7 7 8 6 8 5 9 7 7 8 7 9 8 8 9 7 8 6 6 7 7 6 6 6 6 4
2 2 2 2 3 3 4 4 4 5 5 4 4 5 5 4 5 5 5 5 6 6 6 5 7 6 5 7 7 7 8 6 7 7 7 5 8 7 7 8 8 8 5 7 7 7 8 7 9 8 8 9 7 8 8 6 7 7 6 6 6 6 4
2 2 2 2 3 3 4 4 4 5 5 4 4 5 5 4 5 5 5 5 6 6 6 5 7 6 5 7 7 7 8 6 7 7 7 5 8 7 7 8 8 8 5 9 7 7 6 7 9 8 8 9 7 8 8 6 7 7 6 6 6 6 4
2 2 2 2 3 3 4 4 4 5 5 4 4 5 5 4 5 5 5 5 6 6 6 5 7 6 5 7 7 7 8 6 7 7 7 5 8 7 7 8 8 8 5 9 7 7 8 7 7 8 8 9 7 8 6 8 7 7 6 6 6 6 4
2 2 2 2 3 3 4 4 4 5 5 4 4 5 5 4 5 5 5 5 6 6 6 5 7 6 5 7 7 7 8 6 7 7 7 7 6 7 7 8 6 8 5 9 7 7 6 7 9 8 8 9 9 8 6 8 7 7 6 6 6 6 4
2 2 2 2 3 3 4 4 4 5 5 4 4 5 5 4 5 5 5 5 6 6 6 5 7 6 5 7 7 7 8 6 7 7 7 7 6 7 7 8 6 8 5 9 7 9 6 7 7 8 8 9 9 8 6 8 7 7 6 6 6 6 4
2 2 2 2 3 3 4 4 4 5 5 4 4 5 5 4 5 5 5 5 6 6 6 5 7 6 5 7 7 7 8 6 7 7 7 7 6 7 7 8 6 8 5 9 7 9 6 7 9 8 8 9 7 8 6 8 7 7 6 6 6 6 4
2 2 2 2 3 3 4 4 4 5 5 4 4 5 5 4 5 5 5 5 6 6 6 5 7 6 5 7 7 7 8 6 7 7 7 7 6 7 7 8 8 8 5 7 7 9 6 7 7 8 8 9 9 8 6 8 7 7 6 6 6 6 4
2 2 2 2 3 3 4 4 4 5 5 4 4 5 5 4 5 5 5 5 6 6 6 5 7 6 5 7 7 7 8 6 7 7 7 7 6 7 7 8 8 8 5 7 7 9 6 7 7 8 8 9 9 8 8 8 7 7 6 6 6 6 4
2 2 2 2 3 3 4 4 4 5 5 4 4 5 5 4 5 5 5 5 6 6 6 5 7 6 5 7 7 7 8 6 7 7 7 7 6 7 7 8 8 8 5 7 7 9 6 7 9 8 8 9 7 8 6 8 7 7 6 6 6 6 4
2 2 2 2 3 3 4 4 4 5 5 4 4 5 5 4 5 5 5 5 6 6 6 5 7 6 5 7 7 7 8 6 7 7 7 7 6 7 7 8 8 8 5 7 7 9 6 7 9 8 8 9 7 8 8 8 7 7 6 6 6 6 4
2 2 2 2 3 3 4 4 4 5 5 4 4 5 5 4 5 5 5 5 6 6 6 5 7 6 5 7 7 7 8 6 7 7 7 7 8 7 7 8 6 8 5 9 7 7 6 7 9 8 8 9 7 8 8 8 7 7 6 6 6 6 4
2 2 2 2 3 3 4 4 4 5 5 4 4 5 5 4 5 5 5 5 6 6 6 5 7 6 5 7 7 7 8 6 7 7 7 7 8 7 7 8 6 8 5 9 7 7 6 7 9 8 8 9 9 8 8 6 7 7 6 6 6 6 4
2 2 2 2 3 3 4 4 4 5 5 4 4 5 5 4 5 5 5 5 6 6 6 5 7 6 5 7 7 7 8 6 7 7 7 7 8 7 7 8 6 8 5 9 7 7 8 7 7 8 8 9 9 8 6 6 7 7 6 6 6 6 4
2 2 2 2 3 3 4 4 4 5 5 4 4 5 5 4 5 5 5 5 6 6 6 5 7 6 5 7 7 7 8 6 7 7 7 7 8 7 7 8 6 8 5 9 7 7 8 7 9 8 8 9 7 8 8 8 7 7 6 6 6 6 4
2 2 2 2 3 3 4 4 4 5 5 4 4 5 5 4 5 5 5 5 6 6 6 5 7 6 5 7 7 7 8 6 7 7 7 7 8 7 7 8 6 8 5 9 7 7 8 7 9 8 8 9 9 8 6 8 7 7 6 6 6 6 4
2 2 2 2 3 3 4 4 4 5 5 4 4 5 5 4 5 5 5 5 6 6 6 5 7 6 5 7 7 7 8 6 7 7 7 7 8 7 7 8 6 8 5 9 7 9 8 7 9 8 8 9 7 8 6 8 7 7 6 6 6 6 4
2 2 2 2 3 3 4 4 4 5 5 4 4 5 5 4 5 5 5 5 6 6 6 5 7 6 5 7 7 7 8 6 7 7 7 7 8 7 7 8 6 8 5 9 7 9 8 7 9 8 8 9 7 8 8 8 7 7 6 6 6 6 4
2 2 2 2 3 3 4 4 4 5 5 4 4 5 5 4 5 5 5 5 6 6 6 5 7 6 5 7 7 7 8 6 7 7 7 7 8 7 7 8 8 8 5 7 7 7 8 7 7 8 8 9 9 8 6 8 7 7 6 6 6 6 4
2 2 2 2 3 3 4 4 4 5 5 4 4 5 5 4 5 5 5 5 6 6 6 5 7 6 5 7 7 7 8 6 7 7 7 7 8 7 7 8 8 8 5 7 7 9 8 7 9 8 8 9 7 8 6 8 7 7 6 6 6 6 4
2 2 2 2 3 3 4 4 4 5 5 4 4 5 5 4 5 5 5 5 6 6 6 5 7 6 5 7 7 7 8 6 7 7 7 7 8 7 7 8 8 8 5 9 7 7 6 7 7 8 8 9 9 8 8 6 7 7 6 6 6 6 4
2 2 2 2 3 3 4 4 4 5 5 4 4 5 5 4 5 5 5 5 6 6 6 5 7 6 5 7 7 7 8 6 7 7 7 7 8 7 7 8 8 8 5 9 7 7 8 7 9 6 8 9 9 8 6 8 7 7 6 6 6 6 4
2 2 2 2 3 3 4 4 4 5 5 4 4 5 5 4 5 5 5 5 6 6 6 5 7 6 5 7 7 7 8 6 7 7 7 7 8 7 7 8 8 8 5 9 7 9 6 7 9 8 8 9 7 8 8 6 7 7 6 6 6 6 4
2 2 2 2 3 3 4 4 4 5 5 4 4 5 5 4 5 5 5 5 6 6 6 5 7 6 5 7 7 7 8 6 7 7 7 7 8 7 7 8 8 8 5 9 7 9 6 7 9 8 8 9 7 8 8 8 7 7 6 6 6 6 4
2 2 2 2 3 3 4 4 4 5 5 4 4 5 5 4 5 5 5 5 6 6 6 5 7 6 5 7 7 7 8 6 7 7 7 7 8 7 7 8 8 8 5 9 7 9 8 7 9 8 6 9 7 8 8 8 7 7 6 6 6 6 4
2 2 2 2 3 3 4 4 4 5 5 4 4 5 5 4 5 5 5 5 6 6 6 5 7 6 5 7 7 7 8 6 7 7 7 7 8 7 7 8 8 8 5 9 7 9 8 7 9 8 6 9 9 8 8 8 7 7 6 6 6 6 4
2 2 2 2 3 3 4 4 4 5 5 4 4 5 5 4 5 5 5 5 6 6 6 5 7 6 5 7 7 7 8 6 7 7 7 7 8 7 7 8 8 8 5 9 7 9 8 7 9 8 8 9 9 8 8 8 7 7 6 6 6 6 4
2 2 2 2 3 3 4 4 4 5 5 4 4 5 5 4 5 5 5 5 6 6 6 5 7 6 7 5 7 7 6 6 7 7 7 5 8 7 7 6 8 8 7 7 7 7 6 9 7 6 8 9 7 8 8 8 7 7 6 6 6 6 4
2 2 2 2 3 3 4 4 4 5 5 4 4 5 5 4 5 5 5 5 6 6 6 5 7 6 7 5 7 7 6 6 7 7 7 5 8 7 7 8 8 8 7 7 7 7 6 9 7 6 8 9 7 8 8 8 7 7 6 6 6 6 4
2 2 2 2 3 3 4 4 4 5 5 4 4 5 5 4 5 5 5 5 6 6 6 5 7 6 7 5 7 7 6 6 7 7 7 7 6 7 7 8 8 8 7 7 7 7 6 9 7 6 8 7 9 8 8 8 7 7 6 6 6 6 4
2 2 2 2 3 3 4 4 4 5 5 4 4 5 5 4 5 5 5 5 6 6 6 5 7 6 7 5 7 7 6 6 7 7 7 7 6 7 7 8 8 8 7 7 7 7 6 9 7 6 8 9 9 8 6 8 7 7 6 6 6 6 4
2 2 2 2 3 3 4 4 4 5 5 4 4 5 5 4 5 5 5 5 6 6 6 5 7 6 7 5 7 7 6 6 7 7 7 7 6 7 7 8 8 8 7 7 7 9 6 7 7 6 8 9 9 8 8 8 7 7 6 6 6 6 4
2 2 2 2 3 3 4 4 4 5 5 4 4 5 5 4 5 5 5 5 6 6 6 5 7 6 7 5 7 7 6 6 7 7 7 7 6 7 7 8 8 8 7 7 7 9 6 9 7 6 6 9 9 8 8 8 7 7 6 6 6 6 4
2 2 2 2 3 3 4 4 4 5 5 4 4 5 5 4 5 5 5 5 6 6 6 5 7 6 7 5 7 7 6 6 7 7 7 7 6 7 7 8 8 8 7 7 7 9 6 9 7 6 8 7 9 8 8 8 7 7 6 6 6 6 4
2 2 2 2 3 3 4 4 4 5 5 4 4 5 5 4 5 5 5 5 6 6 6 5 7 6 7 5 7 7 6 6 7 7 7 7 6 7 7 8 8 8 7 7 7 9 6 9 7 6 8 9 9 8 6 8 7 7 6 6 6 6 4
2 2 2 2 3 3 4 4 4 5 5 4 4 5 5 4 5 5 5 5 6 6 6 5 7 6 7 5 7 7 6 6 7 7 7 7 8 7 7 8 8 8 7 7 7 7 6 7 7 6 8 7 7 8 8 8 7 7 6 6 6 6 4
2 2 2 2 3 3 4 4 4 5 5 4 4 5 5 4 5 5 5 5 6 6 6 5 7 6 7 5 7 7 6 6 7 7 7 7 8 7 7 8 8 8 7 7 7 7 6 7 7 6 8 9 9 8 8 8 7 7 6 6 6 6 4
2 2 2 2 3 3 4 4 4 5 5 4 4 5 5 4 5 5 5 5 6 6 6 5 7 6 7 5 7 7 6 6 7 7 7 7 8 7 7 8 8 8 7 7 7 7 6 9 7 6 8 7 9 8 8 8 7 7 6 6 6 6 4
2 2 2 2 3 3 4 4 4 5 5 4 4 5 5 4 5 5 5 5 6 6 6 5 7 6 7 5 7 7 6 6 7 7 7 7 8 7 7 8 8 8 7 7 7 9 6 9 7 6 6 7 7 8 8 8 7 7 6 6 6 6 4
2 2 2 2 3 3 4 4 4 5 5 4 4 5 5 4 5 5 5 5 6 6 6 5 7 6 7 5 7 7 6 6 7 7 7 7 8 7 7 8 8 8 7 7 7 9 6 9 7 6 6 7 9 8 8 8 7 7 6 6 6 6 4
2 2 2 2 3 3 4 4 4 5 5 4 4 5 5 4 5 5 5 5 6 6 6 5 7 6 7 5 7 7 6 6 7 7 7 7 8 7 7 8 8 8 7 7 7 9 6 9 7 6 8 7 9 8 8 8 7 7 6 6 6 6 4
2 2 2 2 3 3 4 4 4 5 5 4 4 5 5 4 5 5 5 5 6 6 6 5 7 6 7 5 7 7 6 6 7 7 7 7 8 7 7 8 8 8 7 7 7 9 6 9 7 6 8 9 9 8 8 8 7 7 6 6 6 6 4
2 2 2 2 3 3 4 4 4 5 5 4 4 5 5 4 5 5 5 5 6 6 6 5 7 6 7 5 7 7 8 6 7 7 7 5 8 7 7 8 8 8 7 7 7 7 8 7 7 8 8 9 7 8 6 8 7 7 6 6 6 6 4
2 2 2 2 3 3 4 4 4 5 5 4 4 5 5 4 5 5 5 5 6 6 6 5 7 6 7 5 7 7 8 6 7 7 7 5 8 7 7 8 8 8 7 7 7 7 8 9 7 6 8 9 7 8 6 8 7 7 6 6 6 6 4
2 2 2 2 3 3 4 4 4 5 5 4 4 5 5 4 5 5 5 5 6 6 6 5 7 6 7 5 7 7 8 6 7 7 7 7 6 7 7 8 6 8 7 7 7 7 6 9 7 8 8 9 9 8 6 6 7 7 6 6 6 6 4
2 2 2 2 3 3 4 4 4 5 5 4 4 5 5 4 5 5 5 5 6 6 6 5 7 6 7 5 7 7 8 6 7 7 7 7 6 7 7 8 6 8 7 7 7 7 6 9 7 8 8 9 9 8 6 8 7 7 6 6 6 6 4
2 2 2 2 3 3 4 4 4 5 5 4 4 5 5 4 5 5 5 5 6 6 6 5 7 6 7 5 7 7 8 6 7 7 7 7 6 7 7 8 6 8 7 7 7 9 6 7 7 8 8 9 9 8 6 6 7 7 6 6 6 6 4
2 2 2 2 3 3 4 4 4 5 5 4 4 5 5 4 5 5 5 5 6 6 6 5 7 6 7 5 7 7 8 6 7 7 7 7 6 7 7 8 8 8 7 7 7 9 6 7 7 8 8 9 7 8 6 8 7 7 6 6 6 6 4
2 2 2 2 3 3 4 4 4 5 5 4 4 5 5 4 5 5 5 5 6 6 6 5 7 6 7 5 7 7 8 6 7 7 7 7 8 7 7 8 6 8 7 7 7 7 8 7 7 8 8 9 9 8 6 6 7 7 6 6 6 6 4
2 2 2 2 3 3 4 4 4 5 5 4 4 5 5 4 5 5 5 5 6 6 6 5 7 6 7 5 7 7 8 6 7 7 7 7 8 7 7 8 8 8 7 7 7 7 6 9 7 8 8 7 9 8 8 6 7 7 6 6 6 6 4
2 2 2 2 3 3 4 4 4 5 5 4 4 5 5 4 5 5 5 5 6 6 6 5 7 6 7 5 7 7 8 6 7 7 7 7 8 7 7 8 8 8 7 7 7 7 8 7 7 8 8 7 7 8 8 8 7 7 6 6 6 6 4
2 2 2 2 3 3 4 4 4 5 5 4 4 5 5 4 5 5 5 5 6 6 6 5 7 6 7 5 7 7 8 6 7 7 7 7 8 7 7 8 8 8 7 7 7 7 8 9 7 6 8 7 7 8 8 8 7 7 6 6 6 6 4
2 2 2 2 3 3 4 4 4 5 5 4 4 5 5 4 5 5 5 5 6 6 6 5 7 6 7 5 7 7 8 6 7 7 7 7 8 7 7 8 8 8 7 7 7 7 8 9 7 8 8 9 9 8 8 6 7 7 6 6 6 6 4
2 2 2 2 3 3 4 4 4 5 5 4 4 5 5 4 5 5 5 5 6 6 6 5 7 6 7 5 7 7 8 6 7 7 7 7 8 7 7 8 8 8 7 7 7 9 6 9 7 8 8 7 9 8 8 6 7 7 6 6 6 6 4
2 2 2 2 3 3 4 4 4 5 5 4 4 5 5 4 5 5 5 5 6 6 6 5 7 6 7 5 7 7 8 6 7 7 7 7 8 7 7 8 8 8 7 7 7 9 6 9 7 8 8 9 9 8 8 6 7 7 6 6 6 6 4
2 2 2 2 3 3 4 4 4 5 5 4 4 5 5 4 5 5 5 5 6 6 6 5 7 6 7 5 7 7 8 6 7 7 7 7 8 7 7 8 8 8 7 7 7 9 8 9 7 8 8 9 9 8 6 8 7 7 6 6 6 6 4
2 2 2 2 3 3 4 4 4 5 5 4 4 5 5 4 5 5 5 5 6 6 6 5 7 6 7 7 7 7 4 6 7 7 7 7 6 7 7 8 8 8 7 9 7 9 4 9 9 6 6 7 9 8 8 8 7 7 6 6 6 6 4
2 2 2 2 3 3 4 4 4 5 5 4 4 5 5 4 5 5 5 5 6 6 6 5 7 6 7 7 7 7 4 6 7 7 7 7 6 7 7 8 8 8 7 9 7 9 4 9 9 6 6 9 7 8 8 8 7 7 6 6 6 6 4
2 2 2 2 3 3 4 4 4 5 5 4 4 5 5 4 5 5 5 5 6 6 6 5 7 6 7 7 7 7 6 6 7 7 7 7 6 5 7 8 8 8 7 7 7 9 6 7 7 8 6 7 9 8 8 8 7 7 6 6 6 6 4
2 2 2 2 3 3 4 4 4 5 5 4 4 5 5 4 5 5 5 5 6 6 6 5 7 6 7 7 7 7 6 6 7 7 7 7 6 5 7 8 8 8 7 7 7 9 6 7 7 8 8 7 9 8 8 8 7 7 6 6 6 6 4
2 2 2 2 3 3 4 4 4 5 5 4 4 5 5 4 5 5 5 5 6 6 6 5 7 6 7 7 7 7 6 6 7 7 7 7 6 5 7 8 8 8 7 7 7 9 6 7 9 6 8 7 9 8 8 8 7 7 6 6 6 6 4
2 2 2 2 3 3 4 4 4 5 5 4 4 5 5 4 5 5 5 5 6 6 6 5 7 6 7 7 7 7 6 6 7 7 7 7 6 5 7 8 8 8 7 7 7 9 6 7 9 8 6 7 9 8 8 8 7 7 6 6 6 6 4
2 2 2 2 3 3 4 4 4 5 5 4 4 5 5 4 5 5 5 5 6 6 6 5 7 6 7 7 7 7 6 6 7 7 7 7 6 5 7 8 8 8 7 7 7 9 6 7 9 8 8 7 9 8 8 6 7 7 6 6 6 6 4
2 2 2 2 3 3 4 4 4 5 5 4 4 5 5 4 5 5 5 5 6 6 6 5 7 6 7 7 7 7 6 6 7 7 7 7 6 5 7 8 8 8 7 7 7 9 6 7 9 8 8 7 9 8 8 8 7 7 6 6 6 6 4
2 2 2 2 3 3 4 4 4 5 5 4 4 5 5 4 5 5 5 5 6 6 6 5 7 6 7 7 7 7 6 6 7 7 7 7 6 5 7 8 8 8 7 9 7 9 6 7 7 8 8 7 9 6 8 8 7 7 6 6 6 6 4
2 2 2 2 3 3 4 4 4 5 5 4 4 5 5 4 5 5 5 5 6 6 6 5 7 6 7 7 7 7 6 6 7 7 7 7 6 5 7 8 8 8 7 9 7 9 6 7 7 8 8 7 9 8 8 8 7 7 6 6 6 6 4
2 2 2 2 3 3 4 4 4 5 5 4 4 5 5 4 5 5 5 5 6 6 6 5 7 6 7 7 7 7 6 6 7 7 7 7 6 5 7 8 8 8 7 9 7 9 6 7 9 6 6 7 9 8 8 8 7 7 6 6 6 6 4
2 2 2 2 3 3 4 4 4 5 5 4 4 5 5 4 5 5 5 5 6 6 6 5 7 6 7 7 7 7 6 6 7 7 7 7 6 5 7 8 8 8 7 9 7 9 6 7 9 6 8 7 9 8 8 8 7 7 6 6 6 6 4
2 2 2 2 3 3 4 4 4 5 5 4 4 5 5 4 5 5 5 5 6 6 6 5 7 6 7 7 7 7 6 6 7 7 7 7 6 5 7 8 8 8 7 9 7 9 6 7 9 8 8 7 9 8 8 8 7 7 6 6 6 6 4
2 2 2 2 3 3 4 4 4 5 5 4 4 5 5 4 5 5 5 5 6 6 6 5 7 6 7 7 7 7 6 6 7 7 7 7 6 7 5 6 8 8 7 9 7 9 6 7 7 6 8 7 7 6 8 6 7 7 6 6 6 6 4
2 2 2 2 3 3 4 4 4 5 5 4 4 5 5 4 5 5 5 5 6 6 6 5 7 6 7 7 7 7 6 6 7 7 7 7 6 7 7 6 8 6 7 9 7 9 6 9 9 6 8 9 9 6 8 8 7 7 6 6 6 6 4
2 2 2 2 3 3 4 4 4 5 5 4 4 5 5 4 5 5 5 5 6 6 6 5 7 6 7 7 7 7 6 6 7 7 7 7 6 7 7 6 8 8 7 7 7 7 6 9 7 6 6 9 9 6 8 8 7 7 6 6 6 6 4
2 2 2 2 3 3 4 4 4 5 5 4 4 5 5 4 5 5 5 5 6 6 6 5 7 6 7 7 7 7 6 6 7 7 7 7 6 7 7 6 8 8 7 7 7 9 6 7 7 6 8 9 9 6 8 8 7 7 6 6 6 6 4
2 2 2 2 3 3 4 4 4 5 5 4 4 5 5 4 5 5 5 5 6 6 6 5 7 6 7 7 7 7 6 6 7 7 7 7 6 7 7 6 8 8 7 7 7 9 6 7 9 6 8 7 9 6 8 6 7 7 6 6 6 6 4
2 2 2 2 3 3 4 4 4 5 5 4 4 5 5 4 5 5 5 5 6 6 6 5 7 6 7 7 7 7 6 6 7 7 7 7 6 7 7 6 8 8 7 9 5 9 6 9 9 6 8 9 9 6 8 8 7 7 6 6 6 6 4
2 2 2 2 3 3 4 4 4 5 5 4 4 5 5 4 5 5 5 5 6 6 6 5 7 6 7 7 7 7 6 6 7 7 7 7 6 7 7 6 8 8 7 9 7 7 6 7 7 6 8 9 9 6 8 8 7 7 6 6 6 6 4
2 2 2 2 3 3 4 4 4 5 5 4 4 5 5 4 5 5 5 5 6 6 6 5 7 6 7 7 7 7 6 6 7 7 7 7 6 7 7 6 8 8 7 9 7 9 6 7 7 6 8 9 9 6 6 8 7 7 6 6 6 6 4
2 2 2 2 3 3 4 4 4 5 5 4 4 5 5 4 5 5 5 5 6 6 6 5 7 6 7 7 7 7 6 6 7 7 7 7 6 7 7 6 8 8 7 9 7 9 6 7 9 6 6 9 9 6 8 8 7 7 6 6 6 6 4
2 2 2 2 3 3 4 4 4 5 5 4 4 5 5 4 5 5 5 5 6 6 6 5 7 6 7 7 7 7 6 6 7 7 7 7 6 7 7 6 8 8 7 9 7 9 6 7 9 6 8 9 7 6 8 8 7 7 6 6 6 6 4
2 2 2 2 3 3 4 4 4 5 5 4 4 5 5 4 5 5 5 5 6 6 6 5 7 6 7 7 7 7 6 6 7 7 7 7 6 7 7 6 8 8 7 9 7 9 6 7 9 6 8 9 9 6 6 8 7 7 6 6 6 6 4
2 2 2 2 3 3 4 4 4 5 5 4 4 5 5 4 5 5 5 5 6 6 6 5 7 6 7 7 7 7 6 6 7 7 7 7 6 7 7 6 8 8 7 9 7 9 6 7 9 6 8 9 9 6 8 8 7 7 6 6 6 6 4
2 2 2 2 3 3 4 4 4 5 5 4 4 5 5 4 5 5 5 5 6 6 6 5 7 6 7 7 7 7 6 6 7 7 7 7 6 7 7 6 8 8 7 9 7 9 6 9 7 6 6 9 9 6 8 8 7 7 6 6 6 6 4
2 2 2 2 3 3 4 4 4 5 5 4 4 5 5 4 5 5 5 5 6 6 6 5 7 6 7 7 7 7 6 6 7 7 7 7 6 7 7 6 8 8 7 9 7 9 6 9 7 6 8 9 9 6 6 8 7 7 6 6 6 6 4
2 2 2 2 3 3 4 4 4 5 5 4 4 5 5 4 5 5 5 5 6 6 6 5 7 6 7 7 7 7 6 6 7 7 7 7 6 7 7 6 8 8 7 9 7 9 6 9 7 6 8 9 9 6 8 8 7 7 6 6 6 6 4
2 2 2 2 3 3 4 4 4 5 5 4 4 5 5 4 5 5 5 5 6 6 6 5 7 6 7 7 7 7 6 6 7 7 7 7 6 7 7 6 8 8 7 9 7 9 6 9 9 6 6 9 9 6 8 8 7 7 6 6 6 6 4
2 2 2 2 3 3 4 4 4 5 5 4 4 5 5 4 5 5 5 5 6 6 6 5 7 6 7 7 7 7 6 6 7 7 7 7 6 7 7 6 8 8 7 9 7 9 6 9 9 6 8 9 9 6 8 8 7 7 6 6 6 6 4
2 2 2 2 3 3 4 4 4 5 5 4 4 5 5 4 5 5 5 5 6 6 6 5 7 6 7 7 7 7 6 6 7 7 7 7 6 7 7 8 8 6 7 7 7 9 6 9 9 8 8 9 9 8 8 8 7 7 6 6 6 6 4
2 2 2 2 3 3 4 4 4 5 5 4 4 5 5 4 5 5 5 5 6 6 6 5 7 6 7 7 7 7 6 6 7 7 7 7 6 7 7 8 8 8 5 7 7 9 6 9 9 8 8 9 9 8 8 8 7 7 6 6 6 6 4
2 2 2 2 3 3 4 4 4 5 5 4 4 5 5 4 5 5 5 5 6 6 6 5 7 6 7 7 7 7 6 6 7 7 7 7 6 7 7 8 8 8 7 7 7 7 6 7 7 8 8 9 9 8 8 8 7 7 6 6 6 6 4
2 2 2 2 3 3 4 4 4 5 5 4 4 5 5 4 5 5 5 5 6 6 6 5 7 6 7 7 7 7 6 6 7 7 7 7 6 7 7 8 8 8 7 7 7 7 6 7 9 6 8 9 9 8 8 8 7 7 6 6 6 6 4
2 2 2 2 3 3 4 4 4 5 5 4 4 5 5 4 5 5 5 5 6 6 6 5 7 6 7 7 7 7 6 6 7 7 7 7 6 7 7 8 8 8 7 7 7 7 6 9 7 6 6 9 9 8 8 8 7 7 6 6 6 6 4
2 2 2 2 3 3 4 4 4 5 5 4 4 5 5 4 5 5 5 5 6 6 6 5 7 6 7 7 7 7 6 6 7 7 7 7 6 7 7 8 8 8 7 7 7 9 6 7 7 6 8 7 9 8 8 8 7 7 6 6 6 6 4
2 2 2 2 3 3 4 4 4 5 5 4 4 5 5 4 5 5 5 5 6 6 6 5 7 6 7 7 7 7 6 6 7 7 7 7 6 7 7 8 8 8 7 7 7 9 6 7 7 6 8 9 9 8 8 8 7 7 6 6 6 6 4
2 2 2 2 3 3 4 4 4 5 5 4 4 5 5 4 5 5 5 5 6 6 6 5 7 6 7 7 7 7 6 6 7 7 7 7 6 7 7 8 8 8 7 7 7 9 6 7 7 8 8 9 9 8 8 8 7 7 6 6 6 6 4
2 2 2 2 3 3 4 4 4 5 5 4 4 5 5 4 5 5 5 5 6 6 6 5 7 6 7 7 7 7 6 6 7 7 7 7 6 7 7 8 8 8 7 7 7 9 6 7 9 6 6 9 9 8 8 8 7 7 6 6 6 6 4
2 2 2 2 3 3 4 4 4 5 5 4 4 5 5 4 5 5 5 5 6 6 6 5 7 6 7 7 7 7 6 6 7 7 7 7 6 7 7 8 8 8 7 7 7 9 6 7 9 6 8 9 9 8 8 8 7 7 6 6 6 6 4
2 2 2 2 3 3 4 4 4 5 5 4 4 5 5 4 5 5 5 5 6 6 6 5 7 6 7 7 7 7 6 6 7 7 7 7 6 7 7 8 8 8 7 7 7 9 6 7 9 8 6 9 7 6 8 8 7 7 6 6 6 6 4
2 2 2 2 3 3 4 4 4 5 5 4 4 5 5 4 5 5 5 5 6 6 6 5 7 6 7 7 7 7 6 6 7 7 7 7 6 7 7 8 8 8 7 7 7 9 6 7 9 8 6 9 9 8 8 8 7 7 6 6 6 6 4
2 2 2 2 3 3 4 4 4 5 5 4 4 5 5 4 5 5 5 5 6 6 6 5 7 6 7 7 7 7 6 6 7 7 7 7 6 7 7 8 8 8 7 7 7 9 6 7 9 8 8 9 7 6 8 8 7 7 6 6 6 6 4
2 2 2 2 3 3 4 4 4 5 5 4 4 5 5 4 5 5 5 5 6 6 6 5 7 6 7 7 7 7 6 6 7 7 7 7 6 7 7 8 8 8 7 7 7 9 6 7 9 8 8 9 9 6 8 8 7 7 6 6 6 6 4
2 2 2 2 3 3 4 4 4 5 5 4 4 5 5 4 5 5 5 5 6 6 6 5 7 6 7 7 7 7 6 6 7 7 7 7 6 7 7 8 8 8 7 7 7 9 6 9 7 6 8 9 9 8 6 8 7 7 6 6 6 6 4
2 2 2 2 3 3 4 4 4 5 5 4 4 5 5 4 5 5 5 5 6 6 6 5 7 6 7 7 7 7 6 6 7 7 7 7 6 7 7 8 8 8 7 7 7 9 6 9 7 6 8 9 9 8 8 8 7 7 6 6 6 6 4
2 2 2 2 3 3 4 4 4 5 5 4 4 5 5 4 5 5 5 5 6 6 6 5 7 6 7 7 7 7 6 6 7 7 7 7 6 7 7 8 8 8 7 7 7 9 6 9 7 8 6 9 9 8 8 8 7 7 6 6 6 6 4
2 2 2 2 3 3 4 4 4 5 5 4 4 5 5 4 5 5 5 5 6 6 6 5 7 6 7 7 7 7 6 6 7 7 7 7 6 7 7 8 8 8 7 7 7 9 6 9 7 8 8 9 9 6 8 8 7 7 6 6 6 6 4
2 2 2 2 3 3 4 4 4 5 5 4 4 5 5 4 5 5 5 5 6 6 6 5 7 6 7 7 7 7 6 6 7 7 7 7 6 7 7 8 8 8 7 7 7 9 6 9 7 8 8 9 9 8 8 8 7 7 6 6 6 6 4
2 2 2 2 3 3 4 4 4 5 5 4 4 5 5 4 5 5 5 5 6 6 6 5 7 6 7 7 7 7 6 6 7 7 7 7 6 7 7 8 8 8 7 7 7 9 6 9 9 6 6 9 9 8 8 8 7 7 6 6 6 6 4
2 2 2 2 3 3 4 4 4 5 5 4 4 5 5 4 5 5 5 5 6 6 6 5 7 6 7 7 7 7 6 6 7 7 7 7 6 7 7 8 8 8 7 7 7 9 6 9 9 6 8 9 9 8 6 8 7 7 6 6 6 6 4
2 2 2 2 3 3 4 4 4 5 5 4 4 5 5 4 5 5 5 5 6 6 6 5 7 6 7 7 7 7 6 6 7 7 7 7 6 7 7 8 8 8 7 7 7 9 6 9 9 6 8 9 9 8 8 8 7 7 6 6 6 6 4
2 2 2 2 3 3 4 4 4 5 5 4 4 5 5 4 5 5 5 5 6 6 6 5 7 6 7 7 7 7 6 6 7 7 7 7 6 7 7 8 8 8 7 9 7 9 6 7 7 6 8 9 9 8 8 8 7 7 6 6 6 6 4
2 2 2 2 3 3 4 4 4 5 5 4 4 5 5 4 5 5 5 5 6 6 6 5 7 6 7 7 7 7 6 6 7 7 7 7 6 7 7 8 8 8 7 9 7 9 6 7 7 8 8 9 9 6 6 8 7 7 6 6 6 6 4
2 2 2 2 3 3 4 4 4 5 5 4 4 5 5 4 5 5 5 5 6 6 6 5 7 6 7 7 7 7 6 6 7 7 7 7 6 7 7 8 8 8 7 9 7 9 6 7 7 8 8 9 9 6 8 8 7 7 6 6 6 6 4
2 2 2 2 3 3 4 4 4 5 5 4 4 5 5 4 5 5 5 5 6 6 6 5 7 6 7 7 7 7 6 6 7 7 7 7 6 7 7 8 8 8 7 9 7 9 6 7 7 8 8 9 9 8 8 8 7 7 6 6 6 6 4
2 2 2 2 3 3 4 4 4 5 5 4 4 5 5 4 5 5 5 5 6 6 6 5 7 6 7 7 7 7 6 6 7 7 7 7 6 7 7 8 8 8 7 9 7 9 6 7 9 6 6 7 9 8 8 8 7 7 6 6 6 6 4
2 2 2 2 3 3 4 4 4 5 5 4 4 5 5 4 5 5 5 5 6 6 6 5 7 6 7 7 7 7 6 6 7 7 7 7 6 7 7 8 8 8 7 9 7 9 6 7 9 6 6 9 9 8 8 8 7 7 6 6 6 6 4
2 2 2 2 3 3 4 4 4 5 5 4 4 5 5 4 5 5 5 5 6 6 6 5 7 6 7 7 7 7 6 6 7 7 7 7 6 7 7 8 8 8 7 9 7 9 6 7 9 6 8 9 7 8 6 8 7 7 6 6 6 6 4
2 2 2 2 3 3 4 4 4 5 5 4 4 5 5 4 5 5 5 5 6 6 6 5 7 6 7 7 7 7 6 6 7 7 7 7 6 7 7 8 8 8 7 9 7 9 6 7 9 6 8 9 7 8 8 8 7 7 6 6 6 6 4
2 2 2 2 3 3 4 4 4 5 5 4 4 5 5 4 5 5 5 5 6 6 6 5 7 6 7 7 7 7 6 6 7 7 7 7 6 7 7 8 8 8 7 9 7 9 6 7 9 6 8 9 9 8 8 8 7 7 6 6 6 6 4
2 2 2 2 3 3 4 4 4 5 5 4 4 5 5 4 5 5 5 5 6 6 6 5 7 6 7 7 7 7 6 6 7 7 7 7 6 7 7 8 8 8 7 9 7 9 6 7 9 8 8 9 7 6 8 8 7 7 6 6 6 6 4
2 2 2 2 3 3 4 4 4 5 5 4 4 5 5 4 5 5 5 5 6 6 6 5 7 6 7 7 7 7 6 6 7 7 7 7 6 7 7 8 8 8 7 9 7 9 6 9 7 6 6 9 9 8 8 8 7 7 6 6 6 6 4
2 2 2 2 3 3 4 4 4 5 5 4 4 5 5 4 5 5 5 5 6 6 6 5 7 6 7 7 7 7 6 6 7 7 7 7 6 7 7 8 8 8 7 9 7 9 6 9 7 6 8 9 9 8 6 8 7 7 6 6 6 6 4
2 2 2 2 3 3 4 4 4 5 5 4 4 5 5 4 5 5 5 5 6 6 6 5 7 6 7 7 7 7 6 6 7 7 7 7 6 7 7 8 8 8 7 9 7 9 6 9 7 6 8 9 9 8 8 8 7 7 6 6 6 6 4
2 2 2 2 3 3 4 4 4 5 5 4 4 5 5 4 5 5 5 5 6 6 6 5 7 6 7 7 7 7 6 6 7 7 7 7 6 7 7 8 8 8 7 9 7 9 6 9 7 8 8 9 9 6 6 8 7 7 6 6 6 6 4
2 2 2 2 3 3 4 4 4 5 5 4 4 5 5 4 5 5 5 5 6 6 6 5 7 6 7 7 7 7 6 6 7 7 7 7 6 7 7 8 8 8 7 9 7 9 6 9 9 6 6 9 9 8 8 8 7 7 6 6 6 6 4
2 2 2 2 3 3 4 4 4 5 5 4 4 5 5 4 5 5 5 5 6 6 6 5 7 6 7 7 7 7 6 6 7 7 7 7 8 5 7 6 8 8 7 7 7 9 6 7 9 6 8 7 9 8 8 6 7 7 6 6 6 6 4
2 2 2 2 3 3 4 4 4 5 5 4 4 5 5 4 5 5 5 5 6 6 6 5 7 6 7 7 7 7 6 6 7 7 7 7 8 5 7 6 8 8 7 9 7 7 6 7 9 6 8 7 7 8 8 6 7 7 6 6 6 6 4
2 2 2 2 3 3 4 4 4 5 5 4 4 5 5 4 5 5 5 5 6 6 6 5 7 6 7 7 7 7 6 6 7 7 7 7 8 5 7 6 8 8 7 9 7 7 6 7 9 6 8 7 9 8 8 6 7 7 6 6 6 6 4
2 2 2 2 3 3 4 4 4 5 5 4 4 5 5 4 5 5 5 5 6 6 6 5 7 6 7 7 7 7 6 6 7 7 7 7 8 5 7 8 8 8 7 7 7 9 6 7 7 8 6 7 7 8 8 8 7 7 6 6 6 6 4
2 2 2 2 3 3 4 4 4 5 5 4 4 5 5 4 5 5 5 5 6 6 6 5 7 6 7 7 7 7 6 6 7 7 7 7 8 5 7 8 8 8 7 7 7 9 6 7 7 8 6 7 9 8 8 8 7 7 6 6 6 6 4
2 2 2 2 3 3 4 4 4 5 5 4 4 5 5 4 5 5 5 5 6 6 6 5 7 6 7 7 7 7 6 6 7 7 7 7 8 5 7 8 8 8 7 7 7 9 6 7 7 8 8 7 7 8 8 8 7 7 6 6 6 6 4
2 2 2 2 3 3 4 4 4 5 5 4 4 5 5 4 5 5 5 5 6 6 6 5 7 6 7 7 7 7 6 6 7 7 7 7 8 5 7 8 8 8 7 7 7 9 6 7 7 8 8 7 9 8 8 6 7 7 6 6 6 6 4
2 2 2 2 3 3 4 4 4 5 5 4 4 5 5 4 5 5 5 5 6 6 6 5 7 6 7 7 7 7 6 6 7 7 7 7 8 5 7 8 8 8 7 7 7 9 6 7 9 8 8 7 7 8 8 6 7 7 6 6 6 6 4
2 2 2 2 3 3 4 4 4 5 5 4 4 5 5 4 5 5 5 5 6 6 6 5 7 6 7 7 7 7 6 6 7 7 7 7 8 5 7 8 8 8 7 7 7 9 6 7 9 8 8 7 9 8 8 8 7 7 6 6 6 6 4
2 2 2 2 3 3 4 4 4 5 5 4 4 5 5 4 5 5 5 5 6 6 6 5 7 6 7 7 7 7 6 6 7 7 7 7 8 5 7 8 8 8 7 9 7 9 6 7 7 6 6 7 9 8 8 8 7 7 6 6 6 6 4
2 2 2 2 3 3 4 4 4 5 5 4 4 5 5 4 5 5 5 5 6 6 6 5 7 6 7 7 7 7 6 6 7 7 7 7 8 5 7 8 8 8 7 9 7 9 6 7 7 6 8 7 7 8 8 8 7 7 6 6 6 6 4
2 2 2 2 3 3 4 4 4 5 5 4 4 5 5 4 5 5 5 5 6 6 6 5 7 6 7 7 7 7 6 6 7 7 7 7 8 7 5 6 8 6 7 9 7 9 6 9 7 6 8 9 7 8 8 6 7 7 6 6 6 6 4
2 2 2 2 3 3 4 4 4 5 5 4 4 5 5 4 5 5 5 5 6 6 6 5 7 6 7 7 7 7 6 6 7 7 7 7 8 7 5 8 8 6 7 7 7 9 6 9 7 8 8 9 7 8 8 6 7 7 6 6 6 6 4
2 2 2 2 3 3 4 4 4 5 5 4 4 5 5 4 5 5 5 5 6 6 6 5 7 6 7 7 7 7 6 6 7 7 7 7 8 7 5 8 8 6 7 7 7 9 6 9 7 8 8 9 7 8 8 8 7 7 6 6 6 6 4
2 2 2 2 3 3 4 4 4 5 5 4 4 5 5 4 5 5 5 5 6 6 6 5 7 6 7 7 7 7 6 6 7 7 7 7 8 7 5 8 8 8 7 9 7 9 6 7 7 6 8 9 5 8 8 8 7 7 6 6 6 6 4
2 2 2 2 3 3 4 4 4 5 5 4 4 5 5 4 5 5 5 5 6 6 6 5 7 6 7 7 7 7 6 6 7 7 7 7 8 7 5 8 8 8 7 9 7 9 6 7 7 6 8 9 7 8 8 8 7 7 6 6 6 6 4
2 2 2 2 3 3 4 4 4 5 5 4 4 5 5 4 5 5 5 5 6 6 6 5 7 6 7 7 7 7 6 6 7 7 7 7 8 7 5 8 8 8 7 9 7 9 6 9 7 6 6 9 5 8 8 8 7 7 6 6 6 6 4
2 2 2 2 3 3 4 4 4 5 5 4 4 5 5 4 5 5 5 5 6 6 6 5 7 6 7 7 7 7 6 6 7 7 7 7 8 7 7 6 6 6 7 9 7 9 6 9 9 6 6 9 9 8 8 6 7 7 6 6 6 6 4
2 2 2 2 3 3 4 4 4 5 5 4 4 5 5 4 5 5 5 5 6 6 6 5 7 6 7 7 7 7 6 6 7 7 7 7 8 7 7 6 6 8 7 9 7 9 6 7 9 6 6 9 9 8 8 6 7 7 6 6 6 6 4
2 2 2 2 3 3 4 4 4 5 5 4 4 5 5 4 5 5 5 5 6 6 6 5 7 6 7 7 7 7 6 6 7 7 7 7 8 7 7 6 6 8 7 9 7 9 6 9 7 6 6 7 9 8 8 6 7 7 6 6 6 6 4
2 2 2 2 3 3 4 4 4 5 5 4 4 5 5 4 5 5 5 5 6 6 6 5 7 6 7 7 7 7 6 6 7 7 7 7 8 7 7 6 6 8 7 9 7 9 6 9 7 6 6 9 9 8 8 6 7 7 6 6 6 6 4
2 2 2 2 3 3 4 4 4 5 5 4 4 5 5 4 5 5 5 5 6 6 6 5 7 6 7 7 7 7 6 6 7 7 7 7 8 7 7 6 6 8 7 9 7 9 6 9 9 6 6 7 7 8 8 6 7 7 6 6 6 6 4
2 2 2 2 3 3 4 4 4 5 5 4 4 5 5 4 5 5 5 5 6 6 6 5 7 6 7 7 7 7 6 6 7 7 7 7 8 7 7 6 6 8 7 9 7 9 6 9 9 6 6 9 7 8 8 6 7 7 6 6 6 6 4
2 2 2 2 3 3 4 4 4 5 5 4 4 5 5 4 5 5 5 5 6 6 6 5 7 6 7 7 7 7 6 6 7 7 7 7 8 7 7 6 8 6 7 7 7 9 6 9 9 6 8 9 9 8 8 8 7 7 6 6 6 6 4
2 2 2 2 3 3 4 4 4 5 5 4 4 5 5 4 5 5 5 5 6 6 6 5 7 6 7 7 7 7 6 6 7 7 7 7 8 7 7 6 8 6 7 9 7 9 6 9 7 6 8 7 9 8 8 6 7 7 6 6 6 6 4
2 2 2 2 3 3 4 4 4 5 5 4 4 5 5 4 5 5 5 5 6 6 6 5 7 6 7 7 7 7 6 6 7 7 7 7 8 7 7 6 8 6 7 9 7 9 6 9 9 6 8 7 9 8 8 8 7 7 6 6 6 6 4
2 2 2 2 3 3 4 4 4 5 5 4 4 5 5 4 5 5 5 5 6 6 6 5 7 6 7 7 7 7 6 6 7 7 7 7 8 7 7 6 8 6 7 9 7 9 6 9 9 6 8 9 9 8 8 8 7 7 6 6 6 6 4
2 2 2 2 3 3 4 4 4 5 5 4 4 5 5 4 5 5 5 5 6 6 6 5 7 6 7 7 7 7 6 6 7 7 7 7 8 7 7 6 8 8 7 7 5 9 6 9 9 6 8 9 9 8 8 8 7 7 6 6 6 6 4
2 2 2 2 3 3 4 4 4 5 5 4 4 5 5 4 5 5 5 5 6 6 6 5 7 6 7 7 7 7 6 6 7 7 7 7 8 7 7 6 8 8 7 7 7 7 6 7 9 6 8 9 7 8 8 8 7 7 6 6 6 6 4
2 2 2 2 3 3 4 4 4 5 5 4 4 5 5 4 5 5 5 5 6 6 6 5 7 6 7 7 7 7 6 6 7 7 7 7 8 7 7 6 8 8 7 7 7 7 6 7 9 6 8 9 9 8 8 6 7 7 6 6 6 6 4
2 2 2 2 3 3 4 4 4 5 5 4 4 5 5 4 5 5 5 5 6 6 6 5 7 6 7 7 7 7 6 6 7 7 7 7 8 7 7 6 8 8 7 7 7 7 6 9 7 6 6 9 9 8 8 8 7 7 6 6 6 6 4
2 2 2 2 3 3 4 4 4 5 5 4 4 5 5 4 5 5 5 5 6 6 6 5 7 6 7 7 7 7 6 6 7 7 7 7 8 7 7 6 8 8 7 7 7 7 6 9 9 6 8 9 9 8 8 8 7 7 6 6 6 6 4
2 2 2 2 3 3 4 4 4 5 5 4 4 5 5 4 5 5 5 5 6 6 6 5 7 6 7 7 7 7 6 6 7 7 7 7 8 7 7 6 8 8 7 7 7 9 6 7 9 6 8 9 7 8 8 6 7 7 6 6 6 6 4
2 2 2 2 3 3 4 4 4 5 5 4 4 5 5 4 5 5 5 5 6 6 6 5 7 6 7 7 7 7 6 6 7 7 7 7 8 7 7 6 8 8 7 7 7 9 6 7 9 6 8 9 9 8 8 8 7 7 6 6 6 6 4
2 2 2 2 3 3 4 4 4 5 5 4 4 5 5 4 5 5 5 5 6 6 6 5 7 6 7 7 7 7 6 6 7 7 7 7 8 7 7 6 8 8 7 7 7 9 6 9 7 6 8 9 9 8 8 8 7 7 6 6 6 6 4
2 2 2 2 3 3 4 4 4 5 5 4 4 5 5 4 5 5 5 5 6 6 6 5 7 6 7 7 7 7 6 6 7 7 7 7 8 7 7 6 8 8 7 7 7 9 6 9 9 6 6 9 7 8 8 8 7 7 6 6 6 6 4
2 2 2 2 3 3 4 4 4 5 5 4 4 5 5 4 5 5 5 5 6 6 6 5 7 6 7 7 7 7 6 6 7 7 7 7 8 7 7 6 8 8 7 7 7 9 6 9 9 6 6 9 9 8 8 8 7 7 6 6 6 6 4
2 2 2 2 3 3 4 4 4 5 5 4 4 5 5 4 5 5 5 5 6 6 6 5 7 6 7 7 7 7 6 6 7 7 7 7 8 7 7 6 8 8 7 7 7 9 6 9 9 6 8 7 9 8 8 8 7 7 6 6 6 6 4
2 2 2 2 3 3 4 4 4 5 5 4 4 5 5 4 5 5 5 5 6 6 6 5 7 6 7 7 7 7 6 6 7 7 7 7 8 7 7 6 8 8 7 7 7 9 6 9 9 6 8 9 7 8 8 6 7 7 6 6 6 6 4
2 2 2 2 3 3 4 4 4 5 5 4 4 5 5 4 5 5 5 5 6 6 6 5 7 6 7 7 7 7 6 6 7 7 7 7 8 7 7 6 8 8 7 7 7 9 6 9 9 6 8 9 7 8 8 8 7 7 6 6 6 6 4
2 2 2 2 3 3 4 4 4 5 5 4 4 5 5 4 5 5 5 5 6 6 6 5 7 6 7 7 7 7 6 6 7 7 7 7 8 7 7 6 8 8 7 7 7 9 6 9 9 6 8 9 9 8 8 6 7 7 6 6 6 6 4
2 2 2 2 3 3 4 4 4 5 5 4 4 5 5 4 5 5 5 5 6 6 6 5 7 6 7 7 7 7 6 6 7 7 7 7 8 7 7 6 8 8 7 7 7 9 6 9 9 6 8 9 9 8 8 8 7 7 6 6 6 6 4
2 2 2 2 3 3 4 4 4 5 5 4 4 5 5 4 5 5 5 5 6 6 6 5 7 6 7 7 7 7 6 6 7 7 7 7 8 7 7 6 8 8 7 9 7 7 6 9 7 6 8 7 7 8 8 8 7 7 6 6 6 6 4
2 2 2 2 3 3 4 4 4 5 5 4 4 5 5 4 5 5 5 5 6 6 6 5 7 6 7 7 7 7 6 6 7 7 7 7 8 7 7 6 8 8 7 9 7 7 6 9 7 6 8 7 9 8 8 6 7 7 6 6 6 6 4
2 2 2 2 3 3 4 4 4 5 5 4 4 5 5 4 5 5 5 5 6 6 6 5 7 6 7 7 7 7 6 6 7 7 7 7 8 7 7 6 8 8 7 9 7 7 6 9 9 6 8 7 7 8 8 6 7 7 6 6 6 6 4
2 2 2 2 3 3 4 4 4 5 5 4 4 5 5 4 5 5 5 5 6 6 6 5 7 6 7 7 7 7 6 6 7 7 7 7 8 7 7 6 8 8 7 9 7 9 6 7 9 6 8 9 9 8 8 8 7 7 6 6 6 6 4
2 2 2 2 3 3 4 4 4 5 5 4 4 5 5 4 5 5 5 5 6 6 6 5 7 6 7 7 7 7 6 6 7 7 7 7 8 7 7 6 8 8 7 9 7 9 6 9 7 6 6 7 9 8 8 8 7 7 6 6 6 6 4
2 2 2 2 3 3 4 4 4 5 5 4 4 5 5 4 5 5 5 5 6 6 6 5 7 6 7 7 7 7 6 6 7 7 7 7 8 7 7 6 8 8 7 9 7 9 6 9 7 6 6 9 7 8 8 8 7 7 6 6 6 6 4
2 2 2 2 3 3 4 4 4 5 5 4 4 5 5 4 5 5 5 5 6 6 6 5 7 6 7 7 7 7 6 6 7 7 7 7 8 7 7 6 8 8 7 9 7 9 6 9 7 6 8 9 9 8 8 6 7 7 6 6 6 6 4
2 2 2 2 3 3 4 4 4 5 5 4 4 5 5 4 5 5 5 5 6 6 6 5 7 6 7 7 7 7 6 6 7 7 7 7 8 7 7 6 8 8 7 9 7 9 6 9 9 6 8 9 7 8 8 6 7 7 6 6 6 6 4
2 2 2 2 3 3 4 4 4 5 5 4 4 5 5 4 5 5 5 5 6 6 6 5 7 6 7 7 7 7 6 6 7 7 7 7 8 7 7 8 8 6 7 7 7 9 6 9 7 8 8 7 9 8 8 6 7 7 6 6 6 6 4
2 2 2 2 3 3 4 4 4 5 5 4 4 5 5 4 5 5 5 5 6 6 6 5 7 6 7 7 7 7 6 6 7 7 7 7 8 7 7 8 8 6 7 7 7 9 6 9 7 8 8 7 9 8 8 8 7 7 6 6 6 6 4
2 2 2 2 3 3 4 4 4 5 5 4 4 5 5 4 5 5 5 5 6 6 6 5 7 6 7 7 7 7 6 6 7 7 7 7 8 7 7 8 8 6 7 7 7 9 6 9 9 8 8 7 9 8 8 8 7 7 6 6 6 6 4
2 2 2 2 3 3 4 4 4 5 5 4 4 5 5 4 5 5 5 5 6 6 6 5 7 6 7 7 7 7 6 6 7 7 7 7 8 7 7 8 8 6 7 7 7 9 6 9 9 8 8 9 7 8 8 8 7 7 6 6 6 6 4
2 2 2 2 3 3 4 4 4 5 5 4 4 5 5 4 5 5 5 5 6 6 6 5 7 6 7 7 7 7 6 6 7 7 7 7 8 7 7 8 8 6 7 9 7 9 6 7 9 8 8 9 9 8 8 8 7 7 6 6 6 6 4
2 2 2 2 3 3 4 4 4 5 5 4 4 5 5 4 5 5 5 5 6 6 6 5 7 6 7 7 7 7 6 6 7 7 7 7 8 7 7 8 8 6 7 9 7 9 6 9 9 8 8 7 9 8 8 8 7 7 6 6 6 6 4
2 2 2 2 3 3 4 4 4 5 5 4 4 5 5 4 5 5 5 5 6 6 6 5 7 6 7 7 7 7 6 6 7 7 7 7 8 7 7 8 8 8 5 7 7 9 6 9 9 8 8 9 7 8 8 8 7 7 6 6 6 6 4
2 2 2 2 3 3 4 4 4 5 5 4 4 5 5 4 5 5 5 5 6 6 6 5 7 6 7 7 7 7 6 6 7 7 7 7 8 7 7 8 8 8 5 9 7 9 6 9 9 8 6 9 7 8 8 8 7 7 6 6 6 6 4
2 2 2 2 3 3 4 4 4 5 5 4 4 5 5 4 5 5 5 5 6 6 6 5 7 6 7 7 7 7 6 6 7 7 7 7 8 7 7 8 8 8 7 7 7 7 6 9 7 6 6 9 9 8 8 8 7 7 6 6 6 6 4
2 2 2 2 3 3 4 4 4 5 5 4 4 5 5 4 5 5 5 5 6 6 6 5 7 6 7 7 7 7 6 6 7 7 7 7 8 7 7 8 8 8 7 7 7 7 6 9 7 8 8 7 9 8 8 6 7 7 6 6 6 6 4
2 2 2 2 3 3 4 4 4 5 5 4 4 5 5 4 5 5 5 5 6 6 6 5 7 6 7 7 7 7 6 6 7 7 7 7 8 7 7 8 8 8 7 7 7 7 6 9 9 8 8 7 7 8 8 6 7 7 6 6 6 6 4
2 2 2 2 3 3 4 4 4 5 5 4 4 5 5 4 5 5 5 5 6 6 6 5 7 6 7 7 7 7 6 6 7 7 7 7 8 7 7 8 8 8 7 7 7 9 6 7 7 8 6 7 7 8 8 8 7 7 6 6 6 6 4
2 2 2 2 3 3 4 4 4 5 5 4 4 5 5 4 5 5 5 5 6 6 6 5 7 6 7 7 7 7 6 6 7 7 7 7 8 7 7 8 8 8 7 7 7 9 6 7 7 8 8 7 7 8 8 8 7 7 6 6 6 6 4
2 2 2 2 3 3 4 4 4 5 5 4 4 5 5 4 5 5 5 5 6 6 6 5 7 6 7 7 7 7 6 6 7 7 7 7 8 7 7 8 8 8 7 7 7 9 6 7 9 6 6 9 9 8 8 8 7 7 6 6 6 6 4
2 2 2 2 3 3 4 4 4 5 5 4 4 5 5 4 5 5 5 5 6 6 6 5 7 6 7 7 7 7 6 6 7 7 7 7 8 7 7 8 8 8 7 7 7 9 6 9 7 8 6 7 7 8 8 8 7 7 6 6 6 6 4
2 2 2 2 3 3 4 4 4 5 5 4 4 5 5 4 5 5 5 5 6 6 6 5 7 6 7 7 7 7 6 6 7 7 7 7 8 7 7 8 8 8 7 7 7 9 6 9 7 8 8 9 9 8 8 6 7 7 6 6 6 6 4
2 2 2 2 3 3 4 4 4 5 5 4 4 5 5 4 5 5 5 5 6 6 6 5 7 6 7 7 7 7 6 6 7 7 7 7 8 7 7 8 8 8 7 7 7 9 6 9 9 8 6 9 7 8 8 8 7 7 6 6 6 6 4
2 2 2 2 3 3 4 4 4 5 5 4 4 5 5 4 5 5 5 5 6 6 6 5 7 6 7 7 7 7 6 6 7 7 7 7 8 7 7 8 8 8 7 7 7 9 6 9 9 8 8 7 7 8 8 6 7 7 6 6 6 6 4
2 2 2 2 3 3 4 4 4 5 5 4 4 5 5 4 5 5 5 5 6 6 6 5 7 6 7 7 7 7 6 6 7 7 7 7 8 7 7 8 8 8 7 7 7 9 6 9 9 8 8 9 7 8 8 6 7 7 6 6 6 6 4
2 2 2 2 3 3 4 4 4 5 5 4 4 5 5 4 5 5 5 5 6 6 6 5 7 6 7 7 7 7 6 6 7 7 7 7 8 7 7 8 8 8 7 7 7 9 6 9 9 8 8 9 7 8 8 8 7 7 6 6 6 6 4
2 2 2 2 3 3 4 4 4 5 5 4 4 5 5 4 5 5 5 5 6 6 6 5 7 6 7 7 7 7 6 6 7 7 7 7 8 7 7 8 8 8 7 9 7 9 6 7 7 6 6 9 9 8 8 8 7 7 6 6 6 6 4
2 2 2 2 3 3 4 4 4 5 5 4 4 5 5 4 5 5 5 5 6 6 6 5 7 6 7 7 7 7 6 6 7 7 7 7 8 7 7 8 8 8 7 9 7 9 6 7 7 6 8 7 7 8 8 8 7 7 6 6 6 6 4
2 2 2 2 3 3 4 4 4 5 5 4 4 5 5 4 5 5 5 5 6 6 6 5 7 6 7 7 7 7 6 6 7 7 7 7 8 7 7 8 8 8 7 9 7 9 6 7 7 6 8 7 9 8 8 8 7 7 6 6 6 6 4
2 2 2 2 3 3 4 4 4 5 5 4 4 5 5 4 5 5 5 5 6 6 6 5 7 6 7 7 7 7 6 6 7 7 7 7 8 7 7 8 8 8 7 9 7 9 6 7 9 6 6 9 9 8 8 8 7 7 6 6 6 6 4
2 2 2 2 3 3 4 4 4 5 5 4 4 5 5 4 5 5 5 5 6 6 6 5 7 6 7 7 7 7 6 6 7 7 7 7 8 7 7 8 8 8 7 9 7 9 6 7 9 6 8 7 9 8 8 8 7 7 6 6 6 6 4
2 2 2 2 3 3 4 4 4 5 5 4 4 5 5 4 5 5 5 5 6 6 6 5 7 6 7 7 7 7 6 6 7 7 7 7 8 7 7 8 8 8 7 9 7 9 6 7 9 6 8 9 7 8 8 8 7 7 6 6 6 6 4
2 2 2 2 3 3 4 4 4 5 5 4 4 5 5 4 5 5 5 5 6 6 6 5 7 6 7 7 7 7 6 6 7 7 7 7 8 7 7 8 8 8 7 9 7 9 6 7 9 6 8 9 9 8 8 8 7 7 6 6 6 6 4
2 2 2 2 3 3 4 4 4 5 5 4 4 5 5 4 5 5 5 5 6 6 6 5 7 6 7 7 7 7 6 6 7 7 7 7 8 7 7 8 8 8 7 9 7 9 6 9 7 6 6 7 7 8 8 8 7 7 6 6 6 6 4
2 2 2 2 3 3 4 4 4 5 5 4 4 5 5 4 5 5 5 5 6 6 6 5 7 6 7 7 7 7 6 6 7 7 7 7 8 7 7 8 8 8 7 9 7 9 6 9 7 6 6 7 9 8 8 8 7 7 6 6 6 6 4
2 2 2 2 3 3 4 4 4 5 5 4 4 5 5 4 5 5 5 5 6 6 6 5 7 6 7 7 7 7 6 6 7 7 7 7 8 7 7 8 8 8 7 9 7 9 6 9 7 6 6 9 7 8 8 8 7 7 6 6 6 6 4
2 2 2 2 3 3 4 4 4 5 5 4 4 5 5 4 5 5 5 5 6 6 6 5 7 6 7 7 7 7 6 6 7 7 7 7 8 7 7 8 8 8 7 9 7 9 6 9 7 6 6 9 9 8 8 8 7 7 6 6 6 6 4
2 2 2 2 3 3 4 4 4 5 5 4 4 5 5 4 5 5 5 5 6 6 6 5 7 6 7 7 7 7 6 6 7 7 7 7 8 7 7 8 8 8 7 9 7 9 6 9 7 6 8 9 7 8 8 8 7 7 6 6 6 6 4
2 2 2 2 3 3 4 4 4 5 5 4 4 5 5 4 5 5 5 5 6 6 6 5 7 6 7 7 7 7 6 6 7 7 7 7 8 7 7 8 8 8 7 9 7 9 6 9 7 8 8 9 9 8 8 6 7 7 6 6 6 6 4
2 2 2 2 3 3 4 4 4 5 5 4 4 5 5 4 5 5 5 5 6 6 6 5 7 6 7 7 7 7 6 6 7 7 7 7 8 7 7 8 8 8 7 9 7 9 6 9 9 6 8 7 9 8 8 8 7 7 6 6 6 6 4
2 2 2 2 3 3 4 4 4 5 5 4 4 5 5 4 5 5 5 5 6 6 6 5 7 6 7 7 7 7 6 6 7 7 7 7 8 7 7 8 8 8 7 9 7 9 6 9 9 6 8 9 7 8 8 8 7 7 6 6 6 6 4
2 2 2 2 3 3 4 4 4 5 5 4 4 5 5 4 5 5 5 5 6 6 6 5 7 6 7 7 7 7 6 6 7 7 7 7 8 7 7 8 8 8 7 9 7 9 6 9 9 6 8 9 9 8 8 8 7 7 6 6 6 6 4
2 2 2 2 3 3 4 4 4 5 5 4 4 5 5 4 5 5 5 5 6 6 6 5 7 6 7 7 7 7 6 6 7 7 7 7 8 7 7 8 8 8 7 9 7 9 6 9 9 8 8 9 7 8 8 6 7 7 6 6 6 6 4
2 2 2 2 3 3 4 4 4 5 5 4 4 5 5 4 5 5 5 5 6 6 6 5 7 6 7 7 7 7 6 6 7 7 7 7 8 7 7 8 8 8 7 9 7 9 6 9 9 8 8 9 9 8 8 6 7 7 6 6 6 6 4
2 2 2 2 3 3 4 4 4 5 5 4 4 5 5 4 5 5 5 5 6 6 6 5 7 6 7 7 7 7 8 6 7 7 7 7 8 5 7 8 8 8 7 7 7 7 8 7 7 8 8 7 9 8 8 6 7 7 6 6 6 6 4
2 2 2 2 3 3 4 4 4 5 5 4 4 5 5 4 5 5 5 5 6 6 6 5 7 6 7 7 7 7 8 6 7 7 7 7 8 5 7 8 8 8 7 7 7 9 6 7 7 8 8 7 9 8 8 6 7 7 6 6 6 6 4
2 2 2 2 3 3 4 4 4 5 5 4 4 5 5 4 5 5 5 5 6 6 6 5 7 6 7 7 7 7 8 6 7 7 7 7 8 5 7 8 8 8 7 7 7 9 6 7 9 8 8 7 9 8 8 6 7 7 6 6 6 6 4
2 2 2 2 3 3 4 4 4 5 5 4 4 5 5 4 5 5 5 5 6 6 6 5 7 6 7 7 7 7 8 6 7 7 7 7 8 7 5 8 8 6 7 7 7 7 8 7 7 8 8 9 7 8 8 8 7 7 6 6 6 6 4
2 2 2 2 3 3 4 4 4 5 5 4 4 5 5 4 5 5 5 5 6 6 6 5 7 6 7 7 7 7 8 6 7 7 7 7 8 7 5 8 8 6 7 7 7 9 6 7 7 8 8 9 7 8 8 6 7 7 6 6 6 6 4
2 2 2 2 3 3 4 4 4 5 5 4 4 5 5 4 5 5 5 5 6 6 6 5 7 6 7 7 7 7 8 6 7 7 7 7 8 7 5 8 8 6 7 7 7 9 6 7 7 8 8 9 7 8 8 8 7 7 6 6 6 6 4
2 2 2 2 3 3 4 4 4 5 5 4 4 5 5 4 5 5 5 5 6 6 6 5 7 6 7 7 7 7 8 6 7 7 7 7 8 7 5 8 8 6 7 7 7 9 8 7 7 8 8 9 7 8 8 8 7 7 6 6 6 6 4
2 2 2 2 3 3 4 4 4 5 5 4 4 5 5 4 5 5 5 5 6 6 6 5 7 6 7 7 7 7 8 6 7 7 7 7 8 7 5 8 8 8 7 7 7 9 8 7 7 8 6 9 7 6 8 8 7 7 6 6 6 6 4
2 2 2 2 3 3 4 4 4 5 5 4 4 5 5 4 5 5 5 5 6 6 6 5 7 6 7 7 7 7 8 6 7 7 7 7 8 7 7 6 6 6 7 9 7 9 8 9 7 8 8 9 9 8 8 6 7 7 6 6 6 6 4
2 2 2 2 3 3 4 4 4 5 5 4 4 5 5 4 5 5 5 5 6 6 6 5 7 6 7 7 7 7 8 6 7 7 7 7 8 7 7 6 6 6 7 9 7 9 8 9 9 8 8 9 9 8 8 6 7 7 6 6 6 6 4
2 2 2 2 3 3 4 4 4 5 5 4 4 5 5 4 5 5 5 5 6 6 6 5 7 6 7 7 7 7 8 6 7 7 7 7 8 7 7 6 6 8 7 7 7 7 8 7 9 6 8 9 9 8 8 6 7 7 6 6 6 6 4
2 2 2 2 3 3 4 4 4 5 5 4 4 5 5 4 5 5 5 5 6 6 6 5 7 6 7 7 7 7 8 6 7 7 7 7 8 7 7 6 6 8 7 7 7 9 8 7 9 6 8 9 7 8 6 6 7 7 6 6 6 6 4
2 2 2 2 3 3 4 4 4 5 5 4 4 5 5 4 5 5 5 5 6 6 6 5 7 6 7 7 7 7 8 6 7 7 7 7 8 7 7 6 6 8 7 7 7 9 8 7 9 6 8 9 7 8 8 6 7 7 6 6 6 6 4
2 2 2 2 3 3 4 4 4 5 5 4 4 5 5 4 5 5 5 5 6 6 6 5 7 6 7 7 7 7 8 6 7 7 7 7 8 7 7 6 6 8 7 9 7 9 8 7 7 6 8 9 9 8 8 6 7 7 6 6 6 6 4
2 2 2 2 3 3 4 4 4 5 5 4 4 5 5 4 5 5 5 5 6 6 6 5 7 6 7 7 7 7 8 6 7 7 7 7 8 7 7 6 6 8 7 9 7 9 8 7 9 6 8 9 7 8 8 6 7 7 6 6 6 6 4
2 2 2 2 3 3 4 4 4 5 5 4 4 5 5 4 5 5 5 5 6 6 6 5 7 6 7 7 7 7 8 6 7 7 7 7 8 7 7 6 6 8 7 9 7 9 8 9 7 6 8 9 9 8 8 6 7 7 6 6 6 6 4
2 2 2 2 3 3 4 4 4 5 5 4 4 5 5 4 5 5 5 5 6 6 6 5 7 6 7 7 7 7 8 6 7 7 7 7 8 7 7 6 6 8 7 9 7 9 8 9 7 8 8 9 9 6 8 6 7 7 6 6 6 6 4
2 2 2 2 3 3 4 4 4 5 5 4 4 5 5 4 5 5 5 5 6 6 6 5 7 6 7 7 7 7 8 6 7 7 7 7 8 7 7 6 6 8 7 9 7 9 8 9 7 8 8 9 9 8 8 6 7 7 6 6 6 6 4
2 2 2 2 3 3 4 4 4 5 5 4 4 5 5 4 5 5 5 5 6 6 6 5 7 6 7 7 7 7 8 6 7 7 7 7 8 7 7 6 6 8 7 9 7 9 8 9 9 6 8 9 9 8 8 6 7 7 6 6 6 6 4
2 2 2 2 3 3 4 4 4 5 5 4 4 5 5 4 5 5 5 5 6 6 6 5 7 6 7 7 7 7 8 6 7 7 7 7 8 7 7 6 6 8 7 9 7 9 8 9 9 8 8 9 9 8 8 6 7 7 6 6 6 6 4
2 2 2 2 3 3 4 4 4 5 5 4 4 5 5 4 5 5 5 5 6 6 6 5 7 6 7 7 7 7 8 6 7 7 7 7 8 7 7 6 8 6 7 7 7 9 8 9 7 8 8 9 9 8 8 6 7 7 6 6 6 6 4
2 2 2 2 3 3 4 4 4 5 5 4 4 5 5 4 5 5 5 5 6 6 6 5 7 6 7 7 7 7 8 6 7 7 7 7 8 7 7 6 8 6 7 7 7 9 8 9 7 8 8 9 9 8 8 8 7 7 6 6 6 6 4
2 2 2 2 3 3 4 4 4 5 5 4 4 5 5 4 5 5 5 5 6 6 6 5 7 6 7 7 7 7 8 6 7 7 7 7 8 7 7 6 8 6 7 9 7 9 6 7 9 8 8 9 9 8 8 8 7 7 6 6 6 6 4
2 2 2 2 3 3 4 4 4 5 5 4 4 5 5 4 5 5 5 5 6 6 6 5 7 6 7 7 7 7 8 6 7 7 7 7 8 7 7 6 8 6 7 9 7 9 8 7 7 8 8 9 9 8 8 8 7 7 6 6 6 6 4
2 2 2 2 3 3 4 4 4 5 5 4 4 5 5 4 5 5 5 5 6 6 6 5 7 6 7 7 7 7 8 6 7 7 7 7 8 7 7 6 8 6 7 9 7 9 8 7 9 8 8 9 7 8 8 6 7 7 6 6 6 6 4
2 2 2 2 3 3 4 4 4 5 5 4 4 5 5 4 5 5 5 5 6 6 6 5 7 6 7 7 7 7 8 6 7 7 7 7 8 7 7 6 8 6 7 9 7 9 8 7 9 8 8 9 9 8 8 8 7 7 6 6 6 6 4
2 2 2 2 3 3 4 4 4 5 5 4 4 5 5 4 5 5 5 5 6 6 6 5 7 6 7 7 7 7 8 6 7 7 7 7 8 7 7 6 8 6 7 9 7 9 8 9 7 8 8 9 7 8 8 8 7 7 6 6 6 6 4
2 2 2 2 3 3 4 4 4 5 5 4 4 5 5 4 5 5 5 5 6 6 6 5 7 6 7 7 7 7 8 6 7 7 7 7 8 7 7 6 8 6 7 9 7 9 8 9 7 8 8 9 9 8 8 6 7 7 6 6 6 6 4
2 2 2 2 3 3 4 4 4 5 5 4 4 5 5 4 5 5 5 5 6 6 6 5 7 6 7 7 7 7 8 6 7 7 7 7 8 7 7 6 8 8 7 7 7 7 6 7 9 8 8 9 7 8 8 8 7 7 6 6 6 6 4
2 2 2 2 3 3 4 4 4 5 5 4 4 5 5 4 5 5 5 5 6 6 6 5 7 6 7 7 7 7 8 6 7 7 7 7 8 7 7 6 8 8 7 7 7 7 8 7 7 8 8 9 9 6 8 6 7 7 6 6 6 6 4
2 2 2 2 3 3 4 4 4 5 5 4 4 5 5 4 5 5 5 5 6 6 6 5 7 6 7 7 7 7 8 6 7 7 7 7 8 7 7 6 8 8 7 7 7 9 6 7 7 8 8 7 7 8 8 8 7 7 6 6 6 6 4
2 2 2 2 3 3 4 4 4 5 5 4 4 5 5 4 5 5 5 5 6 6 6 5 7 6 7 7 7 7 8 6 7 7 7 7 8 7 7 6 8 8 7 7 7 9 8 7 9 6 8 9 9 8 8 6 7 7 6 6 6 6 4
2 2 2 2 3 3 4 4 4 5 5 4 4 5 5 4 5 5 5 5 6 6 6 5 7 6 7 7 7 7 8 6 7 7 7 7 8 7 7 6 8 8 7 7 7 9 8 9 7 6 8 9 9 8 8 8 7 7 6 6 6 6 4
2 2 2 2 3 3 4 4 4 5 5 4 4 5 5 4 5 5 5 5 6 6 6 5 7 6 7 7 7 7 8 6 7 7 7 7 8 7 7 6 8 8 7 7 7 9 8 9 7 8 8 9 9 6 8 6 7 7 6 6 6 6 4
2 2 2 2 3 3 4 4 4 5 5 4 4 5 5 4 5 5 5 5 6 6 6 5 7 6 7 7 7 7 8 6 7 7 7 7 8 7 7 6 8 8 7 7 7 9 8 9 7 8 8 9 9 6 8 8 7 7 6 6 6 6 4
2 2 2 2 3 3 4 4 4 5 5 4 4 5 5 4 5 5 5 5 6 6 6 5 7 6 7 7 7 7 8 6 7 7 7 7 8 7 7 6 8 8 7 7 7 9 8 9 7 8 8 9 9 8 8 8 7 7 6 6 6 6 4
2 2 2 2 3 3 4 4 4 5 5 4 4 5 5 4 5 5 5 5 6 6 6 5 7 6 7 7 7 7 8 6 7 7 7 7 8 7 7 6 8 8 7 9 5 9 6 9 7 8 8 9 7 8 8 8 7 7 6 6 6 6 4
2 2 2 2 3 3 4 4 4 5 5 4 4 5 5 4 5 5 5 5 6 6 6 5 7 6 7 7 7 7 8 6 7 7 7 7 8 7 7 6 8 8 7 9 5 9 6 9 7 8 8 9 9 8 8 6 7 7 6 6 6 6 4
2 2 2 2 3 3 4 4 4 5 5 4 4 5 5 4 5 5 5 5 6 6 6 5 7 6 7 7 7 7 8 6 7 7 7 7 8 7 7 6 8 8 7 9 5 9 6 9 9 8 8 9 9 8 8 6 7 7 6 6 6 6 4
2 2 2 2 3 3 4 4 4 5 5 4 4 5 5 4 5 5 5 5 6 6 6 5 7 6 7 7 7 7 8 6 7 7 7 7 8 7 7 6 8 8 7 9 5 9 8 9 7 8 8 9 7 8 8 8 7 7 6 6 6 6 4
2 2 2 2 3 3 4 4 4 5 5 4 4 5 5 4 5 5 5 5 6 6 6 5 7 6 7 7 7 7 8 6 7 7 7 7 8 7 7 6 8 8 7 9 5 9 8 9 7 8 8 9 9 8 8 6 7 7 6 6 6 6 4
2 2 2 2 3 3 4 4 4 5 5 4 4 5 5 4 5 5 5 5 6 6 6 5 7 6 7 7 7 7 8 6 7 7 7 7 8 7 7 6 8 8 7 9 7 9 8 7 7 6 8 9 9 8 8 8 7 7 6 6 6 6 4
2 2 2 2 3 3 4 4 4 5 5 4 4 5 5 4 5 5 5 5 6 6 6 5 7 6 7 7 7 7 8 6 7 7 7 7 8 7 7 6 8 8 7 9 7 9 8 7 7 8 6 9 7 8 8 8 7 7 6 6 6 6 4
2 2 2 2 3 3 4 4 4 5 5 4 4 5 5 4 5 5 5 5 6 6 6 5 7 6 7 7 7 7 8 6 7 7 7 7 8 7 7 6 8 8 7 9 7 9 8 7 7 8 8 7 7 8 8 8 7 7 6 6 6 6 4
2 2 2 2 3 3 4 4 4 5 5 4 4 5 5 4 5 5 5 5 6 6 6 5 7 6 7 7 7 7 8 6 7 7 7 7 8 7 7 6 8 8 7 9 7 9 8 7 7 8 8 9 7 8 8 8 7 7 6 6 6 6 4
2 2 2 2 3 3 4 4 4 5 5 4 4 5 5 4 5 5 5 5 6 6 6 5 7 6 7 7 7 7 8 6 7 7 7 7 8 7 7 6 8 8 7 9 7 9 8 7 7 8 8 9 9 8 8 6 7 7 6 6 6 6 4
2 2 2 2 3 3 4 4 4 5 5 4 4 5 5 4 5 5 5 5 6 6 6 5 7 6 7 7 7 7 8 6 7 7 7 7 8 7 7 6 8 8 7 9 7 9 8 7 9 6 8 9 9 8 8 6 7 7 6 6 6 6 4
2 2 2 2 3 3 4 4 4 5 5 4 4 5 5 4 5 5 5 5 6 6 6 5 7 6 7 7 7 7 8 6 7 7 7 7 8 7 7 6 8 8 7 9 7 9 8 7 9 6 8 9 9 8 8 8 7 7 6 6 6 6 4
2 2 2 2 3 3 4 4 4 5 5 4 4 5 5 4 5 5 5 5 6 6 6 5 7 6 7 7 7 7 8 6 7 7 7 7 8 7 7 6 8 8 7 9 7 9 8 7 9 8 8 9 7 8 8 6 7 7 6 6 6 6 4
2 2 2 2 3 3 4 4 4 5 5 4 4 5 5 4 5 5 5 5 6 6 6 5 7 6 7 7 7 7 8 6 7 7 7 7 8 7 7 6 8 8 7 9 7 9 8 9 7 6 8 9 7 8 8 8 7 7 6 6 6 6 4
2 2 2 2 3 3 4 4 4 5 5 4 4 5 5 4 5 5 5 5 6 6 6 5 7 6 7 7 7 7 8 6 7 7 7 7 8 7 7 6 8 8 7 9 7 9 8 9 7 6 8 9 9 8 8 6 7 7 6 6 6 6 4
2 2 2 2 3 3 4 4 4 5 5 4 4 5 5 4 5 5 5 5 6 6 6 5 7 6 7 7 7 7 8 6 7 7 7 7 8 7 7 6 8 8 7 9 7 9 8 9 7 8 6 9 7 8 8 8 7 7 6 6 6 6 4
2 2 2 2 3 3 4 4 4 5 5 4 4 5 5 4 5 5 5 5 6 6 6 5 7 6 7 7 7 7 8 6 7 7 7 7 8 7 7 6 8 8 7 9 7 9 8 9 7 8 8 9 7 8 8 8 7 7 6 6 6 6 4
2 2 2 2 3 3 4 4 4 5 5 4 4 5 5 4 5 5 5 5 6 6 6 5 7 6 7 7 7 7 8 6 7 7 7 7 8 7 7 6 8 8 7 9 7 9 8 9 7 8 8 9 9 6 8 6 7 7 6 6 6 6 4
2 2 2 2 3 3 4 4 4 5 5 4 4 5 5 4 5 5 5 5 6 6 6 5 7 6 7 7 7 7 8 6 7 7 7 7 8 7 7 6 8 8 7 9 7 9 8 9 7 8 8 9 9 8 8 6 7 7 6 6 6 6 4
2 2 2 2 3 3 4 4 4 5 5 4 4 5 5 4 5 5 5 5 6 6 6 5 7 6 7 7 7 7 8 6 7 7 7 7 8 7 7 8 8 6 7 7 7 7 8 9 7 8 8 9 9 8 8 6 7 7 6 6 6 6 4
2 2 2 2 3 3 4 4 4 5 5 4 4 5 5 4 5 5 5 5 6 6 6 5 7 6 7 7 7 7 8 6 7 7 7 7 8 7 7 8 8 6 7 7 7 9 8 7 9 8 8 9 7 8 8 6 7 7 6 6 6 6 4
2 2 2 2 3 3 4 4 4 5 5 4 4 5 5 4 5 5 5 5 6 6 6 5 7 6 7 7 7 7 8 6 7 7 7 7 8 7 7 8 8 6 7 7 7 9 8 9 7 8 8 9 9 8 8 6 7 7 6 6 6 6 4
2 2 2 2 3 3 4 4 4 5 5 4 4 5 5 4 5 5 5 5 6 6 6 5 7 6 7 7 7 7 8 6 7 7 7 7 8 7 7 8 8 6 7 9 7 9 8 7 9 8 8 9 9 8 8 8 7 7 6 6 6 6 4
2 2 2 2 3 3 4 4 4 5 5 4 4 5 5 4 5 5 5 5 6 6 6 5 7 6 7 7 7 7 8 6 7 7 7 7 8 7 7 8 8 8 5 7 7 9 6 9 7 8 8 9 9 8 8 6 7 7 6 6 6 6 4
2 2 2 2 3 3 4 4 4 5 5 4 4 5 5 4 5 5 5 5 6 6 6 5 7 6 7 7 7 7 8 6 7 7 7 7 8 7 7 8 8 8 5 7 7 9 6 9 9 8 8 9 9 8 8 6 7 7 6 6 6 6 4
2 2 2 2 3 3 4 4 4 5 5 4 4 5 5 4 5 5 5 5 6 6 6 5 7 6 7 7 7 7 8 6 7 7 7 7 8 7 7 8 8 8 5 7 7 9 8 9 7 8 8 9 9 8 8 6 7 7 6 6 6 6 4
2 2 2 2 3 3 4 4 4 5 5 4 4 5 5 4 5 5 5 5 6 6 6 5 7 6 7 7 7 7 8 6 7 7 7 7 8 7 7 8 8 8 5 9 7 9 6 9 7 8 8 9 9 8 8 6 7 7 6 6 6 6 4
2 2 2 2 3 3 4 4 4 5 5 4 4 5 5 4 5 5 5 5 6 6 6 5 7 6 7 7 7 7 8 6 7 7 7 7 8 7 7 8 8 8 7 7 7 7 8 7 7 8 8 9 9 8 8 6 7 7 6 6 6 6 4
2 2 2 2 3 3 4 4 4 5 5 4 4 5 5 4 5 5 5 5 6 6 6 5 7 6 7 7 7 7 8 6 7 7 7 7 8 7 7 8 8 8 7 7 7 7 8 9 7 6 8 9 9 8 8 8 7 7 6 6 6 6 4
2 2 2 2 3 3 4 4 4 5 5 4 4 5 5 4 5 5 5 5 6 6 6 5 7 6 7 7 7 7 8 6 7 7 7 7 8 7 7 8 8 8 7 7 7 7 8 9 7 8 8 9 9 8 8 6 7 7 6 6 6 6 4
2 2 2 2 3 3 4 4 4 5 5 4 4 5 5 4 5 5 5 5 6 6 6 5 7 6 7 7 7 7 8 6 7 7 7 7 8 7 7 8 8 8 7 7 7 9 6 7 7 8 8 7 7 8 8 8 7 7 6 6 6 6 4
2 2 2 2 3 3 4 4 4 5 5 4 4 5 5 4 5 5 5 5 6 6 6 5 7 6 7 7 7 7 8 6 7 7 7 7 8 7 7 8 8 8 7 7 7 9 6 7 7 8 8 9 9 8 8 6 7 7 6 6 6 6 4
2 2 2 2 3 3 4 4 4 5 5 4 4 5 5 4 5 5 5 5 6 6 6 5 7 6 7 7 7 7 8 6 7 7 7 7 8 7 7 8 8 8 7 7 7 9 6 9 7 8 8 9 9 8 8 6 7 7 6 6 6 6 4
2 2 2 2 3 3 4 4 4 5 5 4 4 5 5 4 5 5 5 5 6 6 6 5 7 6 7 7 7 7 8 6 7 7 7 7 8 7 7 8 8 8 7 7 7 9 8 7 7 8 6 7 7 8 8 8 7 7 6 6 6 6 4
2 2 2 2 3 3 4 4 4 5 5 4 4 5 5 4 5 5 5 5 6 6 6 5 7 6 7 7 7 7 8 6 7 7 7 7 8 7 7 8 8 8 7 7 7 9 8 7 9 8 6 9 7 6 8 8 7 7 6 6 6 6 4
2 2 2 2 3 3 4 4 4 5 5 4 4 5 5 4 5 5 5 5 6 6 6 5 7 6 7 7 7 7 8 6 7 7 7 7 8 7 7 8 8 8 7 7 7 9 8 9 7 8 8 9 9 8 8 6 7 7 6 6 6 6 4
2 2 2 2 3 3 4 4 4 5 5 4 4 5 5 4 5 5 5 5 6 6 6 5 7 6 7 7 7 7 8 6 7 7 7 7 8 7 7 8 8 8 7 7 7 9 8 9 9 8 10 9 9 10 10 10 9 9 8 8 8 8 6
2 2 2 2 3 3 4 4 4 5 5 4 4 5 5 4 5 5 5 5 6 6 6 5 7 6 7 7 7 7 8 6 7 7 7 7 8 7 7 8 8 8 7 9 7 9 6 7 7 8 8 9 9 8 8 6 7 7 6 6 6 6 4
2 2 2 2 3 3 4 4 4 5 5 4 4 5 5 4 5 5 5 5 6 6 6 5 7 6 7 7 7 7 8 6 7 7 7 7 8 7 7 8 8 8 7 9 7 9 6 7 9 8 8 9 7 8 8 6 7 7 6 6 6 6 4
2 2 2 2 3 3 4 4 4 5 5 4 4 5 5 4 5 5 5 5 6 6 6 5 7 6 7 7 7 7 8 6 7 7 7 7 8 7 7 8 8 8 7 9 7 9 6 9 7 8 8 9 9 8 8 6 7 7 6 6 6 6 4
2 2 2 2 3 3 4 4 4 5 5 4 4 5 5 4 5 5 5 5 6 6 6 5 7 6 7 7 7 7 8 6 7 7 7 7 8 7 7 8 8 8 7 9 7 9 8 7 7 6 8 7 7 8 8 8 7 7 6 6 6 6 4
2 2 2 2 3 3 4 4 4 5 5 4 4 5 5 4 5 5 5 5 6 6 6 5 7 6 7 7 7 7 8 6 7 7 7 7 8 7 7 8 8 8 7 9 7 9 8 7 7 6 8 7 9 8 6 8 7 7 6 6 6 6 4
2 2 2 2 3 3 4 4 4 5 5 4 4 5 5 4 5 5 5 5 6 6 6 5 7 6 7 7 7 7 8 6 7 7 7 7 8 7 7 8 8 8 7 9 7 9 8 7 7 6 8 7 9 8 8 8 7 7 6 6 6 6 4
2 2 2 2 3 3 4 4 4 5 5 4 4 5 5 4 5 5 5 5 6 6 6 5 7 6 7 7 7 7 8 6 7 7 7 7 8 7 7 8 8 8 7 9 7 9 8 7 7 6 8 9 7 8 6 8 7 7 6 6 6 6 4
2 2 2 2 3 3 4 4 4 5 5 4 4 5 5 4 5 5 5 5 6 6 6 5 7 6 7 7 7 7 8 6 7 7 7 7 8 7 7 8 8 8 7 9 7 9 8 7 7 6 8 9 9 8 6 8 7 7 6 6 6 6 4
2 2 2 2 3 3 4 4 4 5 5 4 4 5 5 4 5 5 5 5 6 6 6 5 7 6 7 7 7 7 8 6 7 7 7 7 8 7 7 8 8 8 7 9 7 9 8 7 9 6 8 9 7 8 8 8 7 7 6 6 6 6 4
2 2 2 2 3 3 4 4 4 5 5 4 4 5 5 4 5 5 5 5 6 6 6 5 7 6 7 7 7 7 8 6 7 7 7 7 8 7 7 8 8 8 7 9 7 9 8 7 9 6 8 9 9 8 8 8 7 7 6 6 6 6 4
2 2 2 2 3 3 4 4 4 5 5 4 4 5 5 4 5 5 5 5 6 6 6 5 7 6 7 7 7 7 8 6 7 7 7 7 8 7 7 8 8 8 7 9 7 9 8 7 9 8 8 9 9 8 8 6 7 7 6 6 6 6 4
2 2 2 2 3 3 4 4 4 5 5 4 4 5 5 4 5 5 5 5 6 6 6 5 7 6 7 7 7 7 8 6 7 7 7 7 8 7 7 8 8 8 7 9 7 9 8 9 7 6 8 9 7 8 8 8 7 7 6 6 6 6 4
2 2 2 2 3 3 4 4 4 5 5 4 4 5 5 4 5 5 5 5 6 6 6 5 7 6 7 7 7 7 8 6 7 7 7 7 8 7 7 8 8 8 7 9 7 9 8 9 7 6 8 9 9 8 8 8 7 7 6 6 6 6 4
2 2 2 2 3 3 4 4 4 5 5 4 4 5 5 4 5 5 5 5 6 6 6 5 7 6 7 7 7 7 8 6 7 7 7 7 8 7 7 8 8 8 7 9 7 9 8 9 7 8 8 9 9 8 8 6 7 7 6 6 6 6 4
2 2 2 2 3 3 4 4 4 5 5 4 4 5 5 4 5 5 5 5 6 6 6 5 7 6 7 7 7 7 8 6 7 7 7 7 8 7 7 8 8 8 7 9 7 9 8 9 7 8 10 9 9 10 10 10 9 9 8 8 8 8 6
2 2 2 2 3 3 4 4 4 5 5 4 4 5 5 4 5 5 5 5 6 6 6 7 7 6 7 7 7 7 4 6 7 7 7 7 6 7 7 8 8 8 9 9 9 9 4 7 9 6 6 9 7 8 8 8 7 7 6 6 6 6 4
2 2 2 2 3 3 4 4 4 5 5 4 4 5 5 4 5 5 5 5 6 6 6 7 7 6 7 7 7 7 4 6 7 7 7 7 8 7 7 8 8 8 7 9 7 9 6 9 9 6 6 7 9 8 8 8 7 7 6 6 6 6 4
2 2 2 2 3 3 4 4 4 5 5 4 4 5 5 4 5 5 5 5 6 6 6 7 7 6 7 7 7 7 4 6 7 7 7 7 8 7 7 8 8 8 7 9 7 9 6 9 9 6 6 9 7 8 8 8 7 7 6 6 6 6 4
2 2 2 2 3 3 4 4 4 5 5 4 4 5 5 4 5 5 5 5 6 6 6 7 7 6 7 7 7 7 6 6 7 7 7 7 6 7 7 6 8 6 7 9 9 7 6 9 9 6 8 9 9 6 8 8 7 7 6 6 6 6 4
2 2 2 2 3 3 4 4 4 5 5 4 4 5 5 4 5 5 5 5 6 6 6 7 7 6 7 7 7 7 6 6 7 7 7 7 6 7 7 6 8 6 7 9 9 9 6 9 9 6 6 9 9 6 8 8 7 7 6 6 6 6 4
2 2 2 2 3 3 4 4 4 5 5 4 4 5 5 4 5 5 5 5 6 6 6 7 7 6 7 7 7 7 6 6 7 7 7 7 6 7 7 6 8 6 7 9 9 9 6 9 9 6 8 9 9 6 8 8 7 7 6 6 6 6 4
2 2 2 2 3 3 4 4 4 5 5 4 4 5 5 4 5 5 5 5 6 6 6 7 7 6 7 7 7 7 6 6 7 7 7 7 6 7 7 6 8 6 9 9 7 9 6 7 9 6 8 9 9 6 8 8 7 7 6 6 6 6 4
2 2 2 2 3 3 4 4 4 5 5 4 4 5 5 4 5 5 5 5 6 6 6 7 7 6 7 7 7 7 6 6 7 7 7 7 6 7 7 6 8 6 9 9 7 9 6 9 7 6 6 9 9 6 8 8 7 7 6 6 6 6 4
2 2 2 2 3 3 4 4 4 5 5 4 4 5 5 4 5 5 5 5 6 6 6 7 7 6 7 7 7 7 6 6 7 7 7 7 6 7 7 6 8 6 9 9 7 9 6 9 9 6 6 9 9 6 8 8 7 7 6 6 6 6 4
2 2 2 2 3 3 4 4 4 5 5 4 4 5 5 4 5 5 5 5 6 6 6 7 7 6 7 7 7 7 6 6 7 7 7 7 6 7 7 6 8 6 9 9 7 9 6 9 9 6 8 9 9 6 8 6 7 7 6 6 6 6 4
2 2 2 2 3 3 4 4 4 5 5 4 4 5 5 4 5 5 5 5 6 6 6 7 7 6 7 7 7 7 6 6 7 7 7 7 6 7 7 6 8 6 9 9 7 9 6 9 9 6 8 9 9 6 8 8 7 7 6 6 6 6 4
2 2 2 2 3 3 4 4 4 5 5 4 4 5 5 4 5 5 5 5 6 6 6 7 7 6 7 7 7 7 6 6 7 7 7 7 6 7 7 6 8 6 9 9 9 9 6 9 9 6 8 9 9 6 8 8 7 7 6 6 6 6 4
2 2 2 2 3 3 4 4 4 5 5 4 4 5 5 4 5 5 5 5 6 6 6 7 7 6 7 7 7 7 6 6 7 7 7 7 6 7 7 6 8 8 7 7 7 9 6 7 9 6 6 9 9 6 8 8 7 7 6 6 6 6 4
2 2 2 2 3 3 4 4 4 5 5 4 4 5 5 4 5 5 5 5 6 6 6 7 7 6 7 7 7 7 6 6 7 7 7 7 6 7 7 6 8 8 7 9 7 7 6 7 9 6 6 9 9 6 8 8 7 7 6 6 6 6 4
2 2 2 2 3 3 4 4 4 5 5 4 4 5 5 4 5 5 5 5 6 6 6 7 7 6 7 7 7 7 6 6 7 7 7 7 6 7 7 6 8 8 7 9 7 7 6 9 9 6 8 9 9 6 8 6 7 7 6 6 6 6 4
2 2 2 2 3 3 4 4 4 5 5 4 4 5 5 4 5 5 5 5 6 6 6 7 7 6 7 7 7 7 6 6 7 7 7 7 6 7 7 6 8 8 7 9 7 7 6 9 9 6 8 9 9 6 8 8 7 7 6 6 6 6 4
2 2 2 2 3 3 4 4 4 5 5 4 4 5 5 4 5 5 5 5 6 6 6 7 7 6 7 7 7 7 6 6 7 7 7 7 6 7 7 6 8 8 7 9 7 9 6 7 9 6 6 9 9 6 8 8 7 7 6 6 6 6 4
2 2 2 2 3 3 4 4 4 5 5 4 4 5 5 4 5 5 5 5 6 6 6 7 7 6 7 7 7 7 6 6 7 7 7 7 6 7 7 6 8 8 7 9 7 9 6 9 7 6 8 9 9 6 8 6 7 7 6 6 6 6 4
2 2 2 2 3 3 4 4 4 5 5 4 4 5 5 4 5 5 5 5 6 6 6 7 7 6 7 7 7 7 6 6 7 7 7 7 6 7 7 6 8 8 7 9 7 9 6 9 7 6 8 9 9 6 8 8 7 7 6 6 6 6 4
2 2 2 2 3 3 4 4 4 5 5 4 4 5 5 4 5 5 5 5 6 6 6 7 7 6 7 7 7 7 6 6 7 7 7 7 6 7 7 6 8 8 7 9 7 9 6 9 9 6 8 9 9 6 8 6 7 7 6 6 6 6 4
2 2 2 2 3 3 4 4 4 5 5 4 4 5 5 4 5 5 5 5 6 6 6 7 7 6 7 7 7 7 6 6 7 7 7 7 6 7 7 6 8 8 7 9 7 9 6 9 9 6 8 9 9 6 8 8 7 7 6 6 6 6 4
2 2 2 2 3 3 4 4 4 5 5 4 4 5 5 4 5 5 5 5 6 6 6 7 7 6 7 7 7 7 6 6 7 7 7 7 6 7 7 6 8 8 7 9 9 7 6 9 7 6 8 9 9 6 8 8 7 7 6 6 6 6 4
2 2 2 2 3 3 4 4 4 5 5 4 4 5 5 4 5 5 5 5 6 6 6 7 7 6 7 7 7 7 6 6 7 7 7 7 6 7 7 6 8 8 7 9 9 7 6 9 9 6 6 9 9 6 8 8 7 7 6 6 6 6 4
2 2 2 2 3 3 4 4 4 5 5 4 4 5 5 4 5 5 5 5 6 6 6 7 7 6 7 7 7 7 6 6 7 7 7 7 6 7 7 6 8 8 7 9 9 7 6 9 9 6 8 9 9 6 8 6 7 7 6 6 6 6 4
2 2 2 2 3 3 4 4 4 5 5 4 4 5 5 4 5 5 5 5 6 6 6 7 7 6 7 7 7 7 6 6 7 7 7 7 6 7 7 6 8 8 7 9 9 7 6 9 9 6 8 9 9 6 8 8 7 7 6 6 6 6 4
2 2 2 2 3 3 4 4 4 5 5 4 4 5 5 4 5 5 5 5 6 6 6 7 7 6 7 7 7 7 6 6 7 7 7 7 6 7 7 6 8 8 7 9 9 9 6 9 9 6 6 9 9 6 8 8 7 7 6 6 6 6 4
2 2 2 2 3 3 4 4 4 5 5 4 4 5 5 4 5 5 5 5 6 6 6 7 7 6 7 7 7 7 6 6 7 7 7 7 6 7 7 6 8 8 7 9 9 9 6 9 9 6 8 9 9 6 8 8 7 7 6 6 6 6 4
2 2 2 2 3 3 4 4 4 5 5 4 4 5 5 4 5 5 5 5 6 6 6 7 7 6 7 7 7 7 6 6 7 7 7 7 6 7 7 6 8 8 9 9 7 9 6 7 9 6 8 9 7 6 6 8 7 7 6 6 6 6 4
2 2 2 2 3 3 4 4 4 5 5 4 4 5 5 4 5 5 5 5 6 6 6 7 7 6 7 7 7 7 6 6 7 7 7 7 6 7 7 6 8 8 9 9 9 9 6 9 9 6 8 9 9 6 8 8 7 7 6 6 6 6 4
2 2 2 2 3 3 4 4 4 5 5 4 4 5 5 4 5 5 5 5 6 6 6 7 7 6 7 7 7 7 6 6 7 7 7 7 6 7 7 8 8 6 7 7 9 9 6 7 9 8 8 9 9 8 8 8 7 7 6 6 6 6 4
2 2 2 2 3 3 4 4 4 5 5 4 4 5 5 4 5 5 5 5 6 6 6 7 7 6 7 7 7 7 6 6 7 7 7 7 6 7 7 8 8 6 7 7 9 9 6 9 9 8 8 9 9 8 8 8 7 7 6 6 6 6 4
2 2 2 2 3 3 4 4 4 5 5 4 4 5 5 4 5 5 5 5 6 6 6 7 7 6 7 7 7 7 6 6 7 7 7 7 6 7 7 8 8 6 7 9 7 9 6 7 9 8 8 9 9 8 8 8 7 7 6 6 6 6 4
2 2 2 2 3 3 4 4 4 5 5 4 4 5 5 4 5 5 5 5 6 6 6 7 7 6 7 7 7 7 6 6 7 7 7 7 6 7 7 8 8 6 7 9 7 9 6 9 7 8 8 9 7 8 8 8 7 7 6 6 6 6 4
2 2 2 2 3 3 4 4 4 5 5 4 4 5 5 4 5 5 5 5 6 6 6 7 7 6 7 7 7 7 6 6 7 7 7 7 6 7 7 8 8 6 7 9 7 9 6 9 7 8 8 9 9 8 8 8 7 7 6 6 6 6 4
2 2 2 2 3 3 4 4 4 5 5 4 4 5 5 4 5 5 5 5 6 6 6 7 7 6 7 7 7 7 6 6 7 7 7 7 6 7 7 8 8 6 7 9 7 9 6 9 9 8 8 9 9 8 8 8 7 7 6 6 6 6 4
2 2 2 2 3 3 4 4 4 5 5 4 4 5 5 4 5 5 5 5 6 6 6 7 7 6 7 7 7 7 6 6 7 7 7 7 6 7 7 8 8 6 7 9 9 7 6 7 9 8 6 9 7 6 8 8 7 7 6 6 6 6 4
2 2 2 2 3 3 4 4 4 5 5 4 4 5 5 4 5 5 5 5 6 6 6 7 7 6 7 7 7 7 6 6 7 7 7 7 6 7 7 8 8 6 7 9 9 9 6 7 9 8 8 7 9 8 8 8 7 7 6 6 6 6 4
2 2 2 2 3 3 4 4 4 5 5 4 4 5 5 4 5 5 5 5 6 6 6 7 7 6 7 7 7 7 6 6 7 7 7 7 6 7 7 8 8 6 7 9 9 9 6 7 9 8 8 9 7 8 8 8 7 7 6 6 6 6 4
2 2 2 2 3 3 4 4 4 5 5 4 4 5 5 4 5 5 5 5 6 6 6 7 7 6 7 7 7 7 6 6 7 7 7 7 6 7 7 8 8 6 7 9 9 9 6 9 7 6 8 9 7 8 8 8 7 7 6 6 6 6 4
2 2 2 2 3 3 4 4 4 5 5 4 4 5 5 4 5 5 5 5 6 6 6 7 7 6 7 7 7 7 6 6 7 7 7 7 6 7 7 8 8 6 7 9 9 9 6 9 7 8 8 9 7 8 8 8 7 7 6 6 6 6 4
2 2 2 2 3 3 4 4 4 5 5 4 4 5 5 4 5 5 5 5 6 6 6 7 7 6 7 7 7 7 6 6 7 7 7 7 6 7 7 8 8 6 9 9 9 9 6 7 9 6 6 7 9 8 8 8 7 7 6 6 6 6 4
2 2 2 2 3 3 4 4 4 5 5 4 4 5 5 4 5 5 5 5 6 6 6 7 7 6 7 7 7 7 6 6 7 7 7 7 6 7 7 8 8 6 9 9 9 9 6 7 9 6 6 9 7 8 8 8 7 7 6 6 6 6 4
2 2 2 2 3 3 4 4 4 5 5 4 4 5 5 4 5 5 5 5 6 6 6 7 7 6 7 7 7 7 6 6 7 7 7 7 6 7 7 8 8 6 9 9 9 9 6 7 9 6 6 9 9 8 8 8 7 7 6 6 6 6 4
2 2 2 2 3 3 4 4 4 5 5 4 4 5 5 4 5 5 5 5 6 6 6 7 7 6 7 7 7 7 6 6 7 7 7 7 6 7 7 8 8 6 9 9 9 9 6 7 9 6 8 7 9 8 8 8 7 7 6 6 6 6 4
2 2 2 2 3 3 4 4 4 5 5 4 4 5 5 4 5 5 5 5 6 6 6 7 7 6 7 7 7 7 6 6 7 7 7 7 6 7 7 8 8 6 9 9 9 9 6 7 9 6 8 9 7 8 8 8 7 7 6 6 6 6 4
2 2 2 2 3 3 4 4 4 5 5 4 4 5 5 4 5 5 5 5 6 6 6 7 7 6 7 7 7 7 6 6 7 7 7 7 6 7 7 8 8 6 9 9 9 9 6 7 9 8 8 7 9 8 8 8 7 7 6 6 6 6 4
2 2 2 2 3 3 4 4 4 5 5 4 4 5 5 4 5 5 5 5 6 6 6 7 7 6 7 7 7 7 6 6 7 7 7 7 6 7 7 8 8 6 9 9 9 9 6 7 9 8 8 9 7 8 8 8 7 7 6 6 6 6 4
2 2 2 2 3 3 4 4 4 5 5 4 4 5 5 4 5 5 5 5 6 6 6 7 7 6 7 7 7 7 6 6 7 7 7 7 6 7 7 8 8 8 7 7 7 9 6 7 9 6 6 9 9 8 8 8 7 7 6 6 6 6 4
2 2 2 2 3 3 4 4 4 5 5 4 4 5 5 4 5 5 5 5 6 6 6 7 7 6 7 7 7 7 6 6 7 7 7 7 6 7 7 8 8 8 7 7 7 9 6 9 7 6 8 9 9 8 8 8 7 7 6 6 6 6 4
2 2 2 2 3 3 4 4 4 5 5 4 4 5 5 4 5 5 5 5 6 6 6 7 7 6 7 7 7 7 6 6 7 7 7 7 6 7 7 8 8 8 7 7 7 9 6 9 9 6 8 9 9 8 8 8 7 7 6 6 6 6 4
2 2 2 2 3 3 4 4 4 5 5 4 4 5 5 4 5 5 5 5 6 6 6 7 7 6 7 7 7 7 6 6 7 7 7 7 6 7 7 8 8 8 7 7 9 9 6 7 9 6 8 9 9 8 8 8 7 7 6 6 6 6 4
2 2 2 2 3 3 4 4 4 5 5 4 4 5 5 4 5 5 5 5 6 6 6 7 7 6 7 7 7 7 6 6 7 7 7 7 6 7 7 8 8 8 7 7 9 9 6 7 9 8 8 9 9 6 8 8 7 7 6 6 6 6 4
2 2 2 2 3 3 4 4 4 5 5 4 4 5 5 4 5 5 5 5 6 6 6 7 7 6 7 7 7 7 6 6 7 7 7 7 6 7 7 8 8 8 7 7 9 9 6 9 9 6 8 9 9 8 8 8 7 7 6 6 6 6 4
2 2 2 2 3 3 4 4 4 5 5 4 4 5 5 4 5 5 5 5 6 6 6 7 7 6 7 7 7 7 6 6 7 7 7 7 6 7 7 8 8 8 7 9 7 9 6 7 7 6 6 7 9 8 8 8 7 7 6 6 6 6 4
2 2 2 2 3 3 4 4 4 5 5 4 4 5 5 4 5 5 5 5 6 6 6 7 7 6 7 7 7 7 6 6 7 7 7 7 6 7 7 8 8 8 7 9 7 9 6 7 7 6 6 9 9 8 8 8 7 7 6 6 6 6 4
2 2 2 2 3 3 4 4 4 5 5 4 4 5 5 4 5 5 5 5 6 6 6 7 7 6 7 7 7 7 6 6 7 7 7 7 6 7 7 8 8 8 7 9 7 9 6 7 9 6 6 9 9 8 8 8 7 7 6 6 6 6 4
2 2 2 2 3 3 4 4 4 5 5 4 4 5 5 4 5 5 5 5 6 6 6 7 7 6 7 7 7 7 6 6 7 7 7 7 6 7 7 8 8 8 7 9 7 9 6 7 9 8 8 9 9 8 8 8 7 7 6 6 6 6 4
2 2 2 2 3 3 4 4 4 5 5 4 4 5 5 4 5 5 5 5 6 6 6 7 7 6 7 7 7 7 6 6 7 7 7 7 6 7 7 8 8 8 7 9 7 9 6 9 7 6 8 9 9 8 8 8 7 7 6 6 6 6 4
2 2 2 2 3 3 4 4 4 5 5 4 4 5 5 4 5 5 5 5 6 6 6 7 7 6 7 7 7 7 6 6 7 7 7 7 6 7 7 8 8 8 7 9 7 9 6 9 9 6 8 9 9 8 8 8 7 7 6 6 6 6 4
2 2 2 2 3 3 4 4 4 5 5 4 4 5 5 4 5 5 5 5 6 6 6 7 7 6 7 7 7 7 6 6 7 7 7 7 6 7 7 8 8 8 7 9 7 9 6 9 9 8 8 9 9 8 8 8 7 7 6 6 6 6 4
2 2 2 2 3 3 4 4 4 5 5 4 4 5 5 4 5 5 5 5 6 6 6 7 7 6 7 7 7 7 6 6 7 7 7 7 6 7 7 8 8 8 7 9 9 7 6 7 7 6 8 7 9 8 8 8 7 7 6 6 6 6 4
2 2 2 2 3 3 4 4 4 5 5 4 4 5 5 4 5 5 5 5 6 6 6 7 7 6 7 7 7 7 6 6 7 7 7 7 6 7 7 8 8 8 7 9 9 7 6 7 9 6 8 9 9 8 6 8 7 7 6 6 6 6 4
2 2 2 2 3 3 4 4 4 5 5 4 4 5 5 4 5 5 5 5 6 6 6 7 7 6 7 7 7 7 6 6 7 7 7 7 6 7 7 8 8 8 7 9 9 9 6 7 7 6 8 7 7 8 6 8 7 7 6 6 6 6 4
2 2 2 2 3 3 4 4 4 5 5 4 4 5 5 4 5 5 5 5 6 6 6 7 7 6 7 7 7 7 6 6 7 7 7 7 6 7 7 8 8 8 7 9 9 9 6 7 7 6 8 7 7 8 8 8 7 7 6 6 6 6 4
2 2 2 2 3 3 4 4 4 5 5 4 4 5 5 4 5 5 5 5 6 6 6 7 7 6 7 7 7 7 6 6 7 7 7 7 6 7 7 8 8 8 7 9 9 9 6 7 9 6 8 7 9 8 8 8 7 7 6 6 6 6 4
2 2 2 2 3 3 4 4 4 5 5 4 4 5 5 4 5 5 5 5 6 6 6 7 7 6 7 7 7 7 6 6 7 7 7 7 6 7 7 8 8 8 7 9 9 9 6 7 9 6 8 9 9 8 8 8 7 7 6 6 6 6 4
2 2 2 2 3 3 4 4 4 5 5 4 4 5 5 4 5 5 5 5 6 6 6 7 7 6 7 7 7 7 6 6 7 7 7 7 6 7 7 8 8 8 7 9 9 9 6 9 7 6 8 9 7 8 8 8 7 7 6 6 6 6 4
2 2 2 2 3 3 4 4 4 5 5 4 4 5 5 4 5 5 5 5 6 6 6 7 7 6 7 7 7 7 6 6 7 7 7 7 6 7 7 8 8 8 7 9 9 9 6 9 7 8 6 9 9 6 8 8 7 7 6 6 6 6 4
2 2 2 2 3 3 4 4 4 5 5 4 4 5 5 4 5 5 5 5 6 6 6 7 7 6 7 7 7 7 6 6 7 7 7 7 6 7 7 8 8 8 7 9 9 9 6 9 9 6 8 9 9 8 8 8 7 7 6 6 6 6 4
2 2 2 2 3 3 4 4 4 5 5 4 4 5 5 4 5 5 5 5 6 6 6 7 7 6 7 7 7 7 6 6 7 7 7 7 8 7 7 8 8 6 7 7 7 7 8 9 9 8 8 9 9 8 8 8 7 7 6 6 6 6 4
2 2 2 2 3 3 4 4 4 5 5 4 4 5 5 4 5 5 5 5 6 6 6 7 7 6 7 7 7 7 6 6 7 7 7 7 8 7 7 8 8 6 7 7 7 9 8 7 9 8 6 9 9 8 8 8 7 7 6 6 6 6 4
2 2 2 2 3 3 4 4 4 5 5 4 4 5 5 4 5 5 5 5 6 6 6 7 7 6 7 7 7 7 6 6 7 7 7 7 8 7 7 8 8 6 7 7 7 9 8 7 9 8 8 9 7 8 8 8 7 7 6 6 6 6 4
2 2 2 2 3 3 4 4 4 5 5 4 4 5 5 4 5 5 5 5 6 6 6 7 7 6 7 7 7 7 6 6 7 7 7 7 8 7 7 8 8 6 7 7 7 9 8 7 9 8 8 9 9 8 8 8 7 7 6 6 6 6 4
2 2 2 2 3 3 4 4 4 5 5 4 4 5 5 4 5 5 5 5 6 6 6 7 7 6 7 7 7 7 6 6 7 7 7 7 8 7 7 8 8 6 7 7 7 9 8 9 9 8 6 7 9 8 8 8 7 7 6 6 6 6 4
2 2 2 2 3 3 4 4 4 5 5 4 4 5 5 4 5 5 5 5 6 6 6 7 7 6 7 7 7 7 6 6 7 7 7 7 8 7 7 8 8 6 7 7 7 9 8 9 9 8 8 7 9 8 8 8 7 7 6 6 6 6 4
2 2 2 2 3 3 4 4 4 5 5 4 4 5 5 4 5 5 5 5 6 6 6 7 7 6 7 7 7 7 6 6 7 7 7 7 8 7 7 8 8 6 7 7 7 9 8 9 9 8 8 9 7 8 8 8 7 7 6 6 6 6 4
2 2 2 2 3 3 4 4 4 5 5 4 4 5 5 4 5 5 5 5 6 6 6 7 7 6 7 7 7 7 6 6 7 7 7 7 8 7 7 8 8 6 7 7 9 9 6 9 9 6 8 7 9 8 8 8 7 7 6 6 6 6 4
2 2 2 2 3 3 4 4 4 5 5 4 4 5 5 4 5 5 5 5 6 6 6 7 7 6 7 7 7 7 6 6 7 7 7 7 8 7 7 8 8 6 7 7 9 9 6 9 9 6 8 9 9 8 8 8 7 7 6 6 6 6 4
2 2 2 2 3 3 4 4 4 5 5 4 4 5 5 4 5 5 5 5 6 6 6 7 7 6 7 7 7 7 6 6 7 7 7 7 8 7 7 8 8 6 7 7 9 9 6 9 9 8 8 7 9 8 8 8 7 7 6 6 6 6 4
2 2 2 2 3 3 4 4 4 5 5 4 4 5 5 4 5 5 5 5 6 6 6 7 7 6 7 7 7 7 6 6 7 7 7 7 8 7 7 8 8 6 7 7 9 9 8 9 9 8 8 7 9 8 6 8 7 7 6 6 6 6 4
2 2 2 2 3 3 4 4 4 5 5 4 4 5 5 4 5 5 5 5 6 6 6 7 7 6 7 7 7 7 6 6 7 7 7 7 8 7 7 8 8 6 7 7 9 9 8 9 9 8 8 7 9 8 8 8 7 7 6 6 6 6 4
2 2 2 2 3 3 4 4 4 5 5 4 4 5 5 4 5 5 5 5 6 6 6 7 7 6 7 7 7 7 6 6 7 7 7 7 8 7 7 8 8 6 7 9 7 9 6 7 9 6 6 9 9 8 8 8 7 7 6 6 6 6 4
2 2 2 2 3 3 4 4 4 5 5 4 4 5 5 4 5 5 5 5 6 6 6 7 7 6 7 7 7 7 6 6 7 7 7 7 8 7 7 8 8 6 7 9 7 9 6 7 9 8 8 7 9 8 8 8 7 7 6 6 6 6 4
2 2 2 2 3 3 4 4 4 5 5 4 4 5 5 4 5 5 5 5 6 6 6 7 7 6 7 7 7 7 6 6 7 7 7 7 8 7 7 8 8 6 7 9 7 9 6 7 9 8 8 9 7 8 8 8 7 7 6 6 6 6 4
2 2 2 2 3 3 4 4 4 5 5 4 4 5 5 4 5 5 5 5 6 6 6 7 7 6 7 7 7 7 6 6 7 7 7 7 8 7 7 8 8 6 7 9 7 9 6 9 9 8 8 7 9 8 8 8 7 7 6 6 6 6 4
2 2 2 2 3 3 4 4 4 5 5 4 4 5 5 4 5 5 5 5 6 6 6 7 7 6 7 7 7 7 6 6 7 7 7 7 8 7 7 8 8 6 7 9 7 9 6 9 9 8 8 9 7 8 8 8 7 7 6 6 6 6 4
2 2 2 2 3 3 4 4 4 5 5 4 4 5 5 4 5 5 5 5 6 6 6 7 7 6 7 7 7 7 6 6 7 7 7 7 8 7 7 8 8 6 7 9 7 9 6 9 9 8 8 9 9 8 8 8 7 7 6 6 6 6 4
2 2 2 2 3 3 4 4 4 5 5 4 4 5 5 4 5 5 5 5 6 6 6 7 7 6 7 7 7 7 6 6 7 7 7 7 8 7 7 8 8 6 7 9 7 9 8 9 7 8 8 7 9 8 8 8 7 7 6 6 6 6 4
2 2 2 2 3 3 4 4 4 5 5 4 4 5 5 4 5 5 5 5 6 6 6 7 7 6 7 7 7 7 6 6 7 7 7 7 8 7 7 8 8 6 7 9 7 9 8 9 9 6 8 7 9 8 8 8 7 7 6 6 6 6 4
2 2 2 2 3 3 4 4 4 5 5 4 4 5 5 4 5 5 5 5 6 6 6 7 7 6 7 7 7 7 6 6 7 7 7 7 8 7 7 8 8 6 7 9 7 9 8 9 9 8 8 7 9 8 8 6 7 7 6 6 6 6 4
2 2 2 2 3 3 4 4 4 5 5 4 4 5 5 4 5 5 5 5 6 6 6 7 7 6 7 7 7 7 6 6 7 7 7 7 8 7 7 8 8 6 7 9 7 9 8 9 9 8 8 7 9 8 8 8 7 7 6 6 6 6 4
2 2 2 2 3 3 4 4 4 5 5 4 4 5 5 4 5 5 5 5 6 6 6 7 7 6 7 7 7 7 6 6 7 7 7 7 8 7 7 8 8 6 7 9 7 9 8 9 9 8 8 9 7 8 8 8 7 7 6 6 6 6 4
2 2 2 2 3 3 4 4 4 5 5 4 4 5 5 4 5 5 5 5 6 6 6 7 7 6 7 7 7 7 6 6 7 7 7 7 8 7 7 8 8 6 7 9 9 7 8 9 9 6 8 7 9 8 8 8 7 7 6 6 6 6 4
2 2 2 2 3 3 4 4 4 5 5 4 4 5 5 4 5 5 5 5 6 6 6 7 7 6 7 7 7 7 6 6 7 7 7 7 8 7 7 8 8 6 7 9 9 9 8 9 9 8 8 7 9 8 8 8 7 7 6 6 6 6 4
2 2 2 2 3 3 4 4 4 5 5 4 4 5 5 4 5 5 5 5 6 6 6 7 7 6 7 7 7 7 6 6 7 7 7 7 8 7 7 8 8 8 7 7 7 9 6 7 9 6 6 9 9 8 8 8 7 7 6 6 6 6 4
2 2 2 2 3 3 4 4 4 5 5 4 4 5 5 4 5 5 5 5 6 6 6 7 7 6 7 7 7 7 6 6 7 7 7 7 8 7 7 8 8 8 7 7 7 9 6 9 7 8 8 9 7 8 8 8 7 7 6 6 6 6 4
2 2 2 2 3 3 4 4 4 5 5 4 4 5 5 4 5 5 5 5 6 6 6 7 7 6 7 7 7 7 6 6 7 7 7 7 8 7 7 8 8 8 7 7 7 9 6 9 9 6 8 7 9 8 8 8 7 7 6 6 6 6 4
2 2 2 2 3 3 4 4 4 5 5 4 4 5 5 4 5 5 5 5 6 6 6 7 7 6 7 7 7 7 6 6 7 7 7 7 8 7 7 8 8 8 7 7 7 9 6 9 9 8 8 7 9 8 8 8 7 7 6 6 6 6 4
2 2 2 2 3 3 4 4 4 5 5 4 4 5 5 4 5 5 5 5 6 6 6 7 7 6 7 7 7 7 6 6 7 7 7 7 8 7 7 8 8 8 7 7 7 9 6 9 9 8 8 9 7 8 8 8 7 7 6 6 6 6 4
2 2 2 2 3 3 4 4 4 5 5 4 4 5 5 4 5 5 5 5 6 6 6 7 7 6 7 7 7 7 6 6 7 7 7 7 8 7 7 8 8 8 7 7 7 9 6 9 9 8 8 9 9 8 8 8 7 7 6 6 6 6 4
2 2 2 2 3 3 4 4 4 5 5 4 4 5 5 4 5 5 5 5 6 6 6 7 7 6 7 7 7 7 6 6 7 7 7 7 8 7 7 8 8 8 7 7 7 9 8 9 9 8 8 7 7 6 8 8 7 7 6 6 6 6 4
2 2 2 2 3 3 4 4 4 5 5 4 4 5 5 4 5 5 5 5 6 6 6 7 7 6 7 7 7 7 6 6 7 7 7 7 8 7 7 8 8 8 7 7 9 9 8 9 9 8 8 7 9 6 8 8 7 7 6 6 6 6 4
2 2 2 2 3 3 4 4 4 5 5 4 4 5 5 4 5 5 5 5 6 6 6 7 7 6 7 7 7 7 6 6 7 7 7 7 8 7 7 8 8 8 7 9 7 9 6 7 9 6 6 9 9 8 8 8 7 7 6 6 6 6 4
2 2 2 2 3 3 4 4 4 5 5 4 4 5 5 4 5 5 5 5 6 6 6 7 7 6 7 7 7 7 6 6 7 7 7 7 8 7 7 8 8 8 7 9 7 9 6 7 9 8 8 7 7 8 8 6 7 7 6 6 6 6 4
2 2 2 2 3 3 4 4 4 5 5 4 4 5 5 4 5 5 5 5 6 6 6 7 7 6 7 7 7 7 6 6 7 7 7 7 8 7 7 8 8 8 7 9 7 9 6 7 9 8 8 9 9 8 8 8 7 7 6 6 6 6 4
2 2 2 2 3 3 4 4 4 5 5 4 4 5 5 4 5 5 5 5 6 6 6 7 7 6 7 7 7 7 6 6 7 7 7 7 8 7 7 8 8 8 7 9 7 9 6 9 7 6 8 9 9 8 8 8 7 7 6 6 6 6 4
2 2 2 2 3 3 4 4 4 5 5 4 4 5 5 4 5 5 5 5 6 6 6 7 7 6 7 7 7 7 6 6 7 7 7 7 8 7 7 8 8 8 7 9 7 9 6 9 7 8 8 9 7 8 8 6 7 7 6 6 6 6 4
2 2 2 2 3 3 4 4 4 5 5 4 4 5 5 4 5 5 5 5 6 6 6 7 7 6 7 7 7 7 6 6 7 7 7 7 8 7 7 8 8 8 7 9 7 9 6 9 9 6 8 7 9 8 8 8 7 7 6 6 6 6 4
2 2 2 2 3 3 4 4 4 5 5 4 4 5 5 4 5 5 5 5 6 6 6 7 7 6 7 7 7 7 6 6 7 7 7 7 8 7 7 8 8 8 7 9 7 9 6 9 9 6 8 9 9 8 8 8 7 7 6 6 6 6 4
2 2 2 2 3 3 4 4 4 5 5 4 4 5 5 4 5 5 5 5 6 6 6 7 7 6 7 7 7 7 6 6 7 7 7 7 8 7 7 8 8 8 7 9 7 9 6 9 9 8 8 7 9 8 8 6 7 7 6 6 6 6 4
2 2 2 2 3 3 4 4 4 5 5 4 4 5 5 4 5 5 5 5 6 6 6 7 7 6 7 7 7 7 6 6 7 7 7 7 8 7 7 8 8 8 7 9 7 9 6 9 9 8 8 7 9 8 8 8 7 7 6 6 6 6 4
2 2 2 2 3 3 4 4 4 5 5 4 4 5 5 4 5 5 5 5 6 6 6 7 7 6 7 7 7 7 6 6 7 7 7 7 8 7 7 8 8 8 7 9 7 9 6 9 9 8 8 9 5 8 8 8 7 7 6 6 6 6 4
2 2 2 2 3 3 4 4 4 5 5 4 4 5 5 4 5 5 5 5 6 6 6 7 7 6 7 7 7 7 6 6 7 7 7 7 8 7 7 8 8 8 7 9 7 9 6 9 9 8 8 9 9 8 8 8 7 7 6 6 6 6 4
2 2 2 2 3 3 4 4 4 5 5 4 4 5 5 4 5 5 5 5 6 6 6 7 7 6 7 7 7 7 6 6 7 7 7 7 8 7 7 8 8 8 7 9 7 9 8 7 9 8 8 7 7 6 8 8 7 7 6 6 6 6 4
2 2 2 2 3 3 4 4 4 5 5 4 4 5 5 4 5 5 5 5 6 6 6 7 7 6 7 7 7 7 6 6 7 7 7 7 8 7 7 8 8 8 7 9 7 9 8 9 7 6 8 7 9 8 8 8 7 7 6 6 6 6 4
2 2 2 2 3 3 4 4 4 5 5 4 4 5 5 4 5 5 5 5 6 6 6 7 7 6 7 7 7 7 6 6 7 7 7 7 8 7 7 8 8 8 7 9 7 9 8 9 7 8 8 7 7 6 8 8 7 7 6 6 6 6 4
2 2 2 2 3 3 4 4 4 5 5 4 4 5 5 4 5 5 5 5 6 6 6 7 7 6 7 7 7 7 6 6 7 7 7 7 8 7 7 8 8 8 7 9 7 9 8 9 7 8 8 7 7 8 8 6 7 7 6 6 6 6 4
2 2 2 2 3 3 4 4 4 5 5 4 4 5 5 4 5 5 5 5 6 6 6 7 7 6 7 7 7 7 6 6 7 7 7 7 8 7 7 8 8 8 7 9 7 9 8 9 7 8 8 7 9 8 8 6 7 7 6 6 6 6 4
2 2 2 2 3 3 4 4 4 5 5 4 4 5 5 4 5 5 5 5 6 6 6 7 7 6 7 7 7 7 6 6 7 7 7 7 8 7 7 8 8 8 7 9 7 9 8 9 9 6 8 7 7 8 6 8 7 7 6 6 6 6 4
2 2 2 2 3 3 4 4 4 5 5 4 4 5 5 4 5 5 5 5 6 6 6 7 7 6 7 7 7 7 6 6 7 7 7 7 8 7 7 8 8 8 7 9 7 9 8 9 9 6 8 7 9 8 8 8 7 7 6 6 6 6 4
2 2 2 2 3 3 4 4 4 5 5 4 4 5 5 4 5 5 5 5 6 6 6 7 7 6 7 7 7 7 6 6 7 7 7 7 8 7 7 8 8 8 7 9 7 9 8 9 9 8 8 7 7 6 8 8 7 7 6 6 6 6 4
2 2 2 2 3 3 4 4 4 5 5 4 4 5 5 4 5 5 5 5 6 6 6 7 7 6 7 7 7 7 6 6 7 7 7 7 8 7 7 8 8 8 7 9 7 9 8 9 9 8 8 7 9 6 8 8 7 7 6 6 6 6 4
2 2 2 2 3 3 4 4 4 5 5 4 4 5 5 4 5 5 5 5 6 6 6 7 7 6 7 7 7 7 6 6 7 7 7 7 8 7 7 8 8 8 7 9 9 7 6 9 9 6 8 7 9 8 8 8 7 7 6 6 6 6 4
2 2 2 2 3 3 4 4 4 5 5 4 4 5 5 4 5 5 5 5 6 6 6 7 7 6 7 7 7 7 6 6 7 7 7 7 8 7 7 8 8 8 7 9 9 7 6 9 9 6 8 9 9 8 8 8 7 7 6 6 6 6 4
2 2 2 2 3 3 4 4 4 5 5 4 4 5 5 4 5 5 5 5 6 6 6 7 7 6 7 7 7 7 6 6 7 7 7 7 8 7 7 8 8 8 7 9 9 7 8 9 9 6 6 7 9 8 8 8 7 7 6 6 6 6 4
2 2 2 2 3 3 4 4 4 5 5 4 4 5 5 4 5 5 5 5 6 6 6 7 7 6 7 7 7 7 6 6 7 7 7 7 8 7 7 8 8 8 7 9 9 7 8 9 9 6 6 9 9 8 8 8 7 7 6 6 6 6 4
2 2 2 2 3 3 4 4 4 5 5 4 4 5 5 4 5 5 5 5 6 6 6 7 7 6 7 7 7 7 6 6 7 7 7 7 8 7 7 8 8 8 7 9 9 7 8 9 9 6 8 7 7 8 6 8 7 7 6 6 6 6 4
2 2 2 2 3 3 4 4 4 5 5 4 4 5 5 4 5 5 5 5 6 6 6 7 7 6 7 7 7 7 6 6 7 7 7 7 8 7 7 8 8 8 7 9 9 7 8 9 9 6 8 7 9 8 6 8 7 7 6 6 6 6 4
2 2 2 2 3 3 4 4 4 5 5 4 4 5 5 4 5 5 5 5 6 6 6 7 7 6 7 7 7 7 6 6 7 7 7 7 8 7 7 8 8 8 7 9 9 9 6 9 9 6 8 7 9 8 8 8 7 7 6 6 6 6 4
2 2 2 2 3 3 4 4 4 5 5 4 4 5 5 4 5 5 5 5 6 6 6 7 7 6 7 7 7 7 6 6 7 7 7 7 8 7 7 8 8 8 7 9 9 9 6 9 9 6 8 9 9 8 8 8 7 7 6 6 6 6 4
2 2 2 2 3 3 4 4 4 5 5 4 4 5 5 4 5 5 5 5 6 6 6 7 7 6 7 7 7 7 6 6 7 7 7 7 8 7 7 8 8 8 7 9 9 9 6 9 9 8 6 7 9 8 8 8 7 7 6 6 6 6 4
2 2 2 2 3 3 4 4 4 5 5 4 4 5 5 4 5 5 5 5 6 6 6 7 7 6 7 7 7 7 6 6 7 7 7 7 8 7 7 8 8 8 7 9 9 9 6 9 9 8 6 9 9 8 8 8 7 7 6 6 6 6 4
2 2 2 2 3 3 4 4 4 5 5 4 4 5 5 4 5 5 5 5 6 6 6 7 7 6 7 7 7 7 6 6 7 7 7 7 8 7 7 8 8 8 7 9 9 9 8 9 9 8 6 7 9 6 8 8 7 7 6 6 6 6 4
2 2 2 2 3 3 4 4 4 5 5 4 4 5 5 4 5 5 5 5 6 6 6 7 7 6 7 7 7 7 6 6 7 7 7 7 8 7 7 8 8 8 7 9 9 9 8 9 9 8 8 7 9 6 8 8 7 7 6 6 6 6 4
2 2 2 2 3 3 4 4 4 5 5 4 4 5 5 4 5 5 5 5 6 6 6 7 7 6 7 7 7 7 6 6 7 7 7 7 8 7 7 8 8 8 9 9 9 9 6 9 9 6 6 5 9 8 8 8 7 7 6 6 6 6 4
2 2 2 2 3 3 4 4 4 5 5 4 4 5 5 4 5 5 5 5 6 6 6 7 7 6 7 7 7 7 6 6 7 7 7 7 8 7 7 8 8 8 9 9 9 9 6 9 9 6 8 9 9 8 8 8 7 7 6 6 6 6 4
2 2 2 2 3 3 4 4 4 5 5 4 4 5 5 4 5 5 5 5 6 6 6 7 7 6 7 7 7 7 8 6 7 7 7 7 8 7 7 8 8 6 7 7 7 9 8 7 9 8 6 9 9 8 8 8 7 7 6 6 6 6 4
2 2 2 2 3 3 4 4 4 5 5 4 4 5 5 4 5 5 5 5 6 6 6 7 7 6 7 7 7 7 8 6 7 7 7 7 8 7 7 8 8 6 7 7 7 9 8 7 9 8 8 9 9 8 6 8 7 7 6 6 6 6 4
2 2 2 2 3 3 4 4 4 5 5 4 4 5 5 4 5 5 5 5 6 6 6 7 7 6 7 7 7 7 8 6 7 7 7 7 8 7 7 8 8 6 7 9 7 9 6 7 9 8 8 9 9 8 8 8 7 7 6 6 6 6 4
2 2 2 2 3 3 4 4 4 5 5 4 4 5 5 4 5 5 5 5 6 6 6 7 7 6 7 7 7 7 8 6 7 7 7 7 8 7 7 8 8 6 7 9 7 9 6 9 9 8 8 9 9 8 8 8 7 7 6 6 6 6 4
2 2 2 2 3 3 4 4 4 5 5 4 4 5 5 4 5 5 5 5 6 6 6 7 7 6 7 7 7 7 8 6 7 7 7 7 8 7 7 8 8 6 7 9 7 9 8 7 9 8 8 9 9 6 8 8 7 7 6 6 6 6 4
2 2 2 2 3 3 4 4 4 5 5 4 4 5 5 4 5 5 5 5 6 6 6 7 7 6 7 7 7 7 8 6 7 7 7 7 8 7 7 8 8 6 7 9 7 9 8 9 9 6 8 9 9 8 8 8 7 7 6 6 6 6 4
2 2 2 2 3 3 4 4 4 5 5 4 4 5 5 4 5 5 5 5 6 6 6 7 7 6 7 7 7 7 8 6 7 7 7 7 8 7 7 8 8 8 7 7 7 7 8 7 9 6 8 9 9 8 8 8 7 7 6 6 6 6 4
2 2 2 2 3 3 4 4 4 5 5 4 4 5 5 4 5 5 5 5 6 6 6 7 7 6 7 7 7 7 8 6 7 7 7 7 8 7 7 8 8 8 7 7 7 9 6 7 9 8 8 9 7 8 8 8 7 7 6 6 6 6 4
2 2 2 2 3 3 4 4 4 5 5 4 4 5 5 4 5 5 5 5 6 6 6 7 7 6 7 7 7 7 8 6 7 7 7 7 8 7 7 8 8 8 7 7 7 9 6 7 9 8 8 9 9 8 8 8 7 7 6 6 6 6 4
2 2 2 2 3 3 4 4 4 5 5 4 4 5 5 4 5 5 5 5 6 6 6 7 7 6 7 7 7 7 8 6 7 7 7 7 8 7 7 8 8 8 7 7 7 9 6 9 7 8 8 9 7 8 8 6 7 7 6 6 6 6 4
2 2 2 2 3 3 4 4 4 5 5 4 4 5 5 4 5 5 5 5 6 6 6 7 7 6 7 7 7 7 8 6 7 7 7 7 8 7 7 8 8 8 7 7 7 9 6 9 9 8 8 9 9 8 8 6 7 7 6 6 6 6 4
2 2 2 2 3 3 4 4 4 5 5 4 4 5 5 4 5 5 5 5 6 6 6 7 7 6 7 7 7 7 8 6 7 7 7 7 8 7 7 8 8 8 7 7 7 9 8 7 9 8 6 9 9 6 8 8 7 7 6 6 6 6 4
2 2 2 2 3 3 4 4 4 5 5 4 4 5 5 4 5 5 5 5 6 6 6 7 7 6 7 7 7 7 8 6 7 7 7 7 8 7 7 8 8 8 7 7 7 9 8 9 9 6 8 9 9 8 6 8 7 7 6 6 6 6 4
2 2 2 2 3 3 4 4 4 5 5 4 4 5 5 4 5 5 5 5 6 6 6 7 7 6 7 7 7 7 8 6 7 7 7 7 8 7 7 8 8 8 7 7 9 9 8 9 9 8 10 9 9 10 10 10 9 9 8 8 8 8 6
2 2 2 2 3 3 4 4 4 5 5 4 4 5 5 4 5 5 5 5 6 6 6 7 7 6 7 7 7 7 8 6 7 7 7 7 8 7 7 8 8 8 7 7 9 9 8 9 9 10 8 9 9 10 10 10 9 9 8 8 8 8 6
2 2 2 2 3 3 4 4 4 5 5 4 4 5 5 4 5 5 5 5 6 6 6 7 7 6 7 7 7 7 8 6 7 7 7 7 8 7 7 8 8 8 7 7 9 9 8 9 9 10 10 9 9 10 10 10 9 9 8 8 8 8 6
2 2 2 2 3 3 4 4 4 5 5 4 4 5 5 4 5 5 5 5 6 6 6 7 7 6 7 7 7 7 8 6 7 7 7 7 8 7 7 8 8 8 7 9 7 9 6 7 9 8 8 9 9 8 8 6 7 7 6 6 6 6 4
2 2 2 2 3 3 4 4 4 5 5 4 4 5 5 4 5 5 5 5 6 6 6 7 7 6 7 7 7 7 8 6 7 7 7 7 8 7 7 8 8 8 7 9 7 9 6 7 9 8 8 9 9 8 8 8 7 7 6 6 6 6 4
2 2 2 2 3 3 4 4 4 5 5 4 4 5 5 4 5 5 5 5 6 6 6 7 7 6 7 7 7 7 8 6 7 7 7 7 8 7 7 8 8 8 7 9 7 9 6 9 7 8 8 9 7 8 8 6 7 7 6 6 6 6 4
2 2 2 2 3 3 4 4 4 5 5 4 4 5 5 4 5 5 5 5 6 6 6 7 7 6 7 7 7 7 8 6 7 7 7 7 8 7 7 8 8 8 7 9 7 9 6 9 7 8 8 9 9 8 8 6 7 7 6 6 6 6 4
2 2 2 2 3 3 4 4 4 5 5 4 4 5 5 4 5 5 5 5 6 6 6 7 7 6 7 7 7 7 8 6 7 7 7 7 8 7 7 8 8 8 7 9 7 9 6 9 9 8 8 9 9 8 8 6 7 7 6 6 6 6 4
2 2 2 2 3 3 4 4 4 5 5 4 4 5 5 4 5 5 5 5 6 6 6 7 7 6 7 7 7 7 8 6 7 7 7 7 8 7 7 8 8 8 7 9 7 9 6 9 9 8 8 9 9 8 8 8 7 7 6 6 6 6 4
2 2 2 2 3 3 4 4 4 5 5 4 4 5 5 4 5 5 5 5 6 6 6 7 7 6 7 7 7 7 8 6 7 7 7 7 8 7 7 8 8 8 7 9 7 9 8 7 9 8 8 9 9 6 8 8 7 7 6 6 6 6 4
2 2 2 2 3 4 4 4 4 5 6 4 4 5 6 4 5 6 5 6 7 6 6 5 6 6 7 8 7 8 7 6 7 8 7 8 9 7 8 9 9 8 7 8 7 8 7 9 10 7 7 9 10 9 9 9 9 8 7 7 7 7 5
2 2 2 2 3 4 4 4 4 5 6 4 4 5 6 4 5 6 5 6 7 6 6 5 8 6 7 6 7 8 9 6 7 8 7 8 9 7 8 9 9 8 7 8 7 10 7 9 8 9 9 9 10 9 9 7 9 8 7 7 7 7 5
2 2 2 2 3 4 4 4 4 5 6 4 4 5 6 4 5 6 5 6 7 6 6 5 8 6 7 8 7 8 7 6 7 8 7 8 7 7 8 7 9 8 7 10 7 10 7 9 8 7 9 9 10 7 9 9 9 8 7 7 7 7 5
2 2 2 2 3 4 4 4 4 5 6 4 4 5 6 4 5 6 5 6 7 6 6 5 8 6 7 8 7 8 7 6 7 8 7 8 7 7 8 7 9 8 7 10 7 10 7 9 10 7 7 9 10 7 9 9 9 8 7 7 7 7 5
2 2 2 2 3 4 4 4 4 5 6 4 4 5 6 4 5 6 5 6 7 6 6 5 8 6 7 8 7 8 7 6 7 8 7 8 7 7 8 7 9 8 7 10 7 10 7 9 10 7 9 9 10 7 9 9 9 8 7 7 7 7 5
2 2 2 2 3 4 4 4 4 5 6 4 4 5 6 4 5 6 5 6 7 6 6 5 8 6 7 8 7 8 7 6 7 8 7 8 7 7 8 9 9 8 7 8 7 10 7 9 8 7 9 9 10 9 9 9 9 8 7 7 7 7 5
2 2 2 2 3 4 4 4 4 5 6 4 4 5 6 4 5 6 5 6 7 6 6 5 8 6 7 8 7 8 7 6 7 8 7 8 7 7 8 9 9 8 7 8 7 10 7 9 8 9 7 9 10 9 9 9 9 8 7 7 7 7 5
2 2 2 2 3 4 4 4 4 5 6 4 4 5 6 4 5 6 5 6 7 6 6 5 8 6 7 8 7 8 7 6 7 8 7 8 7 7 8 9 9 8 7 8 7 10 7 9 8 9 9 9 10 9 9 9 9 8 7 7 7 7 5
2 2 2 2 3 4 4 4 4 5 6 4 4 5 6 4 5 6 5 6 7 6 6 5 8 6 7 8 7 8 7 6 7 8 7 8 7 7 8 9 9 8 7 8 7 10 7 9 10 7 7 9 10 9 9 9 9 8 7 7 7 7 5
2 2 2 2 3 4 4 4 4 5 6 4 4 5 6 4 5 6 5 6 7 6 6 5 8 6 7 8 7 8 7 6 7 8 7 8 7 7 8 9 9 8 7 8 7 10 7 9 10 7 9 9 10 9 9 9 9 8 7 7 7 7 5
2 2 2 2 3 4 4 4 4 5 6 4 4 5 6 4 5 6 5 6 7 6 6 5 8 6 7 8 7 8 7 6 7 8 7 8 7 7 8 9 9 8 7 10 7 10 7 9 8 7 9 9 10 9 7 9 9 8 7 7 7 7 5
2 2 2 2 3 4 4 4 4 5 6 4 4 5 6 4 5 6 5 6 7 6 6 5 8 6 7 8 7 8 7 6 7 8 7 8 7 7 8 9 9 8 7 10 7 10 7 9 8 7 9 9 10 9 9 9 9 8 7 7 7 7 5
2 2 2 2 3 4 4 4 4 5 6 4 4 5 6 4 5 6 5 6 7 6 6 5 8 6 7 8 7 8 7 6 7 8 7 8 7 7 8 9 9 8 7 10 7 10 7 9 10 7 7 9 10 9 9 9 9 8 7 7 7 7 5
2 2 2 2 3 4 4 4 4 5 6 4 4 5 6 4 5 6 5 6 7 6 6 5 8 6 7 8 7 8 7 6 7 8 7 8 9 7 8 7 9 8 7 8 7 10 7 9 10 7 9 9 10 9 9 9 9 8 7 7 7 7 5
2 2 2 2 3 4 4 4 4 5 6 4 4 5 6 4 5 6 5 6 7 6 6 5 8 6 7 8 7 8 7 6 7 8 7 8 9 7 8 9 9 8 7 8 7 10 7 9 10 9 9 9 8 9 9 7 9 8 7 7 7 7 5
2 2 2 2 3 4 4 4 4 5 6 4 4 5 6 4 5 6 5 6 7 6 6 5 8 6 7 8 7 8 7 6 7 8 7 8 9 7 8 9 9 8 7 10 7 10 7 9 10 7 9 9 10 9 9 9 9 8 7 7 7 7 5
2 2 2 2 3 4 4 4 4 5 6 4 4 5 6 4 5 6 5 6 7 6 6 5 8 6 7 8 7 8 9 6 7 8 7 8 9 7 8 7 7 8 7 10 7 10 9 9 8 7 9 9 10 9 9 7 9 8 7 7 7 7 5
2 2 2 2 3 4 4 4 4 5 6 4 4 5 6 4 5 6 5 6 7 6 6 5 8 6 7 8 7 8 9 6 7 8 7 8 9 7 8 7 7 8 7 10 7 10 9 9 8 9 9 9 10 7 9 7 9 8 7 7 7 7 5
2 2 2 2 3 4 4 4 4 5 6 4 4 5 6 4 5 6 5 6 7 6 6 5 8 6 7 8 7 8 9 6 7 8 7 8 9 7 8 7 7 8 7 10 7 10 9 9 8 9 9 9 10 9 9 7 9 8 7 7 7 7 5
2 2 2 2 3 4 4 4 4 5 6 4 4 5 6 4 5 6 5 6 7 6 6 5 8 6 7 8 7 8 9 6 7 8 7 8 9 7 8 7 9 8 7 8 7 10 9 9 8 9 9 9 10 9 9 9 9 8 7 7 7 7 5
2 2 2 2 3 4 4 4 4 5 6 4 4 5 6 4 5 6 5 6 7 6 6 5 8 6 7 8 7 8 9 6 7 8 7 8 9 7 8 7 9 8 7 10 7 10 9 9 8 7 9 9 10 9 9 9 9 8 7 7 7 7 5
2 2 2 2 3 4 4 4 4 5 6 4 4 5 6 4 5 6 5 6 7 6 6 5 8 6 7 8 7 8 9 6 7 8 7 8 9 7 8 7 9 8 7 10 7 10 9 9 8 9 7 9 8 9 9 9 9 8 7 7 7 7 5
2 2 2 2 3 4 4 4 4 5 6 4 4 5 6 4 5 6 5 6 7 6 6 5 8 6 7 8 7 8 9 6 7 8 7 8 9 7 8 7 9 8 7 10 7 10 9 9 8 9 9 9 8 9 9 9 9 8 7 7 7 7 5
2 2 2 2 3 4 4 4 4 5 6 4 4 5 6 4 5 6 5 6 7 6 6 5 8 6 7 8 7 8 9 6 7 8 7 8 9 7 8 7 9 8 7 10 7 10 9 9 8 9 9 9 10 9 9 7 9 8 7 7 7 7 5
2 2 2 2 3 4 4 4 4 5 6 4 4 5 6 4 5 6 5 6 7 6 6 5 8 6 7 8 7 8 9 6 7 8 7 8 9 7 8 9 9 8 7 8 7 8 9 9 8 9 9 9 10 9 9 7 9 8 7 7 7 7 5
2 2 2 2 3 4 4 4 4 5 6 4 4 5 6 4 5 6 5 6 7 6 6 5 8 6 7 8 7 8 9 6 7 8 7 8 9 7 8 9 9 8 7 8 7 10 7 9 8 9 9 9 10 9 9 7 9 8 7 7 7 7 5
2 2 2 2 3 4 4 4 4 5 6 4 4 5 6 4 5 6 5 6 7 6 6 5 8 6 7 8 7 8 9 6 7 8 7 8 9 7 8 9 9 8 7 10 7 10 7 9 8 9 9 9 10 9 9 7 9 8 7 7 7 7 5
2 2 2 2 3 4 4 4 4 5 6 4 4 5 6 4 5 6 5 6 7 6 6 5 8 6 7 8 7 8 9 6 7 8 7 8 9 7 8 9 9 8 7 10 7 10 9 9 8 7 9 9 8 9 7 9 9 8 7 7 7 7 5
2 2 2 2 3 4 4 4 4 5 6 4 4 5 6 4 5 6 5 6 7 6 6 5 8 6 7 8 7 8 9 6 7 8 7 8 9 7 8 9 9 8 7 10 7 10 9 9 8 7 9 9 10 9 7 9 9 8 7 7 7 7 5
2 2 2 2 3 4 4 4 4 5 6 4 4 5 6 4 5 6 5 6 7 6 6 7 6 6 7 8 7 8 7 6 7 8 7 8 9 7 8 7 9 8 7 8 9 8 7 9 10 7 9 9 10 9 9 9 9 8 7 7 7 7 5
2 2 2 2 3 4 4 4 4 5 6 4 4 5 6 4 5 6 5 6 7 6 6 7 6 6 7 8 7 8 7 6 7 8 7 8 9 7 8 9 9 8 9 8 9 8 7 7 10 7 7 9 10 9 9 9 9 8 7 7 7 7 5
2 2 2 2 3 4 4 4 4 5 6 4 4 5 6 4 5 6 5 6 7 6 6 7 6 6 7 8 7 8 9 6 7 8 7 8 9 7 8 9 9 8 9 8 9 8 9 7 10 7 9 9 8 9 7 9 9 8 7 7 7 7 5
2 2 2 2 3 4 4 4 4 5 6 4 4 5 6 4 5 6 5 6 7 6 6 7 8 6 7 8 7 8 7 6 7 8 7 8 7 7 8 7 9 6 9 10 9 10 7 9 10 7 9 9 10 7 9 9 9 8 7 7 7 7 5
2 2 2 2 3 4 4 4 4 5 6 4 4 5 6 4 5 6 5 6 7 6 6 7 8 6 7 8 7 8 7 6 7 8 7 8 7 7 8 7 9 8 7 10 9 8 7 9 10 7 9 9 10 7 9 9 9 8 7 7 7 7 5
2 2 2 2 3 4 4 4 4 5 6 4 4 5 6 4 5 6 5 6 7 6 6 7 8 6 7 8 7 8 7 6 7 8 7 8 7 7 8 7 9 8 7 10 9 10 7 9 10 7 7 9 10 7 9 9 9 8 7 7 7 7 5
2 2 2 2 3 4 4 4 4 5 6 4 4 5 6 4 5 6 5 6 7 6 6 7 8 6 7 8 7 8 7 6 7 8 7 8 7 7 8 7 9 8 7 10 9 10 7 9 10 7 9 9 10 7 9 9 9 8 7 7 7 7 5
2 2 2 2 3 4 4 4 4 5 6 4 4 5 6 4 5 6 5 6 7 6 6 7 8 6 7 8 7 8 7 6 7 8 7 8 7 7 8 7 9 8 9 10 7 10 7 9 10 7 9 9 10 7 9 9 9 8 7 7 7 7 5
2 2 2 2 3 4 4 4 4 5 6 4 4 5 6 4 5 6 5 6 7 6 6 7 8 6 7 8 7 8 7 6 7 8 7 8 7 7 8 9 9 6 9 8 9 10 7 9 10 9 9 9 10 9 9 9 9 8 7 7 7 7 5
2 2 2 2 3 4 4 4 4 5 6 4 4 5 6 4 5 6 5 6 7 6 6 7 8 6 7 8 7 8 7 6 7 8 7 8 7 7 8 9 9 8 7 8 9 10 7 9 10 7 9 9 10 9 9 9 9 8 7 7 7 7 5
2 2 2 2 3 4 4 4 4 5 6 4 4 5 6 4 5 6 5 6 7 6 6 7 8 6 7 8 7 8 7 6 7 8 7 8 7 7 8 9 9 8 7 10 9 10 7 9 10 7 9 9 10 9 9 9 9 8 7 7 7 7 5
2 2 2 2 3 4 4 4 4 5 6 4 4 5 6 4 5 6 5 6 7 6 6 7 8 6 7 8 7 8 7 6 7 8 7 8 7 7 8 9 9 8 9 8 9 10 7 7 10 7 9 9 10 9 9 9 9 8 7 7 7 7 5
2 2 2 2 3 4 4 4 4 5 6 4 4 5 6 4 5 6 5 6 7 6 6 7 8 6 7 8 7 8 7 6 7 8 7 8 9 7 8 9 9 6 9 8 9 8 9 9 10 9 9 9 10 9 9 9 9 8 7 7 7 7 5
2 2 2 2 3 4 4 4 4 5 6 4 4 5 6 4 5 6 5 6 7 6 6 7 8 6 7 8 7 8 7 6 7 8 7 8 9 7 8 9 9 8 7 10 9 10 7 9 10 7 9 9 10 9 9 9 9 8 7 7 7 7 5
2 2 2 2 3 4 4 4 4 5 6 4 4 5 6 4 5 6 5 6 7 6 6 7 8 6 7 8 7 8 7 6 7 8 7 8 9 7 8 9 9 8 9 8 9 8 9 9 10 9 9 7 8 7 9 9 9 8 7 7 7 7 5
2 2 2 2 3 4 4 4 4 5 6 4 4 5 6 4 5 6 5 6 7 6 6 7 8 6 7 8 7 8 9 6 7 8 7 8 9 7 8 9 9 8 9 8 9 10 9 9 10 9 11 9 10 11 11 11 11 10 9 9 9 9 7
2 2 2 2 3 5 4 4 4 5 7 4 4 5 7 4 5 7 5 7 8 6 6 7 9 6 7 9 7 9 8 6 7 9 7 9 8 7 9 8 10 8 9 11 9 11 8 9 11 8 10 9 11 8 10 10 11 9 8 8 8 8 6
2 2 2 2 3 5 4 4 4 5 7 4 4 5 7 4 5 7 5 7 8 6 6 7 9 6 7 9 7 9 8 6 7 9 7 9 8 7 9 10 10 8 9 9 9 11 8 9 11 8 10 9 11 10 10 10 11 9 8 8 8 8 6
2 2 2 2 3 5 4 4 4 5 7 4 4 5 7 4 5 7 5 7 8 6 6 7 9 6 7 9 7 9 8 6 7 9 7 9 10 7 9 10 10 8 9 11 9 11 8 9 11 8 10 9 11 10 10 10 11 9 8 8 8 8 6
2 2 2 2 3 5 4 4 4 5 7 4 4 5 7 4 5 7 5 7 8 6 6 7 9 6 7 9 7 9 10 6 7 9 7 9 10 7 9 10 10 8 9 9 9 9 10 9 11 8 10 9 11 10 8 10 11 9 8 8 8 8 6
2 2 2 2 4 5 4 4 4 6 7 4 4 6 7 4 6 7 6 7 9 6 6 6 7 6 8 9 8 9 9 6 8 9 8 9 11 8 9 11 11 8 8 9 8 9 9 10 11 9 9 10 11 9 9 9 10 9 7 7 7 7 5
2 2 2 2 4 5 4 4 4 6 7 4 4 6 7 4 6 7 6 7 9 6 6 6 9 6 8 7 8 9 11 6 8 9 8 9 11 8 9 11 11 8 8 9 8 11 9 10 9 9 9 10 9 9 9 9 10 9 7 7 7 7 5
2 2 2 2 4 5 4 4 4 6 7 4 4 6 7 4 6 7 6 7 9 6 6 6 9 6 8 9 8 9 9 6 8 9 8 9 9 8 9 9 11 8 8 11 8 11 9 10 9 9 9 10 11 9 9 9 10 9 7 7 7 7 5
2 2 2 2 4 5 4 4 4 6 7 4 4 6 7 4 6 7 6 7 9 6 6 6 9 6 8 9 8 9 9 6 8 9 8 9 9 8 9 9 11 8 8 11 8 11 9 10 11 9 9 10 11 9 9 9 10 9 7 7 7 7 5
2 2 2 2 4 5 4 4 4 6 7 4 4 6 7 4 6 7 6 7 9 6 6 6 9 6 8 9 8 9 9 6 8 9 8 9 9 8 9 11 11 8 8 11 8 11 9 10 11 9 9 10 11 9 9 9 10 9 7 7 7 7 5
2 2 2 3 3 3 4 4 5 5 5 4 5 5 5 5 5 5 6 6 6 4 5 7 7 5 7 7 6 8 8 7 7 7 8 8 6 8 8 8 7 5 7 7 6 6 8 6 8 8 7 8 8 8 7 7 6 6 6 5 5 5 3
2 2 2 3 3 3 4 4 5 5 5 4 5 5 5 5 5 5 6 6 6 4 5 7 7 5 7 7 8 8 8 7 7 7 6 8 6 8 8 8 7 5 7 7 6 6 8 8 8 8 7 8 8 8 7 7 6 6 6 5 5 5 3
2 2 2 3 3 3 4 4 5 5 5 4 5 5 5 5 5 5 6 6 6 4 5 7 7 5 7 7 8 8 8 7 7 7 6 8 6 8 8 8 7 5 7 7 6 8 8 8 8 8 7 8 8 8 7 7 6 6 6 5 5 5 3
2 2 2 3 3 3 4 4 5 5 5 4 5 5 5 5 5 5 6 6 6 4 5 7 7 5 7 7 8 8 8 7 7 7 8 8 8 8 8 8 9 5 7 7 8 8 10 8 8 10 9 10 10 10 9 9 8 8 8 7 7 7 5
2 2 2 3 3 3 4 4 5 5 5 4 5 5 5 5 5 5 6 6 6 4 7 7 7 7 7 7 6 6 8 7 7 7 8 8 6 8 8 8 7 7 7 7 8 8 8 6 8 8 7 8 8 8 7 7 6 6 6 5 5 5 3
2 2 2 3 3 3 4 4 5 5 5 4 5 5 5 5 5 5 6 6 6 4 7 7 7 7 7 7 6 6 8 7 7 7 8 8 8 8 8 8 7 7 7 7 8 8 10 8 8 10 7 10 10 10 7 9 8 8 8 7 7 7 5
2 2 2 3 3 3 4 4 5 5 5 4 5 5 5 5 5 5 6 6 6 4 7 7 7 7 7 7 8 8 8 7 7 7 8 8 8 8 8 8 7 7 7 7 8 8 10 8 8 10 9 10 10 10 7 7 8 8 8 7 7 7 5
2 2 2 3 3 3 4 4 5 5 5 4 5 5 5 5 5 5 6 6 6 4 7 7 7 7 7 7 8 8 8 7 7 7 8 8 8 8 8 8 7 7 7 7 8 8 10 8 8 10 9 10 10 10 9 9 8 8 8 7 7 7 5
2 2 2 3 3 3 4 4 5 5 5 4 5 5 5 5 5 5 6 6 6 4 7 7 7 7 7 7 8 8 8 7 7 7 8 8 8 8 8 8 9 7 7 7 8 8 10 8 8 10 9 10 10 10 9 9 8 8 8 7 7 7 5
2 2 2 3 3 3 4 4 5 5 5 4 5 5 5 5 5 5 6 6 6 6 5 5 7 5 7 5 8 8 8 7 7 7 6 8 8 8 6 8 9 5 7 7 6 8 8 8 6 8 7 8 8 8 7 7 6 6 6 5 5 5 3
2 2 2 3 3 3 4 4 5 5 5 4 5 5 5 5 5 5 6 6 6 6 5 5 7 5 7 7 6 6 8 7 7 7 8 8 8 8 6 8 9 5 7 9 6 6 8 6 6 8 7 8 8 8 7 7 6 6 6 5 5 5 3
2 2 2 3 3 3 4 4 5 5 5 4 5 5 5 5 5 5 6 6 6 6 5 5 7 5 7 7 6 8 8 7 7 7 8 8 6 8 8 8 7 5 7 9 6 8 6 6 8 8 7 8 8 8 7 7 6 6 6 5 5 5 3
2 2 2 3 3 3 4 4 5 5 5 4 5 5 5 5 5 5 6 6 6 6 5 5 7 5 7 7 6 8 8 7 7 7 8 8 6 8 8 8 9 5 7 7 6 8 6 6 8 8 7 8 8 8 7 7 6 6 6 5 5 5 3
2 2 2 3 3 3 4 4 5 5 5 4 5 5 5 5 5 5 6 6 6 6 5 5 7 5 7 7 6 8 8 7 7 7 8 8 6 8 8 8 9 5 7 9 6 6 6 6 8 8 7 8 8 8 7 7 6 6 6 5 5 5 3
2 2 2 3 3 3 4 4 5 5 5 4 5 5 5 5 5 5 6 6 6 6 5 5 7 5 7 7 6 8 8 7 7 7 8 8 8 8 8 6 9 5 7 9 6 8 8 6 8 8 7 8 8 8 7 7 6 6 6 5 5 5 3
2 2 2 3 3 3 4 4 5 5 5 4 5 5 5 5 5 5 6 6 6 6 5 5 7 5 7 7 6 8 8 7 7 7 8 8 8 8 8 8 7 5 7 9 6 8 8 6 8 8 7 8 8 8 7 7 6 6 6 5 5 5 3
2 2 2 3 3 3 4 4 5 5 5 4 5 5 5 5 5 5 6 6 6 6 5 5 7 5 7 7 8 6 8 5 7 7 8 6 8 8 6 8 9 5 7 9 6 6 8 8 6 8 7 8 6 8 7 7 6 6 6 5 5 5 3
2 2 2 3 3 3 4 4 5 5 5 4 5 5 5 5 5 5 6 6 6 6 5 5 7 5 7 7 8 6 8 7 7 7 6 8 8 8 6 8 9 5 7 9 6 6 8 8 6 8 7 8 8 8 7 7 6 6 6 5 5 5 3
2 2 2 3 3 3 4 4 5 5 5 4 5 5 5 5 5 5 6 6 6 6 5 5 7 5 7 7 8 6 8 7 7 7 8 8 6 8 6 8 9 5 7 9 6 6 6 8 6 8 7 8 8 8 7 7 6 6 6 5 5 5 3
2 2 2 3 3 3 4 4 5 5 5 4 5 5 5 5 5 5 6 6 6 6 5 5 7 5 7 7 8 6 8 7 7 7 8 8 8 8 6 8 7 5 7 9 6 6 8 8 6 8 7 8 8 8 7 7 6 6 6 5 5 5 3
2 2 2 3 3 3 4 4 5 5 5 4 5 5 5 5 5 5 6 6 6 6 5 5 7 5 7 7 8 6 8 7 7 7 8 8 8 8 6 8 9 5 7 7 6 6 8 8 6 8 7 8 8 8 7 7 6 6 6 5 5 5 3
2 2 2 3 3 3 4 4 5 5 5 4 5 5 5 5 5 5 6 6 6 6 5 5 7 5 7 7 8 8 6 5 7 7 8 8 6 8 8 8 7 5 7 9 6 8 6 8 8 8 7 8 8 8 7 7 6 6 6 5 5 5 3
2 2 2 3 3 3 4 4 5 5 5 4 5 5 5 5 5 5 6 6 6 6 5 5 7 5 7 7 8 8 6 5 7 7 8 8 6 8 8 8 9 5 7 7 6 8 6 8 8 8 7 8 8 8 7 7 6 6 6 5 5 5 3
2 2 2 3 3 3 4 4 5 5 5 4 5 5 5 5 5 5 6 6 6 6 5 5 7 5 7 7 8 8 6 5 7 7 8 8 6 8 8 8 9 5 7 9 6 6 6 8 8 8 7 8 8 8 7 7 6 6 6 5 5 5 3
2 2 2 3 3 3 4 4 5 5 5 4 5 5 5 5 5 5 6 6 6 6 5 5 7 5 7 7 8 8 8 7 7 7 6 8 6 8 8 8 9 5 7 7 6 8 6 8 8 8 7 8 8 8 7 7 6 6 6 5 5 5 3
2 2 2 3 3 3 4 4 5 5 5 4 5 5 5 5 5 5 6 6 6 6 5 5 7 5 7 7 8 8 8 7 7 7 6 8 6 8 8 8 9 5 7 9 6 6 6 8 8 8 7 8 8 8 7 7 6 6 6 5 5 5 3
2 2 2 3 3 3 4 4 5 5 5 4 5 5 5 5 5 5 6 6 6 6 5 5 7 5 7 7 8 8 8 7 7 7 6 8 8 8 8 6 9 5 7 9 6 8 8 8 8 8 7 8 8 8 7 7 6 6 6 5 5 5 3
2 2 2 3 3 3 4 4 5 5 5 4 5 5 5 5 5 5 6 6 6 6 5 5 7 5 7 7 8 8 8 7 7 7 8 8 6 8 6 8 7 5 7 9 6 8 6 8 6 8 7 8 8 8 7 7 6 6 6 5 5 5 3
2 2 2 3 3 3 4 4 5 5 5 4 5 5 5 5 5 5 6 6 6 6 5 5 7 5 7 7 8 8 8 7 7 7 8 8 6 8 8 8 7 5 7 9 6 6 6 8 8 8 7 8 8 8 7 7 6 6 6 5 5 5 3
2 2 2 3 3 3 4 4 5 5 5 4 5 5 5 5 5 5 6 6 6 6 5 5 7 7 7 5 8 8 8 7 7 7 6 6 8 8 8 6 9 7 7 7 6 6 8 8 8 6 7 6 8 8 7 7 6 6 6 5 5 5 3
2 2 2 3 3 3 4 4 5 5 5 4 5 5 5 5 5 5 6 6 6 6 5 5 7 7 7 5 8 8 8 7 7 7 6 8 8 6 6 8 7 7 7 7 6 8 8 8 6 8 7 6 8 8 7 7 6 6 6 5 5 5 3
2 2 2 3 3 3 4 4 5 5 5 4 5 5 5 5 5 5 6 6 6 6 5 5 7 7 7 5 8 8 8 7 7 7 6 8 8 6 6 8 9 7 7 7 6 8 6 8 6 8 7 6 8 8 7 7 6 6 6 5 5 5 3
2 2 2 3 3 3 4 4 5 5 5 4 5 5 5 5 5 5 6 6 6 6 5 5 7 7 7 5 8 8 8 7 7 7 6 8 8 6 6 8 9 7 7 7 6 8 8 8 6 8 7 6 8 8 7 7 6 6 6 5 5 5 3
2 2 2 3 3 3 4 4 5 5 5 4 5 5 5 5 5 5 6 6 6 6 5 5 7 7 7 5 8 8 8 7 7 7 6 8 8 6 8 8 9 7 7 7 6 6 8 8 8 8 7 6 8 8 7 7 6 6 6 5 5 5 3
2 2 2 3 3 3 4 4 5 5 5 4 5 5 5 5 5 5 6 6 6 6 5 5 7 7 7 5 8 8 8 7 7 7 6 8 8 8 6 6 9 7 7 7 6 8 8 8 6 6 7 6 8 8 7 7 6 6 6 5 5 5 3
2 2 2 3 3 3 4 4 5 5 5 4 5 5 5 5 5 5 6 6 6 6 5 5 7 7 7 5 8 8 8 7 7 7 6 8 8 8 6 8 9 7 7 7 6 8 6 8 6 8 7 6 8 8 7 7 6 6 6 5 5 5 3
2 2 2 3 3 3 4 4 5 5 5 4 5 5 5 5 5 5 6 6 6 6 5 5 7 7 7 5 8 8 8 7 7 7 6 8 8 8 8 8 9 7 7 7 6 6 6 8 8 8 7 6 8 8 7 7 6 6 6 5 5 5 3
2 2 2 3 3 3 4 4 5 5 5 4 5 5 5 5 5 5 6 6 6 6 5 5 7 7 7 5 8 8 8 7 7 7 6 8 8 8 8 8 9 7 7 7 6 6 8 8 8 8 7 6 8 8 7 7 6 6 6 5 5 5 3
2 2 2 3 3 3 4 4 5 5 5 4 5 5 5 5 5 5 6 6 6 6 5 5 7 7 7 5 8 8 8 7 7 7 6 8 8 8 8 8 9 7 7 7 6 6 8 8 8 8 7 8 8 8 7 7 6 6 6 5 5 5 3
2 2 2 3 3 3 4 4 5 5 5 4 5 5 5 5 5 5 6 6 6 6 5 5 7 7 7 7 6 6 6 7 7 7 6 8 8 8 8 8 9 7 7 9 4 6 6 8 8 8 7 8 8 8 7 7 6 6 6 5 5 5 3
2 2 2 3 3 3 4 4 5 5 5 4 5 5 5 5 5 5 6 6 6 6 5 5 7 7 7 7 6 6 8 7 7 7 6 6 8 8 6 8 9 7 7 9 4 6 8 8 6 8 7 8 6 8 7 7 6 6 6 5 5 5 3
2 2 2 3 3 3 4 4 5 5 5 4 5 5 5 5 5 5 6 6 6 6 5 5 7 7 7 7 6 6 8 7 7 7 6 6 8 8 8 8 9 7 7 9 4 6 6 8 8 8 7 8 8 8 7 7 6 6 6 5 5 5 3
2 2 2 3 3 3 4 4 5 5 5 4 5 5 5 5 5 5 6 6 6 6 5 5 7 7 7 7 6 6 8 7 7 7 6 8 8 8 8 8 7 7 7 9 4 6 6 8 8 8 7 8 8 8 7 7 6 6 6 5 5 5 3
2 2 2 3 3 3 4 4 5 5 5 4 5 5 5 5 5 5 6 6 6 6 5 5 7 7 7 7 6 6 8 7 7 7 6 8 8 8 8 8 7 7 7 9 4 6 8 8 8 8 7 8 8 8 7 7 6 6 6 5 5 5 3
2 2 2 3 3 3 4 4 5 5 5 4 5 5 5 5 5 5 6 6 6 6 5 5 7 7 7 7 6 6 8 7 7 7 8 8 6 8 8 6 9 7 7 9 6 6 6 6 8 8 7 8 8 6 7 7 6 6 6 5 5 5 3
2 2 2 3 3 3 4 4 5 5 5 4 5 5 5 5 5 5 6 6 6 6 5 5 7 7 7 7 6 6 8 7 7 7 8 8 8 6 6 6 9 7 7 9 6 6 8 6 6 8 7 8 8 8 7 7 6 6 6 5 5 5 3
2 2 2 3 3 3 4 4 5 5 5 4 5 5 5 5 5 5 6 6 6 6 5 5 7 7 7 7 6 6 8 7 7 7 8 8 8 6 6 8 9 7 7 9 6 6 6 6 6 8 7 8 8 8 7 7 6 6 6 5 5 5 3
2 2 2 3 3 3 4 4 5 5 5 4 5 5 5 5 5 5 6 6 6 6 5 5 7 7 7 7 6 6 8 7 7 7 8 8 8 6 6 8 9 7 7 9 6 6 8 6 6 8 7 8 8 8 7 7 6 6 6 5 5 5 3
2 2 2 3 3 3 4 4 5 5 5 4 5 5 5 5 5 5 6 6 6 6 5 5 7 7 7 7 6 6 8 7 7 7 8 8 8 6 8 8 9 7 7 7 6 6 8 6 8 8 7 8 8 8 7 7 6 6 6 5 5 5 3
2 2 2 3 3 3 4 4 5 5 5 4 5 5 5 5 5 5 6 6 6 6 5 5 7 7 7 7 6 6 8 7 7 7 8 8 8 6 8 8 9 7 7 9 6 6 6 6 8 8 7 8 8 8 7 7 6 6 6 5 5 5 3
2 2 2 3 3 3 4 4 5 5 5 4 5 5 5 5 5 5 6 6 6 6 5 5 7 7 7 7 6 6 8 7 7 7 8 8 8 8 6 6 9 7 7 9 6 6 8 6 6 8 7 8 8 8 7 7 6 6 6 5 5 5 3
2 2 2 3 3 3 4 4 5 5 5 4 5 5 5 5 5 5 6 6 6 6 5 5 7 7 7 7 6 6 8 7 7 7 8 8 8 8 6 8 9 7 7 7 6 6 8 6 6 8 7 8 8 8 7 7 6 6 6 5 5 5 3
2 2 2 3 3 3 4 4 5 5 5 4 5 5 5 5 5 5 6 6 6 6 5 5 7 7 7 7 6 6 8 7 7 7 8 8 8 8 8 8 9 7 7 7 6 6 8 8 8 8 7 8 8 8 7 7 6 6 6 5 5 5 3
2 2 2 3 3 3 4 4 5 5 5 4 5 5 5 5 5 5 6 6 6 6 5 5 7 7 7 7 6 6 8 7 7 7 8 8 8 8 8 8 9 7 7 9 6 6 6 8 8 8 7 8 8 8 7 7 6 6 6 5 5 5 3
2 2 2 3 3 3 4 4 5 5 5 4 5 5 5 5 5 5 6 6 6 6 5 5 7 7 7 7 6 8 8 7 7 7 8 6 8 6 8 6 7 7 7 9 6 6 8 6 8 8 7 8 8 8 7 7 6 6 6 5 5 5 3
2 2 2 3 3 3 4 4 5 5 5 4 5 5 5 5 5 5 6 6 6 6 5 5 7 7 7 7 6 8 8 7 7 7 8 6 8 6 8 8 7 7 7 9 6 6 8 6 8 8 7 8 8 8 7 7 6 6 6 5 5 5 3
2 2 2 3 3 3 4 4 5 5 5 4 5 5 5 5 5 5 6 6 6 6 5 5 7 7 7 7 6 8 8 7 7 7 8 6 8 6 8 8 9 7 7 7 6 6 8 6 8 8 7 8 8 8 7 7 6 6 6 5 5 5 3
2 2 2 3 3 3 4 4 5 5 5 4 5 5 5 5 5 5 6 6 6 6 5 5 7 7 7 7 6 8 8 7 7 7 8 6 8 6 8 8 9 7 7 9 6 6 6 6 8 8 7 8 8 8 7 7 6 6 6 5 5 5 3
2 2 2 3 3 3 4 4 5 5 5 4 5 5 5 5 5 5 6 6 6 6 5 5 7 7 7 7 6 8 8 7 7 7 8 6 8 8 8 8 7 7 7 7 6 6 8 6 8 8 7 8 8 8 7 7 6 6 6 5 5 5 3
2 2 2 3 3 3 4 4 5 5 5 4 5 5 5 5 5 5 6 6 6 6 5 5 7 7 7 7 6 8 8 7 7 7 8 6 8 8 8 8 9 7 7 7 6 6 6 6 8 8 7 8 8 8 7 7 6 6 6 5 5 5 3
2 2 2 3 3 3 4 4 5 5 5 4 5 5 5 5 5 5 6 6 6 6 5 5 7 7 7 7 6 8 8 7 7 7 8 6 8 8 8 8 9 7 7 9 6 6 6 6 8 8 7 8 8 8 7 7 6 6 6 5 5 5 3
2 2 2 3 3 3 4 4 5 5 5 4 5 5 5 5 5 5 6 6 6 6 5 5 7 7 7 7 6 8 8 7 7 7 8 6 8 8 8 8 9 7 7 9 6 6 6 8 8 8 7 8 8 8 7 7 6 6 6 5 5 5 3
2 2 2 3 3 3 4 4 5 5 5 4 5 5 5 5 5 5 6 6 6 6 5 5 7 7 7 7 6 8 8 7 7 7 8 8 8 6 6 6 9 7 7 7 6 8 8 6 8 8 7 8 8 8 7 7 6 6 6 5 5 5 3
2 2 2 3 3 3 4 4 5 5 5 4 5 5 5 5 5 5 6 6 6 6 5 5 7 7 7 7 6 8 8 7 7 7 8 8 8 6 6 6 9 7 7 9 6 6 8 6 8 8 7 8 8 8 7 7 6 6 6 5 5 5 3
2 2 2 3 3 3 4 4 5 5 5 4 5 5 5 5 5 5 6 6 6 6 5 5 7 7 7 7 6 8 8 7 7 7 8 8 8 6 6 6 9 7 7 9 6 8 8 6 8 8 7 8 8 8 7 7 6 6 6 5 5 5 3
2 2 2 3 3 3 4 4 5 5 5 4 5 5 5 5 5 5 6 6 6 6 5 5 7 7 7 7 6 8 8 7 7 7 8 8 8 6 6 8 7 7 7 7 6 8 8 6 8 8 7 8 8 8 7 7 6 6 6 5 5 5 3
2 2 2 3 3 3 4 4 5 5 5 4 5 5 5 5 5 5 6 6 6 6 5 5 7 7 7 7 6 8 8 7 7 7 8 8 8 6 6 8 7 7 7 9 6 6 8 6 8 8 7 8 8 8 7 7 6 6 6 5 5 5 3
2 2 2 3 3 3 4 4 5 5 5 4 5 5 5 5 5 5 6 6 6 6 5 5 7 7 7 7 6 8 8 7 7 7 8 8 8 6 6 8 7 7 7 9 6 8 6 6 8 8 7 8 8 8 7 7 6 6 6 5 5 5 3
2 2 2 3 3 3 4 4 5 5 5 4 5 5 5 5 5 5 6 6 6 6 5 5 7 7 7 7 6 8 8 7 7 7 8 8 8 6 6 8 7 7 7 9 6 8 8 6 8 8 7 8 8 8 7 7 6 6 6 5 5 5 3
2 2 2 3 3 3 4 4 5 5 5 4 5 5 5 5 5 5 6 6 6 6 5 5 7 7 7 7 6 8 8 7 7 7 8 8 8 6 6 8 9 7 7 9 6 8 8 6 8 8 7 8 8 8 7 7 6 6 6 5 5 5 3
2 2 2 3 3 3 4 4 5 5 5 4 5 5 5 5 5 5 6 6 6 6 5 5 7 7 7 7 6 8 8 7 7 7 8 8 8 8 6 6 7 7 7 7 6 6 6 8 8 8 7 8 8 8 7 7 6 6 6 5 5 5 3
2 2 2 3 3 3 4 4 5 5 5 4 5 5 5 5 5 5 6 6 6 6 5 5 7 7 7 7 6 8 8 7 7 7 8 8 8 8 6 6 9 7 7 9 6 8 8 8 8 8 7 8 8 8 7 7 6 6 6 5 5 5 3
2 2 2 3 3 3 4 4 5 5 5 4 5 5 5 5 5 5 6 6 6 6 5 5 7 7 7 7 6 8 8 7 7 7 8 8 8 8 6 8 7 7 5 9 6 8 8 8 8 8 7 8 8 8 7 7 6 6 6 5 5 5 3
2 2 2 3 3 3 4 4 5 5 5 4 5 5 5 5 5 5 6 6 6 6 5 5 7 7 7 7 6 8 8 7 7 7 8 8 8 8 6 8 7 7 7 9 6 8 8 8 8 8 7 8 8 8 7 7 6 6 6 5 5 5 3
2 2 2 3 3 3 4 4 5 5 5 4 5 5 5 5 5 5 6 6 6 6 5 5 7 7 7 7 6 8 8 7 7 7 8 8 8 8 6 8 9 7 5 7 6 8 8 8 8 8 7 8 8 8 7 7 6 6 6 5 5 5 3
2 2 2 3 3 3 4 4 5 5 5 4 5 5 5 5 5 5 6 6 6 6 5 5 7 7 7 7 6 8 8 7 7 7 8 8 8 8 6 8 9 7 5 9 6 8 8 8 8 8 7 8 8 8 7 7 6 6 6 5 5 5 3
2 2 2 3 3 3 4 4 5 5 5 4 5 5 5 5 5 5 6 6 6 6 5 5 7 7 7 7 6 8 8 7 7 7 8 8 8 8 6 8 9 7 7 9 6 8 8 6 8 8 7 8 8 8 7 7 6 6 6 5 5 5 3
2 2 2 3 3 3 4 4 5 5 5 4 5 5 5 5 5 5 6 6 6 6 5 5 7 7 7 7 6 8 8 7 7 7 8 8 8 8 6 8 9 7 7 9 6 8 8 8 8 8 7 8 8 8 7 7 6 6 6 5 5 5 3
2 2 2 3 3 3 4 4 5 5 5 4 5 5 5 5 5 5 6 6 6 6 5 5 7 7 7 7 6 8 8 7 7 7 8 8 8 8 8 8 7 5 7 9 6 8 8 8 8 8 7 8 8 8 7 7 6 6 6 5 5 5 3
2 2 2 3 3 3 4 4 5 5 5 4 5 5 5 5 5 5 6 6 6 6 5 5 7 7 7 7 6 8 8 7 7 7 8 8 8 8 8 8 9 7 7 9 6 8 8 8 8 10 7 10 10 10 9 9 8 8 8 7 7 7 5
2 2 2 3 3 3 4 4 5 5 5 4 5 5 5 5 5 5 6 6 6 6 5 5 7 7 7 7 8 6 6 7 7 7 8 6 6 6 8 8 9 7 7 9 6 6 6 8 8 8 7 8 8 8 7 7 6 6 6 5 5 5 3
2 2 2 3 3 3 4 4 5 5 5 4 5 5 5 5 5 5 6 6 6 6 5 5 7 7 7 7 8 6 8 7 7 7 8 6 8 6 6 6 9 7 7 9 6 6 8 8 6 8 7 8 6 8 7 7 6 6 6 5 5 5 3
2 2 2 3 3 3 4 4 5 5 5 4 5 5 5 5 5 5 6 6 6 6 5 5 7 7 7 7 8 6 8 7 7 7 8 8 6 6 6 8 9 7 7 9 6 6 6 8 6 8 7 8 8 8 7 7 6 6 6 5 5 5 3
2 2 2 3 3 3 4 4 5 5 5 4 5 5 5 5 5 5 6 6 6 6 5 5 7 7 7 7 8 6 8 7 7 7 8 8 8 6 8 6 7 7 7 9 6 6 8 8 8 8 7 8 8 6 7 7 6 6 6 5 5 5 3
2 2 2 3 3 3 4 4 5 5 5 4 5 5 5 5 5 5 6 6 6 6 5 5 7 7 7 7 8 6 8 7 7 7 8 8 8 8 8 8 9 5 7 7 6 6 8 8 8 8 7 8 8 8 7 7 6 6 6 5 5 5 3
2 2 2 3 3 3 4 4 5 5 5 4 5 5 5 5 5 5 6 6 6 6 5 5 7 7 7 7 8 8 8 7 7 7 8 8 8 8 6 8 7 7 5 9 6 8 8 8 8 8 7 8 8 8 7 7 6 6 6 5 5 5 3
2 2 2 3 3 3 4 4 5 5 5 4 5 5 5 5 5 5 6 6 6 6 5 5 7 7 7 7 8 8 8 7 7 7 8 8 8 8 6 8 9 7 5 7 6 8 8 8 8 8 7 8 8 8 7 7 6 6 6 5 5 5 3
2 2 2 3 3 3 4 4 5 5 5 4 5 5 5 5 5 5 6 6 6 6 5 5 7 7 7 7 8 8 8 7 7 7 8 8 8 8 6 8 9 7 5 9 6 8 8 8 8 8 7 8 8 8 7 7 6 6 6 5 5 5 3
2 2 2 3 3 3 4 4 5 5 5 4 5 5 5 5 5 5 6 6 6 6 5 7 7 5 7 7 6 6 6 5 7 7 8 8 8 8 8 8 9 5 9 9 6 6 8 6 6 8 7 8 8 8 7 7 6 6 6 5 5 5 3
2 2 2 3 3 3 4 4 5 5 5 4 5 5 5 5 5 5 6 6 6 6 5 7 7 5 7 7 6 6 8 5 7 7 6 8 8 6 8 8 9 5 9 9 6 6 8 6 6 8 7 6 8 8 7 7 6 6 6 5 5 5 3
2 2 2 3 3 3 4 4 5 5 5 4 5 5 5 5 5 5 6 6 6 6 5 7 7 5 7 7 6 6 8 5 7 7 8 8 8 8 8 8 9 5 9 9 6 6 8 6 6 8 7 8 8 8 7 7 6 6 6 5 5 5 3
2 2 2 3 3 3 4 4 5 5 5 4 5 5 5 5 5 5 6 6 6 6 5 7 7 5 7 7 6 6 8 7 7 7 6 8 8 8 8 8 9 5 9 9 6 6 8 6 6 8 7 8 8 8 7 7 6 6 6 5 5 5 3
2 2 2 3 3 3 4 4 5 5 5 4 5 5 5 5 5 5 6 6 6 6 5 7 7 5 7 7 6 6 8 7 7 7 8 8 8 8 8 8 7 5 9 9 6 6 8 6 6 8 7 8 8 8 7 7 6 6 6 5 5 5 3
2 2 2 3 3 3 4 4 5 5 5 4 5 5 5 5 5 5 6 6 6 6 5 7 7 5 7 7 6 6 8 7 7 7 8 8 8 8 8 8 9 5 7 9 6 6 8 6 6 8 7 8 8 8 7 7 6 6 6 5 5 5 3
2 2 2 3 3 3 4 4 5 5 5 4 5 5 5 5 5 5 6 6 6 6 5 7 7 5 7 7 6 6 8 7 7 7 8 8 8 8 8 8 9 5 9 9 6 6 8 6 6 8 7 8 8 8 7 7 6 6 6 5 5 5 3
2 2 2 3 3 3 4 4 5 5 5 4 5 5 5 5 5 5 6 6 6 6 5 7 7 5 7 7 6 8 6 5 7 7 6 8 8 6 8 8 9 5 9 7 6 8 8 6 8 8 7 6 8 8 7 7 6 6 6 5 5 5 3
2 2 2 3 3 3 4 4 5 5 5 4 5 5 5 5 5 5 6 6 6 6 5 7 7 5 7 7 6 8 6 5 7 7 6 8 8 6 8 8 9 5 9 9 6 6 8 6 8 8 7 6 8 8 7 7 6 6 6 5 5 5 3
2 2 2 3 3 3 4 4 5 5 5 4 5 5 5 5 5 5 6 6 6 6 5 7 7 5 7 7 6 8 6 5 7 7 6 8 8 6 8 8 9 5 9 9 6 8 8 6 8 8 7 6 8 8 7 7 6 6 6 5 5 5 3
2 2 2 3 3 3 4 4 5 5 5 4 5 5 5 5 5 5 6 6 6 6 5 7 7 5 7 7 6 8 6 5 7 7 8 6 8 8 8 8 9 5 9 9 6 6 8 6 8 8 7 8 6 8 7 7 6 6 6 5 5 5 3
2 2 2 3 3 3 4 4 5 5 5 4 5 5 5 5 5 5 6 6 6 6 5 7 7 5 7 7 6 8 6 5 7 7 8 8 6 8 8 8 7 5 9 9 6 8 6 6 8 8 7 8 8 8 7 7 6 6 6 5 5 5 3
2 2 2 3 3 3 4 4 5 5 5 4 5 5 5 5 5 5 6 6 6 6 5 7 7 5 7 7 6 8 6 5 7 7 8 8 8 8 8 8 7 5 9 9 6 6 8 6 8 8 7 8 8 8 7 7 6 6 6 5 5 5 3
2 2 2 3 3 3 4 4 5 5 5 4 5 5 5 5 5 5 6 6 6 6 5 7 7 5 7 7 6 8 6 5 7 7 8 8 8 8 8 8 7 5 9 9 6 8 8 6 8 8 7 8 8 8 7 7 6 6 6 5 5 5 3
2 2 2 3 3 3 4 4 5 5 5 4 5 5 5 5 5 5 6 6 6 6 5 7 7 5 7 7 6 8 6 5 7 7 8 8 8 8 8 8 9 5 7 7 6 8 8 6 8 8 7 8 8 8 7 7 6 6 6 5 5 5 3
2 2 2 3 3 3 4 4 5 5 5 4 5 5 5 5 5 5 6 6 6 6 5 7 7 5 7 7 6 8 6 5 7 7 8 8 8 8 8 8 9 5 7 9 6 6 8 6 8 8 7 8 8 8 7 7 6 6 6 5 5 5 3
2 2 2 3 3 3 4 4 5 5 5 4 5 5 5 5 5 5 6 6 6 6 5 7 7 5 7 7 6 8 6 5 7 7 8 8 8 8 8 8 9 5 7 9 6 8 8 6 8 8 7 8 8 8 7 7 6 6 6 5 5 5 3
2 2 2 3 3 3 4 4 5 5 5 4 5 5 5 5 5 5 6 6 6 6 5 7 7 5 7 7 6 8 8 5 7 7 6 8 8 6 8 8 7 5 9 9 6 8 8 6 8 8 7 6 8 8 7 7 6 6 6 5 5 5 3
2 2 2 3 3 3 4 4 5 5 5 4 5 5 5 5 5 5 6 6 6 6 5 7 7 5 7 7 6 8 8 5 7 7 6 8 8 6 8 8 9 5 9 9 6 8 8 6 8 8 7 6 8 8 7 7 6 6 6 5 5 5 3
2 2 2 3 3 3 4 4 5 5 5 4 5 5 5 5 5 5 6 6 6 6 5 7 7 5 7 7 6 8 8 5 7 7 8 8 6 8 8 8 9 5 7 9 6 8 8 6 8 8 7 8 8 8 7 7 6 6 6 5 5 5 3
2 2 2 3 3 3 4 4 5 5 5 4 5 5 5 5 5 5 6 6 6 6 5 7 7 5 7 7 6 8 8 5 7 7 8 8 6 8 8 8 9 5 9 9 6 6 8 6 8 8 7 8 8 8 7 7 6 6 6 5 5 5 3
2 2 2 3 3 3 4 4 5 5 5 4 5 5 5 5 5 5 6 6 6 6 5 7 7 5 7 7 6 8 8 5 7 7 8 8 8 8 8 8 7 5 7 9 6 8 8 6 8 8 7 8 8 8 7 7 6 6 6 5 5 5 3
2 2 2 3 3 3 4 4 5 5 5 4 5 5 5 5 5 5 6 6 6 6 5 7 7 5 7 7 6 8 8 7 7 7 6 8 6 8 8 8 9 5 7 7 6 8 8 6 8 8 7 8 8 8 7 7 6 6 6 5 5 5 3
2 2 2 3 3 3 4 4 5 5 5 4 5 5 5 5 5 5 6 6 6 6 5 7 7 5 7 7 6 8 8 7 7 7 6 8 6 8 8 8 9 5 7 9 6 8 8 6 8 8 7 8 8 8 7 7 6 6 6 5 5 5 3
2 2 2 3 3 3 4 4 5 5 5 4 5 5 5 5 5 5 6 6 6 6 5 7 7 5 7 7 6 8 8 7 7 7 6 8 6 8 8 8 9 5 9 7 6 8 8 6 8 8 7 8 8 8 7 7 6 6 6 5 5 5 3
2 2 2 3 3 3 4 4 5 5 5 4 5 5 5 5 5 5 6 6 6 6 5 7 7 5 7 7 6 8 8 7 7 7 6 8 6 8 8 8 9 5 9 9 6 6 8 6 8 8 7 8 8 8 7 7 6 6 6 5 5 5 3
2 2 2 3 3 3 4 4 5 5 5 4 5 5 5 5 5 5 6 6 6 6 5 7 7 5 7 7 6 8 8 7 7 7 6 8 8 8 8 6 7 5 9 9 6 8 8 6 8 8 7 8 8 8 7 7 6 6 6 5 5 5 3
2 2 2 3 3 3 4 4 5 5 5 4 5 5 5 5 5 5 6 6 6 6 5 7 7 5 7 7 6 8 8 7 7 7 6 8 8 8 8 6 9 5 7 9 6 8 8 6 8 8 7 8 8 8 7 7 6 6 6 5 5 5 3
2 2 2 3 3 3 4 4 5 5 5 4 5 5 5 5 5 5 6 6 6 6 5 7 7 5 7 7 6 8 8 7 7 7 6 8 8 8 8 6 9 5 9 9 6 8 8 6 8 8 7 8 8 8 7 7 6 6 6 5 5 5 3
2 2 2 3 3 3 4 4 5 5 5 4 5 5 5 5 5 5 6 6 6 6 5 7 7 5 7 7 6 8 8 7 7 7 6 8 8 8 8 8 7 5 7 9 6 8 8 6 8 8 7 8 8 8 7 7 6 6 6 5 5 5 3
2 2 2 3 3 3 4 4 5 5 5 4 5 5 5 5 5 5 6 6 6 6 5 7 7 5 7 7 6 8 8 7 7 7 6 8 8 8 8 8 7 5 9 9 6 8 8 6 8 8 7 8 8 8 7 7 6 6 6 5 5 5 3
2 2 2 3 3 3 4 4 5 5 5 4 5 5 5 5 5 5 6 6 6 6 5 7 7 5 7 7 6 8 8 7 7 7 8 6 6 8 8 8 9 5 9 9 6 6 8 6 8 8 7 8 8 8 7 7 6 6 6 5 5 5 3
2 2 2 3 3 3 4 4 5 5 5 4 5 5 5 5 5 5 6 6 6 6 5 7 7 5 7 7 6 8 8 7 7 7 8 6 8 8 8 8 7 5 9 7 6 6 8 6 8 8 7 8 8 8 7 7 6 6 6 5 5 5 3
2 2 2 3 3 3 4 4 5 5 5 4 5 5 5 5 5 5 6 6 6 6 5 7 7 5 7 7 6 8 8 7 7 7 8 8 6 8 8 8 7 5 7 9 6 8 8 6 8 8 7 8 8 8 7 7 6 6 6 5 5 5 3
2 2 2 3 3 3 4 4 5 5 5 4 5 5 5 5 5 5 6 6 6 6 5 7 7 5 7 7 6 8 8 7 7 7 8 8 6 8 8 8 7 5 9 9 6 6 8 6 8 8 7 8 8 8 7 7 6 6 6 5 5 5 3
2 2 2 3 3 3 4 4 5 5 5 4 5 5 5 5 5 5 6 6 6 6 5 7 7 5 7 7 6 8 8 7 7 7 8 8 6 8 8 8 9 5 7 9 6 6 8 6 8 8 7 8 8 8 7 7 6 6 6 5 5 5 3
2 2 2 3 3 3 4 4 5 5 5 4 5 5 5 5 5 5 6 6 6 6 5 7 7 5 7 7 6 8 8 7 7 7 8 8 6 8 8 8 9 5 7 9 6 8 8 6 8 8 7 8 8 8 7 7 6 6 6 5 5 5 3
2 2 2 3 3 3 4 4 5 5 5 4 5 5 5 5 5 5 6 6 6 6 5 7 7 5 7 7 6 8 8 7 7 7 8 8 6 8 8 8 9 5 9 9 6 6 8 6 8 8 7 8 8 8 7 7 6 6 6 5 5 5 3
2 2 2 3 3 3 4 4 5 5 5 4 5 5 5 5 5 5 6 6 6 6 5 7 7 5 7 7 6 8 8 7 7 7 8 8 6 8 8 8 9 5 9 9 6 8 8 6 8 8 7 8 8 8 7 7 6 6 6 5 5 5 3
2 2 2 3 3 3 4 4 5 5 5 4 5 5 5 5 5 5 6 6 6 6 5 7 7 5 7 7 6 8 8 7 7 7 8 8 8 8 8 8 7 5 7 9 6 8 8 6 8 8 7 8 8 8 7 7 6 6 6 5 5 5 3
2 2 2 3 3 3 4 4 5 5 5 4 5 5 5 5 5 5 6 6 6 6 5 7 7 5 7 7 6 8 8 7 7 7 8 8 8 8 8 8 9 5 9 9 6 8 8 6 8 8 7 8 8 8 7 7 6 6 6 5 5 5 3
2 2 2 3 3 3 4 4 5 5 5 4 5 5 5 5 5 5 6 6 6 6 5 7 7 5 7 7 8 8 6 5 7 7 8 8 8 8 8 8 7 5 7 9 8 8 8 8 8 8 7 6 8 8 7 7 6 6 6 5 5 5 3
2 2 2 3 3 3 4 4 5 5 5 4 5 5 5 5 5 5 6 6 6 6 5 7 7 5 7 7 8 8 6 5 7 7 8 8 8 8 8 8 7 5 7 9 8 8 8 8 8 8 7 8 6 8 7 7 6 6 6 5 5 5 3
2 2 2 3 3 3 4 4 5 5 5 4 5 5 5 5 5 5 6 6 6 6 5 7 7 5 7 7 8 8 6 5 7 7 8 8 8 8 8 8 7 5 7 9 8 8 8 8 8 8 7 8 8 8 7 7 6 6 6 5 5 5 3
2 2 2 3 3 3 4 4 5 5 5 4 5 5 5 5 5 5 6 6 6 6 5 7 7 5 7 7 8 8 6 5 7 7 8 8 8 8 8 8 7 5 9 9 8 8 8 8 8 8 7 6 8 8 7 7 6 6 6 5 5 5 3
2 2 2 3 3 3 4 4 5 5 5 4 5 5 5 5 5 5 6 6 6 6 5 7 7 5 7 7 8 8 6 5 7 7 8 8 8 8 8 8 7 5 9 9 8 8 8 8 8 8 7 8 8 8 7 7 6 6 6 5 5 5 3
2 2 2 3 3 3 4 4 5 5 5 4 5 5 5 5 5 5 6 6 6 6 5 7 7 5 7 7 8 8 8 7 7 7 6 6 6 8 8 8 9 5 7 7 6 6 8 8 8 8 7 8 8 8 7 7 6 6 6 5 5 5 3
2 2 2 3 3 3 4 4 5 5 5 4 5 5 5 5 5 5 6 6 6 6 5 7 7 5 7 7 8 8 8 7 7 7 8 8 6 8 8 8 7 5 7 9 8 8 8 6 8 8 7 8 8 8 7 7 6 6 6 5 5 5 3
2 2 2 3 3 3 4 4 5 5 5 4 5 5 5 5 5 5 6 6 6 6 5 7 7 5 7 7 8 8 8 7 7 7 8 8 6 8 8 8 7 5 7 9 8 8 8 8 6 8 7 8 8 8 7 7 6 6 6 5 5 5 3
2 2 2 3 3 3 4 4 5 5 5 4 5 5 5 5 5 5 6 6 6 6 5 7 7 7 5 7 6 6 6 7 7 7 6 6 8 8 8 6 7 7 7 9 6 6 8 6 8 6 5 8 8 8 7 7 6 6 6 5 5 5 3
2 2 2 3 3 3 4 4 5 5 5 4 5 5 5 5 5 5 6 6 6 6 5 7 7 7 5 7 6 6 6 7 7 7 8 6 8 8 8 6 7 7 7 9 6 6 8 6 8 6 5 8 8 8 7 7 6 6 6 5 5 5 3
2 2 2 3 3 3 4 4 5 5 5 4 5 5 5 5 5 5 6 6 6 6 5 7 7 7 5 7 6 6 8 7 7 7 8 6 6 6 8 8 9 7 7 9 6 6 8 6 8 8 7 8 8 8 7 7 6 6 6 5 5 5 3
2 2 2 3 3 3 4 4 5 5 5 4 5 5 5 5 5 5 6 6 6 6 5 7 7 7 5 7 6 6 8 7 7 7 8 6 6 8 8 6 9 7 7 9 6 6 8 6 8 6 7 8 8 6 7 7 6 6 6 5 5 5 3
2 2 2 3 3 3 4 4 5 5 5 4 5 5 5 5 5 5 6 6 6 6 5 7 7 7 5 7 6 6 8 7 7 7 8 6 6 8 8 8 9 7 7 9 6 6 6 6 8 8 7 8 8 8 7 7 6 6 6 5 5 5 3
2 2 2 3 3 3 4 4 5 5 5 4 5 5 5 5 5 5 6 6 6 6 5 7 7 7 5 7 6 6 8 7 7 7 8 6 8 8 8 6 9 7 7 9 6 6 8 6 6 6 7 8 8 8 7 7 6 6 6 5 5 5 3
2 2 2 3 3 3 4 4 5 5 5 4 5 5 5 5 5 5 6 6 6 6 5 7 7 7 5 7 6 6 8 7 7 7 8 6 8 8 8 8 7 7 7 9 6 6 8 6 8 8 5 8 8 8 7 7 6 6 6 5 5 5 3
2 2 2 3 3 3 4 4 5 5 5 4 5 5 5 5 5 5 6 6 6 6 5 7 7 7 5 7 6 6 8 7 7 7 8 6 8 8 8 8 9 7 7 9 6 6 6 6 8 8 7 8 8 8 7 7 6 6 6 5 5 5 3
2 2 2 3 3 3 4 4 5 5 5 4 5 5 5 5 5 5 6 6 6 6 5 7 7 7 5 7 6 6 8 7 7 7 8 6 8 8 8 8 9 7 7 9 6 6 8 6 8 8 7 8 8 8 7 7 6 6 6 5 5 5 3
2 2 2 3 3 3 4 4 5 5 5 4 5 5 5 5 5 5 6 6 6 6 5 7 7 7 5 7 6 8 8 7 7 7 6 6 8 8 8 8 9 7 7 9 6 6 6 6 8 8 7 8 8 8 7 7 6 6 6 5 5 5 3
2 2 2 3 3 3 4 4 5 5 5 4 5 5 5 5 5 5 6 6 6 6 5 7 7 7 5 7 6 8 8 7 7 7 8 6 6 8 8 8 9 7 7 9 6 6 6 6 8 8 7 8 8 8 7 7 6 6 6 5 5 5 3
2 2 2 3 3 3 4 4 5 5 5 4 5 5 5 5 5 5 6 6 6 6 5 7 7 7 5 7 8 6 6 7 7 7 6 6 8 8 8 6 9 7 7 9 6 6 8 8 6 6 7 8 8 8 7 7 6 6 6 5 5 5 3
2 2 2 3 3 3 4 4 5 5 5 4 5 5 5 5 5 5 6 6 6 6 5 7 7 7 5 7 8 6 6 7 7 7 6 6 8 8 8 6 9 7 7 9 6 6 8 8 8 6 7 8 8 8 7 7 6 6 6 5 5 5 3
2 2 2 3 3 3 4 4 5 5 5 4 5 5 5 5 5 5 6 6 6 6 5 7 7 7 5 7 8 6 6 7 7 7 8 6 6 8 8 6 9 7 7 9 8 6 6 6 8 6 7 8 8 6 7 7 6 6 6 5 5 5 3
2 2 2 3 3 3 4 4 5 5 5 4 5 5 5 5 5 5 6 6 6 6 5 7 7 7 5 7 8 6 6 7 7 7 8 6 8 8 8 6 9 7 7 7 8 6 6 8 8 6 7 8 8 8 7 7 6 6 6 5 5 5 3
2 2 2 3 3 3 4 4 5 5 5 4 5 5 5 5 5 5 6 6 6 6 5 7 7 7 5 7 8 6 6 7 7 7 8 6 8 8 8 6 9 7 7 7 8 6 8 8 8 6 7 8 8 8 7 7 6 6 6 5 5 5 3
2 2 2 3 3 3 4 4 5 5 5 4 5 5 5 5 5 5 6 6 6 6 5 7 7 7 5 7 8 6 6 7 7 7 8 6 8 8 8 6 9 7 7 9 6 6 6 8 8 6 7 8 8 8 7 7 6 6 6 5 5 5 3
2 2 2 3 3 3 4 4 5 5 5 4 5 5 5 5 5 5 6 6 6 6 5 7 7 7 5 7 8 6 6 7 7 7 8 6 8 8 8 6 9 7 7 9 8 6 6 8 8 6 7 8 8 8 7 7 6 6 6 5 5 5 3
2 2 2 3 3 3 4 4 5 5 5 4 5 5 5 5 5 5 6 6 6 6 5 7 7 7 5 7 8 6 6 7 7 7 8 6 8 8 8 6 9 7 7 9 8 6 8 8 8 6 7 8 8 8 7 7 6 6 6 5 5 5 3
2 2 2 3 3 3 4 4 5 5 5 4 5 5 5 5 5 5 6 6 6 6 5 7 7 7 5 7 8 6 8 7 7 7 6 6 8 8 8 6 9 7 7 9 6 6 8 8 8 6 7 8 6 8 7 7 6 6 6 5 5 5 3
2 2 2 3 3 3 4 4 5 5 5 4 5 5 5 5 5 5 6 6 6 6 5 7 7 7 5 7 8 6 8 7 7 7 6 6 8 8 8 8 9 7 7 9 6 6 6 8 8 8 7 8 8 8 7 7 6 6 6 5 5 5 3
2 2 2 3 3 3 4 4 5 5 5 4 5 5 5 5 5 5 6 6 6 6 5 7 7 7 5 7 8 6 8 7 7 7 8 4 8 8 8 6 9 7 7 9 8 4 8 8 8 6 7 8 6 8 7 7 6 6 6 5 5 5 3
2 2 2 3 3 3 4 4 5 5 5 4 5 5 5 5 5 5 6 6 6 6 5 7 7 7 5 7 8 6 8 7 7 7 8 6 6 8 8 6 9 7 7 7 8 6 8 6 8 6 7 8 8 6 7 7 6 6 6 5 5 5 3
2 2 2 3 3 3 4 4 5 5 5 4 5 5 5 5 5 5 6 6 6 6 5 7 7 7 5 7 8 6 8 7 7 7 8 6 6 8 8 8 9 7 7 9 8 6 8 6 8 8 7 8 6 8 7 7 6 6 6 5 5 5 3
2 2 2 3 3 3 4 4 5 5 5 4 5 5 5 5 5 5 6 6 6 6 5 7 7 7 5 7 8 6 8 7 7 7 8 6 6 8 8 8 9 7 7 9 8 6 8 8 8 8 7 8 6 8 7 7 6 6 6 5 5 5 3
2 2 2 3 3 3 4 4 5 5 5 4 5 5 5 5 5 5 6 6 6 6 5 7 7 7 5 7 8 6 8 7 7 7 8 6 8 6 8 6 7 7 7 9 8 6 8 6 8 6 7 8 8 8 7 7 6 6 6 5 5 5 3
2 2 2 3 3 3 4 4 5 5 5 4 5 5 5 5 5 5 6 6 6 6 5 7 7 7 5 7 8 6 8 7 7 7 8 6 8 6 8 6 9 7 7 7 8 6 8 6 8 6 7 8 8 8 7 7 6 6 6 5 5 5 3
2 2 2 3 3 3 4 4 5 5 5 4 5 5 5 5 5 5 6 6 6 6 5 7 7 7 5 7 8 6 8 7 7 7 8 6 8 6 8 6 9 7 7 9 8 6 8 6 8 6 7 8 8 8 7 7 6 6 6 5 5 5 3
2 2 2 3 3 3 4 4 5 5 5 4 5 5 5 5 5 5 6 6 6 6 5 7 7 7 5 7 8 6 8 7 7 7 8 6 8 6 8 8 9 7 7 9 8 6 8 6 8 8 7 8 8 8 7 7 6 6 6 5 5 5 3
2 2 2 3 3 3 4 4 5 5 5 4 5 5 5 5 5 5 6 6 6 6 5 7 7 7 5 7 8 6 8 7 7 7 8 6 8 8 6 6 7 7 7 7 8 6 8 8 6 6 7 8 6 8 7 7 6 6 6 5 5 5 3
2 2 2 3 3 3 4 4 5 5 5 4 5 5 5 5 5 5 6 6 6 6 5 7 7 7 5 7 8 6 8 7 7 7 8 6 8 8 6 6 7 7 7 9 8 6 8 6 6 6 7 8 6 8 7 7 6 6 6 5 5 5 3
2 2 2 3 3 3 4 4 5 5 5 4 5 5 5 5 5 5 6 6 6 6 5 7 7 7 5 7 8 6 8 7 7 7 8 6 8 8 6 6 7 7 7 9 8 6 8 8 6 6 7 8 6 8 7 7 6 6 6 5 5 5 3
2 2 2 3 3 3 4 4 5 5 5 4 5 5 5 5 5 5 6 6 6 6 5 7 7 7 5 7 8 6 8 7 7 7 8 6 8 8 6 6 9 7 7 9 6 6 8 8 6 6 7 8 6 8 7 7 6 6 6 5 5 5 3
2 2 2 3 3 3 4 4 5 5 5 4 5 5 5 5 5 5 6 6 6 6 5 7 7 7 5 7 8 6 8 7 7 7 8 6 8 8 6 6 9 7 7 9 8 6 8 8 6 6 7 8 6 8 7 7 6 6 6 5 5 5 3
2 2 2 3 3 3 4 4 5 5 5 4 5 5 5 5 5 5 6 6 6 6 5 7 7 7 5 7 8 6 8 7 7 7 8 6 8 8 8 6 7 7 7 7 8 6 8 8 6 6 7 8 8 8 7 7 6 6 6 5 5 5 3
2 2 2 3 3 3 4 4 5 5 5 4 5 5 5 5 5 5 6 6 6 6 5 7 7 7 5 7 8 6 8 7 7 7 8 6 8 8 8 6 7 7 7 9 8 6 8 8 6 6 7 8 8 8 7 7 6 6 6 5 5 5 3
2 2 2 3 3 3 4 4 5 5 5 4 5 5 5 5 5 5 6 6 6 6 5 7 7 7 5 7 8 6 8 7 7 7 8 6 8 8 8 6 9 7 7 9 6 6 8 8 8 6 7 8 6 8 7 7 6 6 6 5 5 5 3
2 2 2 3 3 3 4 4 5 5 5 4 5 5 5 5 5 5 6 6 6 6 5 7 7 7 5 7 8 6 8 7 7 7 8 6 8 8 8 6 9 7 7 9 8 6 8 6 6 6 7 8 8 8 7 7 6 6 6 5 5 5 3
2 2 2 3 3 3 4 4 5 5 5 4 5 5 5 5 5 5 6 6 6 6 5 7 7 7 5 7 8 6 8 7 7 7 8 6 8 8 8 6 9 7 7 9 8 6 8 6 8 6 7 8 8 8 7 7 6 6 6 5 5 5 3
2 2 2 3 3 3 4 4 5 5 5 4 5 5 5 5 5 5 6 6 6 6 5 7 7 7 5 7 8 6 8 7 7 7 8 6 8 8 8 6 9 7 7 9 8 6 8 8 8 6 7 8 8 8 7 7 6 6 6 5 5 5 3
2 2 2 3 3 3 4 4 5 5 5 4 5 5 5 5 5 5 6 6 6 6 5 7 7 7 5 7 8 6 8 7 7 7 8 6 8 8 8 8 7 7 7 9 8 6 8 6 6 8 7 8 8 8 7 7 6 6 6 5 5 5 3
2 2 2 3 3 3 4 4 5 5 5 4 5 5 5 5 5 5 6 6 6 6 5 7 7 7 5 7 8 6 8 7 7 7 8 6 8 8 8 8 7 7 7 9 8 6 8 6 8 8 7 8 6 8 7 7 6 6 6 5 5 5 3
2 2 2 3 3 3 4 4 5 5 5 4 5 5 5 5 5 5 6 6 6 6 5 7 7 7 5 7 8 6 8 7 7 7 8 6 8 8 8 8 9 7 7 7 8 6 6 8 8 8 7 8 8 8 7 7 6 6 6 5 5 5 3
2 2 2 3 3 3 4 4 5 5 5 4 5 5 5 5 5 5 6 6 6 6 5 7 7 7 5 7 8 6 8 7 7 7 8 6 8 8 8 8 9 7 7 9 6 6 6 8 8 8 7 8 8 8 7 7 6 6 6 5 5 5 3
2 2 2 3 3 3 4 4 5 5 5 4 5 5 5 5 5 5 6 6 6 6 5 7 7 7 5 7 8 6 8 7 7 7 8 6 8 8 8 8 9 7 7 9 6 6 8 8 8 8 7 8 6 8 7 7 6 6 6 5 5 5 3
2 2 2 3 3 3 4 4 5 5 5 4 5 5 5 5 5 5 6 6 6 6 5 7 7 7 5 7 8 6 8 7 7 7 8 6 8 8 8 8 9 7 7 9 8 6 8 8 8 8 7 8 8 8 7 7 6 6 6 5 5 5 3
2 2 2 3 3 3 4 4 5 5 5 4 5 5 5 5 5 5 6 6 6 6 5 7 7 7 5 7 8 8 8 7 7 7 8 6 8 8 8 6 7 5 7 9 8 6 8 8 8 6 7 8 8 8 7 7 6 6 6 5 5 5 3
2 2 2 3 3 3 4 4 5 5 5 4 5 5 5 5 5 5 6 6 6 6 5 7 7 7 7 7 6 6 6 7 7 7 8 8 6 8 8 6 9 7 9 9 6 6 6 6 8 6 7 8 8 6 7 7 6 6 6 5 5 5 3
2 2 2 3 3 3 4 4 5 5 5 4 5 5 5 5 5 5 6 6 6 6 5 7 7 7 7 7 6 6 6 7 7 7 8 8 8 6 6 6 9 7 9 9 6 6 8 6 6 6 7 8 8 8 7 7 6 6 6 5 5 5 3
2 2 2 3 3 3 4 4 5 5 5 4 5 5 5 5 5 5 6 6 6 6 5 7 7 7 7 7 6 6 6 7 7 7 8 8 8 6 8 6 9 7 9 7 6 6 8 6 8 6 7 8 8 8 7 7 6 6 6 5 5 5 3
2 2 2 3 3 3 4 4 5 5 5 4 5 5 5 5 5 5 6 6 6 6 5 7 7 7 7 7 6 6 6 7 7 7 8 8 8 6 8 6 9 7 9 9 6 6 6 6 8 6 7 8 8 8 7 7 6 6 6 5 5 5 3
2 2 2 3 3 3 4 4 5 5 5 4 5 5 5 5 5 5 6 6 6 6 5 7 7 7 7 7 6 6 6 7 7 7 8 8 8 8 8 6 9 7 7 7 6 6 8 8 8 6 7 8 8 8 7 7 6 6 6 5 5 5 3
2 2 2 3 3 3 4 4 5 5 5 4 5 5 5 5 5 5 6 6 6 6 5 7 7 7 7 7 6 6 6 7 7 7 8 8 8 8 8 6 9 7 7 9 6 6 6 8 8 6 7 8 8 8 7 7 6 6 6 5 5 5 3
2 2 2 3 3 3 4 4 5 5 5 4 5 5 5 5 5 5 6 6 6 6 5 7 7 7 7 7 6 6 6 7 7 7 8 8 8 8 8 6 9 7 9 9 6 6 8 6 6 6 7 8 8 6 7 7 6 6 6 5 5 5 3
2 2 2 3 3 3 4 4 5 5 5 4 5 5 5 5 5 5 6 6 6 6 5 7 7 7 7 7 6 6 6 7 7 7 8 8 8 8 8 6 9 7 9 9 6 6 8 6 6 6 7 8 8 8 7 7 6 6 6 5 5 5 3
2 2 2 3 3 3 4 4 5 5 5 4 5 5 5 5 5 5 6 6 6 6 5 7 7 7 7 7 6 6 6 7 7 7 8 8 8 8 8 8 9 7 7 7 6 6 8 8 8 8 7 8 8 8 7 7 6 6 6 5 5 5 3
2 2 2 3 3 3 4 4 5 5 5 4 5 5 5 5 5 5 6 6 6 6 5 7 7 7 7 7 6 6 6 7 7 7 8 8 8 8 8 8 9 7 7 9 6 6 6 8 8 8 7 8 8 8 7 7 6 6 6 5 5 5 3
2 2 2 3 3 3 4 4 5 5 5 4 5 5 5 5 5 5 6 6 6 6 5 7 7 7 7 7 6 6 6 7 7 7 8 8 8 8 8 8 9 7 9 9 6 6 8 6 6 8 7 8 8 8 7 7 6 6 6 5 5 5 3
2 2 2 3 3 3 4 4 5 5 5 4 5 5 5 5 5 5 6 6 6 6 5 7 7 7 7 7 6 6 8 7 7 7 6 6 8 8 8 8 7 7 9 9 6 6 10 8 8 10 7 8 8 10 7 9 8 8 8 7 7 7 5
2 2 2 3 3 3 4 4 5 5 5 4 5 5 5 5 5 5 6 6 6 6 5 7 7 7 7 7 6 6 8 7 7 7 6 6 8 8 8 8 9 7 9 9 4 6 8 8 8 8 7 8 8 8 7 7 6 6 6 5 5 5 3
2 2 2 3 3 3 4 4 5 5 5 4 5 5 5 5 5 5 6 6 6 6 5 7 7 7 7 7 6 6 8 7 7 7 6 8 6 8 8 6 9 7 9 9 6 6 8 6 8 8 7 8 8 6 7 7 6 6 6 5 5 5 3
2 2 2 3 3 3 4 4 5 5 5 4 5 5 5 5 5 5 6 6 6 6 5 7 7 7 7 7 6 6 8 7 7 7 6 8 6 8 8 6 9 7 9 9 6 6 8 8 6 8 7 8 8 6 7 7 6 6 6 5 5 5 3
2 2 2 3 3 3 4 4 5 5 5 4 5 5 5 5 5 5 6 6 6 6 5 7 7 7 7 7 6 6 8 7 7 7 6 8 6 8 8 8 9 7 7 9 6 6 8 8 6 8 7 6 8 8 7 7 6 6 6 5 5 5 3
2 2 2 3 3 3 4 4 5 5 5 4 5 5 5 5 5 5 6 6 6 6 5 7 7 7 7 7 6 6 8 7 7 7 6 8 6 8 8 8 9 7 9 9 6 6 6 8 6 8 7 6 8 8 7 7 6 6 6 5 5 5 3
2 2 2 3 3 3 4 4 5 5 5 4 5 5 5 5 5 5 6 6 6 6 5 7 7 7 7 7 6 6 8 7 7 7 6 8 8 6 6 6 9 7 9 9 6 6 8 6 6 8 7 6 8 8 7 7 6 6 6 5 5 5 3
2 2 2 3 3 3 4 4 5 5 5 4 5 5 5 5 5 5 6 6 6 6 5 7 7 7 7 7 6 6 8 7 7 7 6 8 8 6 8 6 9 7 9 9 6 6 8 6 6 8 7 6 8 8 7 7 6 6 6 5 5 5 3
2 2 2 3 3 3 4 4 5 5 5 4 5 5 5 5 5 5 6 6 6 6 5 7 7 7 7 7 6 6 8 7 7 7 6 8 8 6 8 8 9 7 9 9 6 6 6 6 6 8 7 6 8 8 7 7 6 6 6 5 5 5 3
2 2 2 3 3 3 4 4 5 5 5 4 5 5 5 5 5 5 6 6 6 6 5 7 7 7 7 7 6 6 8 7 7 7 6 8 8 6 8 8 9 7 9 9 6 6 6 6 8 8 7 6 8 8 7 7 6 6 6 5 5 5 3
2 2 2 3 3 3 4 4 5 5 5 4 5 5 5 5 5 5 6 6 6 6 5 7 7 7 7 7 6 6 8 7 7 7 6 8 8 8 6 8 9 7 9 9 6 6 6 8 6 8 7 6 8 8 7 7 6 6 6 5 5 5 3
2 2 2 3 3 3 4 4 5 5 5 4 5 5 5 5 5 5 6 6 6 6 5 7 7 7 7 7 6 6 8 7 7 7 6 8 8 8 8 6 9 7 9 9 6 6 8 6 6 8 7 8 8 8 7 7 6 6 6 5 5 5 3
2 2 2 3 3 3 4 4 5 5 5 4 5 5 5 5 5 5 6 6 6 6 5 7 7 7 7 7 6 6 8 7 7 7 6 8 8 8 8 8 9 7 7 7 6 6 8 8 8 8 7 6 8 8 7 7 6 6 6 5 5 5 3
2 2 2 3 3 3 4 4 5 5 5 4 5 5 5 5 5 5 6 6 6 6 5 7 7 7 7 7 6 6 8 7 7 7 6 8 8 8 8 8 9 7 7 9 6 6 6 8 8 8 7 8 8 8 7 7 6 6 6 5 5 5 3
2 2 2 3 3 3 4 4 5 5 5 4 5 5 5 5 5 5 6 6 6 6 5 7 7 7 7 7 6 6 8 7 7 7 6 8 8 8 8 8 9 7 9 7 6 6 6 8 8 8 7 6 8 8 7 7 6 6 6 5 5 5 3
2 2 2 3 3 3 4 4 5 5 5 4 5 5 5 5 5 5 6 6 6 6 5 7 7 7 7 7 6 6 8 7 7 7 6 8 8 8 8 8 9 7 9 7 6 6 6 8 8 8 7 8 8 8 7 7 6 6 6 5 5 5 3
2 2 2 3 3 3 4 4 5 5 5 4 5 5 5 5 5 5 6 6 6 6 5 7 7 7 7 7 6 6 8 7 7 7 6 8 8 8 8 8 9 7 9 7 6 6 8 8 8 8 7 6 8 8 7 7 6 6 6 5 5 5 3
2 2 2 3 3 3 4 4 5 5 5 4 5 5 5 5 5 5 6 6 6 6 5 7 7 7 7 7 6 6 8 7 7 7 6 8 8 8 8 8 9 7 9 9 6 6 6 8 8 8 7 6 8 8 7 7 6 6 6 5 5 5 3
2 2 2 3 3 3 4 4 5 5 5 4 5 5 5 5 5 5 6 6 6 6 5 7 7 7 7 7 6 6 8 7 7 7 6 8 8 8 8 8 9 7 9 9 6 6 8 8 6 8 7 6 8 8 7 7 6 6 6 5 5 5 3
2 2 2 3 3 3 4 4 5 5 5 4 5 5 5 5 5 5 6 6 6 6 5 7 7 7 7 7 6 6 8 7 7 7 6 8 8 8 8 8 9 7 9 9 6 6 8 8 8 8 7 8 8 8 7 7 6 6 6 5 5 5 3
2 2 2 3 3 3 4 4 5 5 5 4 5 5 5 5 5 5 6 6 6 6 5 7 7 7 7 7 6 6 8 7 7 7 8 8 6 6 8 6 9 7 9 9 6 6 8 6 8 8 7 8 8 6 7 7 6 6 6 5 5 5 3
2 2 2 3 3 3 4 4 5 5 5 4 5 5 5 5 5 5 6 6 6 6 5 7 7 7 7 7 6 6 8 7 7 7 8 8 6 8 8 6 7 7 9 9 6 6 8 6 8 8 7 8 8 6 7 7 6 6 6 5 5 5 3
2 2 2 3 3 3 4 4 5 5 5 4 5 5 5 5 5 5 6 6 6 6 5 7 7 7 7 7 6 6 8 7 7 7 8 8 6 8 8 6 9 7 7 9 6 6 8 8 6 8 7 8 8 6 7 7 6 6 6 5 5 5 3
2 2 2 3 3 3 4 4 5 5 5 4 5 5 5 5 5 5 6 6 6 6 5 7 7 7 7 7 6 6 8 7 7 7 8 8 6 8 8 6 9 7 9 9 6 6 8 6 8 8 7 8 8 6 7 7 6 6 6 5 5 5 3
2 2 2 3 3 3 4 4 5 5 5 4 5 5 5 5 5 5 6 6 6 6 5 7 7 7 7 7 6 6 8 7 7 7 8 8 8 6 8 6 9 7 9 7 6 6 8 6 8 6 7 8 8 8 7 7 6 6 6 5 5 5 3
2 2 2 3 3 3 4 4 5 5 5 4 5 5 5 5 5 5 6 6 6 6 5 7 7 7 7 7 6 6 8 7 7 7 8 8 8 6 8 6 9 7 9 9 6 6 8 6 6 8 7 8 8 8 7 7 6 6 6 5 5 5 3
2 2 2 3 3 3 4 4 5 5 5 4 5 5 5 5 5 5 6 6 6 6 5 7 7 7 7 7 6 6 8 7 7 7 8 8 8 6 8 8 9 7 7 7 6 6 8 6 8 8 7 8 8 8 7 7 6 6 6 5 5 5 3
2 2 2 3 3 3 4 4 5 5 5 4 5 5 5 5 5 5 6 6 6 6 5 7 7 7 7 7 6 6 8 7 7 7 8 8 8 8 8 6 7 7 7 7 6 6 8 8 8 8 7 8 8 8 7 7 6 6 6 5 5 5 3
2 2 2 3 3 3 4 4 5 5 5 4 5 5 5 5 5 5 6 6 6 6 5 7 7 7 7 7 6 6 8 7 7 7 8 8 8 8 8 6 7 7 7 9 6 6 6 8 8 8 7 8 8 8 7 7 6 6 6 5 5 5 3
2 2 2 3 3 3 4 4 5 5 5 4 5 5 5 5 5 5 6 6 6 6 5 7 7 7 7 7 6 6 8 7 7 7 8 8 8 8 8 6 7 7 9 9 6 6 8 6 6 8 7 8 8 8 7 7 6 6 6 5 5 5 3
2 2 2 3 3 3 4 4 5 5 5 4 5 5 5 5 5 5 6 6 6 6 5 7 7 7 7 7 6 6 8 7 7 7 8 8 8 8 8 6 9 7 7 9 6 6 8 6 6 8 7 8 8 8 7 7 6 6 6 5 5 5 3
2 2 2 3 3 3 4 4 5 5 5 4 5 5 5 5 5 5 6 6 6 6 5 7 7 7 7 7 6 6 8 7 7 7 8 8 8 8 8 6 9 7 9 9 6 6 8 6 6 6 7 8 8 8 7 7 6 6 6 5 5 5 3
2 2 2 3 3 3 4 4 5 5 5 4 5 5 5 5 5 5 6 6 6 6 5 7 7 7 7 7 6 6 8 7 7 7 8 8 8 8 8 6 9 7 9 9 6 6 8 6 6 8 7 8 8 8 7 7 6 6 6 5 5 5 3
2 2 2 3 3 3 4 4 5 5 5 4 5 5 5 5 5 5 6 6 6 6 5 7 7 7 7 7 6 6 8 7 7 7 8 8 8 8 8 8 7 7 7 9 6 6 6 8 8 8 7 8 8 8 7 7 6 6 6 5 5 5 3
2 2 2 3 3 3 4 4 5 5 5 4 5 5 5 5 5 5 6 6 6 6 5 7 7 7 7 7 6 6 8 7 7 7 8 8 8 8 8 8 9 7 7 9 6 6 6 8 8 8 7 8 8 8 7 7 6 6 6 5 5 5 3
2 2 2 3 3 3 4 4 5 5 5 4 5 5 5 5 5 5 6 6 6 6 5 7 7 7 7 7 6 6 8 7 7 7 8 8 8 8 8 8 9 7 7 9 6 6 8 8 8 8 7 8 8 8 7 7 6 6 6 5 5 5 3
2 2 2 3 3 3 4 4 5 5 5 4 5 5 5 5 5 5 6 6 6 6 5 7 7 7 7 7 6 6 8 7 7 7 8 8 8 8 8 8 9 7 9 9 6 6 8 6 8 8 7 8 8 8 7 7 6 6 6 5 5 5 3
2 2 2 3 3 3 4 4 5 5 5 4 5 5 5 5 5 5 6 6 6 6 5 7 7 7 7 7 6 6 8 7 7 7 8 8 8 8 8 8 9 7 9 9 6 6 10 8 8 10 7 10 10 10 9 9 8 8 8 7 7 7 5
2 2 2 3 3 3 4 4 5 5 5 4 5 5 5 5 5 5 6 6 6 6 5 7 7 7 7 7 6 8 6 7 7 7 6 8 8 6 8 8 9 7 7 9 6 6 8 6 8 8 7 6 8 8 7 7 6 6 6 5 5 5 3
2 2 2 3 3 3 4 4 5 5 5 4 5 5 5 5 5 5 6 6 6 6 5 7 7 7 7 7 6 8 6 7 7 7 6 8 8 6 8 8 9 7 9 7 6 6 8 6 8 8 7 6 8 8 7 7 6 6 6 5 5 5 3
2 2 2 3 3 3 4 4 5 5 5 4 5 5 5 5 5 5 6 6 6 6 5 7 7 7 7 7 6 8 6 7 7 7 6 8 8 6 8 8 9 7 9 7 6 8 8 6 8 8 7 6 8 8 7 7 6 6 6 5 5 5 3
2 2 2 3 3 3 4 4 5 5 5 4 5 5 5 5 5 5 6 6 6 6 5 7 7 7 7 7 6 8 6 7 7 7 6 8 8 6 8 8 9 7 9 9 6 6 6 6 8 8 7 6 8 8 7 7 6 6 6 5 5 5 3
2 2 2 3 3 3 4 4 5 5 5 4 5 5 5 5 5 5 6 6 6 6 5 7 7 7 7 7 6 8 6 7 7 7 6 8 8 8 6 8 9 7 7 9 6 8 8 8 8 8 7 8 6 8 7 7 6 6 6 5 5 5 3
2 2 2 3 3 3 4 4 5 5 5 4 5 5 5 5 5 5 6 6 6 6 5 7 7 7 7 7 6 8 6 7 7 7 6 8 8 8 6 8 9 7 7 9 6 8 8 8 8 8 7 8 8 8 7 7 6 6 6 5 5 5 3
2 2 2 3 3 3 4 4 5 5 5 4 5 5 5 5 5 5 6 6 6 6 5 7 7 7 7 7 6 8 6 7 7 7 6 8 8 8 6 8 9 7 9 9 6 8 6 8 8 8 7 6 8 8 7 7 6 6 6 5 5 5 3
2 2 2 3 3 3 4 4 5 5 5 4 5 5 5 5 5 5 6 6 6 6 5 7 7 7 7 7 6 8 6 7 7 7 6 8 8 8 6 8 9 7 9 9 6 8 6 8 8 8 7 8 6 8 7 7 6 6 6 5 5 5 3
2 2 2 3 3 3 4 4 5 5 5 4 5 5 5 5 5 5 6 6 6 6 5 7 7 7 7 7 6 8 6 7 7 7 6 8 8 8 6 8 9 7 9 9 6 8 6 8 8 8 7 8 8 8 7 7 6 6 6 5 5 5 3
2 2 2 3 3 3 4 4 5 5 5 4 5 5 5 5 5 5 6 6 6 6 5 7 7 7 7 7 6 8 6 7 7 7 6 8 8 8 6 8 9 7 9 9 6 8 8 8 8 8 7 6 8 8 7 7 6 6 6 5 5 5 3
2 2 2 3 3 3 4 4 5 5 5 4 5 5 5 5 5 5 6 6 6 6 5 7 7 7 7 7 6 8 6 7 7 7 6 8 8 8 6 8 9 7 9 9 6 8 8 8 8 8 7 8 6 8 7 7 6 6 6 5 5 5 3
2 2 2 3 3 3 4 4 5 5 5 4 5 5 5 5 5 5 6 6 6 6 5 7 7 7 7 7 6 8 6 7 7 7 6 8 8 8 8 8 9 7 9 7 6 6 6 8 8 8 7 6 8 8 7 7 6 6 6 5 5 5 3
2 2 2 3 3 3 4 4 5 5 5 4 5 5 5 5 5 5 6 6 6 6 5 7 7 7 7 7 6 8 6 7 7 7 6 8 8 8 8 8 9 7 9 7 6 6 6 8 8 8 7 8 8 8 7 7 6 6 6 5 5 5 3
2 2 2 3 3 3 4 4 5 5 5 4 5 5 5 5 5 5 6 6 6 6 5 7 7 7 7 7 6 8 6 7 7 7 6 8 8 8 8 8 9 7 9 7 6 6 8 8 8 8 7 6 8 8 7 7 6 6 6 5 5 5 3
2 2 2 3 3 3 4 4 5 5 5 4 5 5 5 5 5 5 6 6 6 6 5 7 7 7 7 7 6 8 6 7 7 7 6 8 8 8 8 8 9 7 9 9 6 8 6 8 8 8 7 8 8 8 7 7 6 6 6 5 5 5 3
2 2 2 3 3 3 4 4 5 5 5 4 5 5 5 5 5 5 6 6 6 6 5 7 7 7 7 7 6 8 6 7 7 7 8 6 8 6 8 8 9 7 9 9 6 6 6 6 8 8 7 8 6 8 7 7 6 6 6 5 5 5 3
2 2 2 3 3 3 4 4 5 5 5 4 5 5 5 5 5 5 6 6 6 6 5 7 7 7 7 7 6 8 6 7 7 7 8 6 8 8 8 8 9 7 7 9 6 6 8 6 8 8 7 8 6 8 7 7 6 6 6 5 5 5 3
2 2 2 3 3 3 4 4 5 5 5 4 5 5 5 5 5 5 6 6 6 6 5 7 7 7 7 7 6 8 6 7 7 7 8 8 8 8 6 8 7 7 7 9 6 8 8 8 8 8 7 8 8 8 7 7 6 6 6 5 5 5 3
2 2 2 3 3 3 4 4 5 5 5 4 5 5 5 5 5 5 6 6 6 6 5 7 7 7 7 7 6 8 6 7 7 7 8 8 8 8 6 8 7 7 9 9 6 8 6 8 8 8 7 8 8 8 7 7 6 6 6 5 5 5 3
2 2 2 3 3 3 4 4 5 5 5 4 5 5 5 5 5 5 6 6 6 6 5 7 7 7 7 7 6 8 6 7 7 7 8 8 8 8 6 8 9 7 7 9 6 8 8 8 8 8 7 8 6 8 7 7 6 6 6 5 5 5 3
2 2 2 3 3 3 4 4 5 5 5 4 5 5 5 5 5 5 6 6 6 6 5 7 7 7 7 7 6 8 6 7 7 7 8 8 8 8 6 8 9 7 9 9 6 8 6 8 8 8 7 8 6 8 7 7 6 6 6 5 5 5 3
2 2 2 3 3 3 4 4 5 5 5 4 5 5 5 5 5 5 6 6 6 6 5 7 7 7 7 7 6 8 6 7 7 7 8 8 8 8 6 8 9 7 9 9 6 8 8 8 8 8 7 8 6 8 7 7 6 6 6 5 5 5 3
2 2 2 3 3 3 4 4 5 5 5 4 5 5 5 5 5 5 6 6 6 6 5 7 7 7 7 7 6 8 6 7 7 7 8 8 8 8 8 6 7 7 7 7 6 6 8 8 8 6 7 8 8 8 7 7 6 6 6 5 5 5 3
2 2 2 3 3 3 4 4 5 5 5 4 5 5 5 5 5 5 6 6 6 6 5 7 7 7 7 7 6 8 6 7 7 7 8 8 8 8 8 6 7 7 7 7 6 8 8 8 8 6 7 8 8 8 7 7 6 6 6 5 5 5 3
2 2 2 3 3 3 4 4 5 5 5 4 5 5 5 5 5 5 6 6 6 6 5 7 7 7 7 7 6 8 6 7 7 7 8 8 8 8 8 6 7 7 7 9 6 8 6 8 8 6 7 8 8 8 7 7 6 6 6 5 5 5 3
2 2 2 3 3 3 4 4 5 5 5 4 5 5 5 5 5 5 6 6 6 6 5 7 7 7 7 7 6 8 6 7 7 7 8 8 8 8 8 6 7 7 9 7 6 6 6 8 8 6 7 8 8 8 7 7 6 6 6 5 5 5 3
2 2 2 3 3 3 4 4 5 5 5 4 5 5 5 5 5 5 6 6 6 6 5 7 7 7 7 7 6 8 6 7 7 7 8 8 8 8 8 6 7 7 9 7 6 8 6 8 8 6 7 8 8 8 7 7 6 6 6 5 5 5 3
2 2 2 3 3 3 4 4 5 5 5 4 5 5 5 5 5 5 6 6 6 6 5 7 7 7 7 7 6 8 6 7 7 7 8 8 8 8 8 8 7 7 9 7 6 6 6 8 8 8 7 8 8 8 7 7 6 6 6 5 5 5 3
2 2 2 3 3 3 4 4 5 5 5 4 5 5 5 5 5 5 6 6 6 6 5 7 7 7 7 7 6 8 6 7 7 7 8 8 8 8 8 8 7 7 9 7 6 8 6 8 8 8 7 8 8 8 7 7 6 6 6 5 5 5 3
2 2 2 3 3 3 4 4 5 5 5 4 5 5 5 5 5 5 6 6 6 6 5 7 7 7 7 7 6 8 6 7 7 7 8 8 8 8 8 8 7 7 9 9 6 8 8 6 6 8 7 8 8 8 7 7 6 6 6 5 5 5 3
2 2 2 3 3 3 4 4 5 5 5 4 5 5 5 5 5 5 6 6 6 6 5 7 7 7 7 7 6 8 6 7 7 7 8 8 8 8 8 8 7 7 9 9 6 8 8 6 8 8 7 8 8 8 7 7 6 6 6 5 5 5 3
2 2 2 3 3 3 4 4 5 5 5 4 5 5 5 5 5 5 6 6 6 6 5 7 7 7 7 7 6 8 6 7 7 7 8 8 8 8 8 8 9 7 9 9 6 6 8 8 8 8 7 8 8 8 7 7 6 6 6 5 5 5 3
2 2 2 3 3 3 4 4 5 5 5 4 5 5 5 5 5 5 6 6 6 6 5 7 7 7 7 7 6 8 6 7 7 7 8 8 8 8 8 8 9 7 9 9 6 8 8 6 8 8 7 8 6 8 7 7 6 6 6 5 5 5 3
2 2 2 3 3 3 4 4 5 5 5 4 5 5 5 5 5 5 6 6 6 6 5 7 7 7 7 7 6 8 8 7 7 7 6 8 8 6 6 6 9 7 9 7 6 8 8 6 8 8 7 6 8 8 7 7 6 6 6 5 5 5 3
2 2 2 3 3 3 4 4 5 5 5 4 5 5 5 5 5 5 6 6 6 6 5 7 7 7 7 7 6 8 8 7 7 7 6 8 8 6 6 6 9 7 9 9 6 6 8 6 8 8 7 6 8 8 7 7 6 6 6 5 5 5 3
2 2 2 3 3 3 4 4 5 5 5 4 5 5 5 5 5 5 6 6 6 6 5 7 7 7 7 7 6 8 8 7 7 7 6 8 8 6 6 6 9 7 9 9 6 8 8 6 8 8 7 6 8 8 7 7 6 6 6 5 5 5 3
2 2 2 3 3 3 4 4 5 5 5 4 5 5 5 5 5 5 6 6 6 6 5 7 7 7 7 7 6 8 8 7 7 7 6 8 8 8 6 6 7 7 9 7 6 6 8 8 8 8 7 8 8 8 7 7 6 6 6 5 5 5 3
2 2 2 3 3 3 4 4 5 5 5 4 5 5 5 5 5 5 6 6 6 6 5 7 7 7 7 7 6 8 8 7 7 7 6 8 8 8 6 6 7 7 9 7 6 8 8 8 8 8 7 8 8 8 7 7 6 6 6 5 5 5 3
2 2 2 3 3 3 4 4 5 5 5 4 5 5 5 5 5 5 6 6 6 6 5 7 7 7 7 7 6 8 8 7 7 7 6 8 8 8 6 6 7 7 9 9 6 6 8 8 8 8 7 8 8 8 7 7 6 6 6 5 5 5 3
2 2 2 3 3 3 4 4 5 5 5 4 5 5 5 5 5 5 6 6 6 6 5 7 7 7 7 7 6 8 8 7 7 7 6 8 8 8 6 6 7 7 9 9 6 8 8 6 8 8 7 8 8 8 7 7 6 6 6 5 5 5 3
2 2 2 3 3 3 4 4 5 5 5 4 5 5 5 5 5 5 6 6 6 6 5 7 7 7 7 7 6 8 8 7 7 7 6 8 8 8 6 6 7 7 9 9 6 8 8 8 8 8 7 8 8 8 7 7 6 6 6 5 5 5 3
2 2 2 3 3 3 4 4 5 5 5 4 5 5 5 5 5 5 6 6 6 6 5 7 7 7 7 7 6 8 8 7 7 7 6 8 8 8 6 6 9 7 9 9 6 6 6 8 8 8 7 8 8 8 7 7 6 6 6 5 5 5 3
2 2 2 3 3 3 4 4 5 5 5 4 5 5 5 5 5 5 6 6 6 6 5 7 7 7 7 7 6 8 8 7 7 7 6 8 8 8 6 6 9 7 9 9 6 8 6 8 8 8 7 8 8 8 7 7 6 6 6 5 5 5 3
2 2 2 3 3 3 4 4 5 5 5 4 5 5 5 5 5 5 6 6 6 6 5 7 7 7 7 7 6 8 8 7 7 7 6 8 8 8 6 6 9 7 9 9 6 8 8 8 8 8 7 8 8 8 7 7 6 6 6 5 5 5 3
2 2 2 3 3 3 4 4 5 5 5 4 5 5 5 5 5 5 6 6 6 6 5 7 7 7 7 7 6 8 8 7 7 7 6 8 8 8 6 8 7 7 9 9 6 8 6 8 8 8 7 8 8 8 7 7 6 6 6 5 5 5 3
2 2 2 3 3 3 4 4 5 5 5 4 5 5 5 5 5 5 6 6 6 6 5 7 7 7 7 7 6 8 8 7 7 7 6 8 8 8 6 8 7 7 9 9 6 8 8 8 8 8 7 8 8 8 7 7 6 6 6 5 5 5 3
2 2 2 3 3 3 4 4 5 5 5 4 5 5 5 5 5 5 6 6 6 6 5 7 7 7 7 7 6 8 8 7 7 7 6 8 8 8 6 8 9 7 7 7 6 6 8 8 8 8 7 8 8 8 7 7 6 6 6 5 5 5 3
2 2 2 3 3 3 4 4 5 5 5 4 5 5 5 5 5 5 6 6 6 6 5 7 7 7 7 7 6 8 8 7 7 7 6 8 8 8 6 8 9 7 9 7 6 8 8 8 8 8 7 8 8 8 7 7 6 6 6 5 5 5 3
2 2 2 3 3 3 4 4 5 5 5 4 5 5 5 5 5 5 6 6 6 6 5 7 7 7 7 7 6 8 8 7 7 7 6 8 8 8 6 8 9 7 9 9 6 8 6 6 8 8 7 8 8 8 7 7 6 6 6 5 5 5 3
2 2 2 3 3 3 4 4 5 5 5 4 5 5 5 5 5 5 6 6 6 6 5 7 7 7 7 7 6 8 8 7 7 7 6 8 8 8 6 8 9 7 9 9 6 8 6 8 8 8 7 8 8 8 7 7 6 6 6 5 5 5 3
2 2 2 3 3 3 4 4 5 5 5 4 5 5 5 5 5 5 6 6 6 6 5 7 7 7 7 7 6 8 8 7 7 7 6 8 8 8 6 8 9 7 9 9 6 8 8 8 8 8 7 8 8 8 7 7 6 6 6 5 5 5 3
2 2 2 3 3 3 4 4 5 5 5 4 5 5 5 5 5 5 6 6 6 6 5 7 7 7 7 7 6 8 8 7 7 7 6 8 8 8 6 8 9 7 9 9 6 8 10 8 8 8 9 8 8 10 9 9 8 8 8 7 7 7 5
2 2 2 3 3 3 4 4 5 5 5 4 5 5 5 5 5 5 6 6 6 6 5 7 7 7 7 7 6 8 8 7 7 7 6 8 8 8 6 8 9 7 9 9 6 8 10 8 8 10 7 8 8 10 9 9 8 8 8 7 7 7 5
2 2 2 3 3 3 4 4 5 5 5 4 5 5 5 5 5 5 6 6 6 6 5 7 7 7 7 7 6 8 8 7 7 7 6 8 8 8 6 8 9 7 9 9 6 8 10 8 8 10 9 8 8 10 9 9 8 8 8 7 7 7 5
2 2 2 3 3 3 4 4 5 5 5 4 5 5 5 5 5 5 6 6 6 6 5 7 7 7 7 7 6 8 8 7 7 7 6 8 8 8 8 6 7 5 7 9 6 8 8 8 8 8 7 8 8 8 7 7 6 6 6 5 5 5 3
2 2 2 3 3 3 4 4 5 5 5 4 5 5 5 5 5 5 6 6 6 6 5 7 7 7 7 7 6 8 8 7 7 7 6 8 8 8 8 6 9 5 7 7 6 8 8 8 8 8 7 8 8 8 7 7 6 6 6 5 5 5 3
2 2 2 3 3 3 4 4 5 5 5 4 5 5 5 5 5 5 6 6 6 6 5 7 7 7 7 7 6 8 8 7 7 7 6 8 8 8 8 6 9 5 9 7 6 8 8 8 8 8 7 8 8 8 7 7 6 6 6 5 5 5 3
2 2 2 3 3 3 4 4 5 5 5 4 5 5 5 5 5 5 6 6 6 6 5 7 7 7 7 7 6 8 8 7 7 7 6 8 8 8 8 6 9 5 9 9 6 8 8 8 8 8 7 8 8 8 7 7 6 6 6 5 5 5 3
2 2 2 3 3 3 4 4 5 5 5 4 5 5 5 5 5 5 6 6 6 6 5 7 7 7 7 7 6 8 8 7 7 7 6 8 8 8 8 8 7 5 7 9 6 8 8 8 8 8 7 8 8 8 7 7 6 6 6 5 5 5 3
2 2 2 3 3 3 4 4 5 5 5 4 5 5 5 5 5 5 6 6 6 6 5 7 7 7 7 7 6 8 8 7 7 7 6 8 8 8 8 8 7 5 9 9 6 8 8 8 8 8 7 8 8 8 7 7 6 6 6 5 5 5 3
2 2 2 3 3 3 4 4 5 5 5 4 5 5 5 5 5 5 6 6 6 6 5 7 7 7 7 7 6 8 8 7 7 7 6 8 8 8 8 8 9 7 9 9 6 8 8 8 8 8 9 8 10 10 9 9 8 8 8 7 7 7 5
2 2 2 3 3 3 4 4 5 5 5 4 5 5 5 5 5 5 6 6 6 6 5 7 7 7 7 7 6 8 8 7 7 7 6 8 8 8 8 8 9 7 9 9 6 8 8 8 8 10 7 8 10 10 9 9 8 8 8 7 7 7 5
2 2 2 3 3 3 4 4 5 5 5 4 5 5 5 5 5 5 6 6 6 6 5 7 7 7 7 7 6 8 8 7 7 7 6 8 8 8 8 8 9 7 9 9 6 8 8 8 10 8 7 8 10 10 9 9 8 8 8 7 7 7 5
2 2 2 3 3 3 4 4 5 5 5 4 5 5 5 5 5 5 6 6 6 6 5 7 7 7 7 7 6 8 8 7 7 7 6 8 8 8 8 8 9 7 9 9 6 8 10 8 8 8 9 8 10 10 9 9 8 8 8 7 7 7 5
2 2 2 3 3 3 4 4 5 5 5 4 5 5 5 5 5 5 6 6 6 6 5 7 7 7 7 7 6 8 8 7 7 7 6 8 8 8 8 8 9 7 9 9 6 8 10 8 8 10 7 8 10 10 9 9 8 8 8 7 7 7 5
2 2 2 3 3 3 4 4 5 5 5 4 5 5 5 5 5 5 6 6 6 6 5 7 7 7 7 7 6 8 8 7 7 7 6 8 8 8 8 8 9 7 9 9 6 8 10 8 10 8 7 8 10 10 9 9 8 8 8 7 7 7 5
2 2 2 3 3 3 4 4 5 5 5 4 5 5 5 5 5 5 6 6 6 6 5 7 7 7 7 7 6 8 8 7 7 7 8 8 6 6 8 8 9 7 7 7 6 6 8 6 8 8 7 8 8 8 7 7 6 6 6 5 5 5 3
2 2 2 3 3 3 4 4 5 5 5 4 5 5 5 5 5 5 6 6 6 6 5 7 7 7 7 7 6 8 8 7 7 7 8 8 6 8 6 8 9 7 9 9 6 6 6 6 8 8 7 8 8 8 7 7 6 6 6 5 5 5 3
2 2 2 3 3 3 4 4 5 5 5 4 5 5 5 5 5 5 6 6 6 6 5 7 7 7 7 7 6 8 8 7 7 7 8 8 6 8 6 8 9 7 9 9 6 8 6 6 8 8 7 8 8 8 7 7 6 6 6 5 5 5 3
2 2 2 3 3 3 4 4 5 5 5 4 5 5 5 5 5 5 6 6 6 6 5 7 7 7 7 7 6 8 8 7 7 7 8 8 6 8 8 8 9 7 9 9 6 6 8 6 8 8 7 8 8 8 7 7 6 6 6 5 5 5 3
2 2 2 3 3 3 4 4 5 5 5 4 5 5 5 5 5 5 6 6 6 6 5 7 7 7 7 7 6 8 8 7 7 7 8 8 8 6 6 8 9 7 7 7 6 6 8 6 8 8 7 8 8 8 7 7 6 6 6 5 5 5 3
2 2 2 3 3 3 4 4 5 5 5 4 5 5 5 5 5 5 6 6 6 6 5 7 7 7 7 7 6 8 8 7 7 7 8 8 8 6 8 6 7 7 7 7 6 8 8 6 8 8 7 8 8 8 7 7 6 6 6 5 5 5 3
2 2 2 3 3 3 4 4 5 5 5 4 5 5 5 5 5 5 6 6 6 6 5 7 7 7 7 7 6 8 8 7 7 7 8 8 8 6 8 6 7 7 7 9 6 6 8 6 8 8 7 8 8 8 7 7 6 6 6 5 5 5 3
2 2 2 3 3 3 4 4 5 5 5 4 5 5 5 5 5 5 6 6 6 6 5 7 7 7 7 7 6 8 8 7 7 7 8 8 8 6 8 6 7 7 7 9 6 8 8 6 8 8 7 8 8 8 7 7 6 6 6 5 5 5 3
2 2 2 3 3 3 4 4 5 5 5 4 5 5 5 5 5 5 6 6 6 6 5 7 7 7 7 7 6 8 8 7 7 7 8 8 8 8 6 6 9 7 9 9 6 6 6 8 8 8 7 8 8 8 7 7 6 6 6 5 5 5 3
2 2 2 3 3 3 4 4 5 5 5 4 5 5 5 5 5 5 6 6 6 6 5 7 7 7 7 7 6 8 8 7 7 7 8 8 8 8 6 8 7 7 9 7 6 8 6 8 8 8 7 8 8 8 7 7 6 6 6 5 5 5 3
2 2 2 3 3 3 4 4 5 5 5 4 5 5 5 5 5 5 6 6 6 6 5 7 7 7 7 7 6 8 8 7 7 7 8 8 8 8 6 8 7 7 9 7 6 8 8 8 8 8 7 8 8 8 7 7 6 6 6 5 5 5 3
2 2 2 3 3 3 4 4 5 5 5 4 5 5 5 5 5 5 6 6 6 6 5 7 7 7 7 7 6 8 8 7 7 7 8 8 8 8 8 6 7 5 7 9 6 8 8 8 8 8 7 8 8 8 7 7 6 6 6 5 5 5 3
2 2 2 3 3 3 4 4 5 5 5 4 5 5 5 5 5 5 6 6 6 6 5 7 7 7 7 7 6 8 8 7 7 7 8 8 8 8 8 6 7 5 9 7 6 8 8 8 8 8 7 8 8 8 7 7 6 6 6 5 5 5 3
2 2 2 3 3 3 4 4 5 5 5 4 5 5 5 5 5 5 6 6 6 6 5 7 7 7 7 7 6 8 8 7 7 7 8 8 8 8 8 6 7 5 9 9 6 8 8 8 8 8 7 8 8 8 7 7 6 6 6 5 5 5 3
2 2 2 3 3 3 4 4 5 5 5 4 5 5 5 5 5 5 6 6 6 6 5 7 7 7 7 7 6 8 8 7 7 7 8 8 8 8 8 8 7 7 9 9 6 8 8 8 10 10 7 10 10 10 9 9 8 8 8 7 7 7 5
2 2 2 3 3 3 4 4 5 5 5 4 5 5 5 5 5 5 6 6 6 6 5 7 7 7 7 7 6 8 8 7 7 7 8 8 8 8 8 8 9 7 9 7 6 8 10 8 10 10 9 10 8 10 9 9 8 8 8 7 7 7 5
2 2 2 3 3 3 4 4 5 5 5 4 5 5 5 5 5 5 6 6 6 6 5 7 7 7 7 7 6 8 8 7 7 7 8 8 8 8 8 8 9 7 9 9 6 8 8 8 10 10 9 10 8 8 9 7 8 8 8 7 7 7 5
2 2 2 3 3 3 4 4 5 5 5 4 5 5 5 5 5 5 6 6 6 6 5 7 7 7 7 7 8 8 6 7 7 7 8 8 8 6 6 8 7 7 9 9 8 8 8 8 8 8 7 6 8 8 7 7 6 6 6 5 5 5 3
2 2 2 3 3 3 4 4 5 5 5 4 5 5 5 5 5 5 6 6 6 6 5 7 7 7 7 7 8 8 6 7 7 7 8 8 8 6 6 8 7 7 9 9 8 8 8 8 8 8 7 8 8 8 7 7 6 6 6 5 5 5 3
2 2 2 3 3 3 4 4 5 5 5 4 5 5 5 5 5 5 6 6 6 6 5 7 7 7 7 7 8 8 6 7 7 7 8 8 8 6 8 8 7 7 9 7 8 8 6 8 8 8 7 8 8 8 7 7 6 6 6 5 5 5 3
2 2 2 3 3 3 4 4 5 5 5 4 5 5 5 5 5 5 6 6 6 6 5 7 7 7 7 7 8 8 6 7 7 7 8 8 8 6 8 8 7 7 9 9 6 8 8 8 8 8 7 8 8 8 7 7 6 6 6 5 5 5 3
2 2 2 3 3 3 4 4 5 5 5 4 5 5 5 5 5 5 6 6 6 6 5 7 7 7 7 7 8 8 6 7 7 7 8 8 8 8 8 6 9 7 9 9 8 8 8 8 10 6 7 10 10 8 9 9 8 8 8 7 7 7 5
2 2 2 3 3 3 4 4 5 5 5 4 5 5 5 5 5 5 6 6 6 6 5 7 7 7 7 7 8 8 8 7 7 7 8 8 8 6 6 8 7 7 9 9 8 8 10 8 8 8 9 8 8 10 9 7 8 8 8 7 7 7 5
2 2 2 3 3 3 4 4 5 5 5 4 5 5 5 5 5 5 6 6 6 6 5 7 7 7 7 7 8 8 8 7 7 7 8 8 8 6 8 6 7 7 7 9 6 8 8 8 8 8 7 8 8 8 7 7 6 6 6 5 5 5 3
2 2 2 3 3 3 4 4 5 5 5 4 5 5 5 5 5 5 6 6 6 6 5 7 7 7 7 7 8 8 8 7 7 7 8 8 8 6 8 8 9 7 9 7 8 8 10 8 10 8 9 8 10 10 9 7 8 8 8 7 7 7 5
2 2 2 3 3 3 4 4 5 5 5 4 5 5 5 5 5 5 6 6 6 6 5 7 7 7 7 7 8 8 8 7 7 7 8 8 8 6 8 8 9 7 9 9 8 6 10 8 10 8 9 8 10 10 9 7 8 8 8 7 7 7 5
2 2 2 3 3 3 4 4 5 5 5 4 5 5 5 5 5 5 6 6 6 6 5 7 7 7 7 7 8 8 8 7 7 7 8 8 8 8 8 6 7 7 9 9 8 8 8 8 10 8 7 10 10 8 9 7 8 8 8 7 7 7 5
2 2 2 3 3 3 4 4 5 5 5 4 5 5 5 5 5 5 6 6 6 6 5 7 7 7 7 7 8 8 8 7 7 7 8 8 8 8 8 6 9 7 7 9 8 8 8 8 10 8 9 10 10 8 9 9 8 8 8 7 7 7 5
2 2 2 3 3 3 4 4 5 5 5 4 5 5 5 5 5 5 6 6 6 6 5 7 7 7 7 7 8 8 8 7 7 7 8 8 8 8 8 8 9 7 7 7 8 8 10 10 10 8 9 10 10 10 9 7 8 8 8 7 7 7 5
2 2 2 3 3 3 4 4 5 5 5 4 5 5 5 5 5 5 6 6 6 6 5 7 7 7 7 7 8 8 8 7 7 7 8 8 8 8 8 8 9 7 7 9 8 8 8 8 10 10 9 10 8 8 9 7 8 8 8 7 7 7 5
2 2 2 3 3 3 4 4 5 5 5 4 5 5 5 5 5 5 6 6 6 6 5 7 7 7 7 7 8 8 8 7 7 7 8 8 8 8 8 8 9 7 9 9 6 6 10 10 10 8 9 10 10 10 9 7 8 8 8 7 7 7 5
2 2 2 3 3 3 4 4 5 5 5 4 5 5 5 5 5 5 6 6 6 6 5 7 7 7 7 7 8 8 8 7 7 7 8 8 8 8 8 8 9 7 9 9 8 8 10 8 8 10 7 10 10 10 9 9 8 8 8 7 7 7 5
2 2 2 3 3 3 4 4 5 5 5 4 5 5 5 5 5 5 6 6 6 6 5 7 7 7 7 7 8 8 8 7 7 7 8 8 8 8 8 8 9 7 9 9 8 8 10 8 8 10 9 8 10 8 7 9 8 8 8 7 7 7 5
2 2 2 3 3 3 4 4 5 5 5 4 5 5 5 5 5 5 6 6 6 6 5 7 7 7 7 7 8 8 8 7 7 7 8 8 8 8 8 8 9 7 9 9 8 8 10 8 10 8 7 8 10 8 9 9 8 8 8 7 7 7 5
2 2 2 3 3 3 4 4 5 5 5 4 5 5 5 5 5 5 6 6 6 6 5 7 7 7 7 7 8 8 8 7 7 7 8 8 8 8 8 8 9 7 9 9 8 8 10 8 10 8 7 10 10 10 9 9 8 8 8 7 7 7 5
2 2 2 3 3 3 4 4 5 5 5 4 5 5 5 5 5 5 6 6 6 6 5 7 7 7 7 7 8 8 8 7 7 7 8 8 8 8 8 8 9 7 9 9 8 8 10 8 10 8 9 10 10 10 9 7 8 8 8 7 7 7 5
2 2 2 3 3 3 4 4 5 5 5 4 5 5 5 5 5 5 6 6 6 6 5 7 7 7 7 7 8 8 8 7 7 7 8 8 8 8 8 8 9 7 9 9 8 8 10 8 10 10 7 10 10 8 9 9 8 8 8 7 7 7 5
2 2 2 3 3 3 4 4 5 5 5 4 5 5 5 5 5 5 6 6 6 6 5 7 7 7 7 7 8 8 8 7 7 7 8 8 8 8 8 8 9 7 9 9 8 8 10 8 10 10 7 10 10 10 9 9 8 8 8 7 7 7 5
2 2 2 3 3 3 4 4 5 5 5 4 5 5 5 5 5 5 6 6 6 6 5 7 7 7 7 7 8 8 8 7 7 7 8 8 8 8 8 8 9 7 9 9 8 8 10 8 10 10 9 10 10 8 9 7 8 8 8 7 7 7 5
2 2 2 3 3 3 4 4 5 5 5 4 5 5 5 5 5 5 6 6 6 6 5 7 7 7 7 7 8 8 8 7 7 7 8 8 8 8 8 8 9 7 9 9 8 8 10 10 10 8 9 10 10 10 9 7 8 8 8 7 7 7 5
2 2 2 3 3 3 4 4 5 5 5 4 5 5 5 5 5 5 6 6 6 6 7 7 7 7 7 7 6 6 6 7 7 7 6 6 6 6 8 8 9 9 9 9 6 6 6 6 8 8 7 6 8 8 7 7 6 6 6 5 5 5 3
2 2 2 3 3 3 4 4 5 5 5 4 5 5 5 5 5 5 6 6 6 6 7 7 7 7 7 7 6 6 6 7 7 7 6 6 6 8 8 8 9 7 9 9 6 6 6 8 8 8 7 8 8 8 7 7 6 6 6 5 5 5 3
2 2 2 3 3 3 4 4 5 5 5 4 5 5 5 5 5 5 6 6 6 6 7 7 7 7 7 7 6 6 6 7 7 7 6 6 6 8 8 8 9 9 9 9 6 6 6 6 8 8 7 8 8 8 7 7 6 6 6 5 5 5 3
2 2 2 3 3 3 4 4 5 5 5 4 5 5 5 5 5 5 6 6 6 6 7 7 7 7 7 7 6 6 6 7 7 7 6 6 6 8 8 8 9 9 9 9 6 6 6 8 8 8 7 8 8 8 7 7 6 6 6 5 5 5 3
2 2 2 3 3 3 4 4 5 5 5 4 5 5 5 5 5 5 6 6 6 6 7 7 7 7 7 7 6 6 6 7 7 7 6 6 8 6 8 8 9 9 9 7 6 6 8 6 8 8 7 6 8 8 7 7 6 6 6 5 5 5 3
2 2 2 3 3 3 4 4 5 5 5 4 5 5 5 5 5 5 6 6 6 6 7 7 7 7 7 7 6 6 6 7 7 7 6 6 8 6 8 8 9 9 9 9 6 6 8 6 8 6 7 6 8 8 7 7 6 6 6 5 5 5 3
2 2 2 3 3 3 4 4 5 5 5 4 5 5 5 5 5 5 6 6 6 6 7 7 7 7 7 7 6 6 6 7 7 7 6 6 8 8 8 8 9 9 7 7 6 6 8 6 6 8 7 8 8 8 7 7 6 6 6 5 5 5 3
2 2 2 3 3 3 4 4 5 5 5 4 5 5 5 5 5 5 6 6 6 6 7 7 7 7 7 7 6 6 6 7 7 7 6 8 8 8 6 8 9 9 7 7 6 8 8 8 6 8 7 8 8 8 7 7 6 6 6 5 5 5 3
2 2 2 3 3 3 4 4 5 5 5 4 5 5 5 5 5 5 6 6 6 6 7 7 7 7 7 7 6 6 6 7 7 7 6 8 8 8 6 8 9 9 7 9 6 8 8 8 6 6 7 8 8 8 7 7 6 6 6 5 5 5 3
2 2 2 3 3 3 4 4 5 5 5 4 5 5 5 5 5 5 6 6 6 6 7 7 7 7 7 7 6 6 6 7 7 7 6 8 8 8 6 8 9 9 7 9 6 8 8 8 6 8 7 8 8 8 7 7 6 6 6 5 5 5 3
2 2 2 3 3 3 4 4 5 5 5 4 5 5 5 5 5 5 6 6 6 6 7 7 7 7 7 7 6 6 6 7 7 7 6 8 8 8 6 8 9 9 9 9 6 8 6 8 6 6 7 8 8 8 7 7 6 6 6 5 5 5 3
2 2 2 3 3 3 4 4 5 5 5 4 5 5 5 5 5 5 6 6 6 6 7 7 7 7 7 7 6 6 6 7 7 7 6 8 8 8 6 8 9 9 9 9 6 8 6 8 6 8 7 8 8 8 7 7 6 6 6 5 5 5 3
2 2 2 3 3 3 4 4 5 5 5 4 5 5 5 5 5 5 6 6 6 6 7 7 7 7 7 7 6 6 6 7 7 7 6 8 8 8 8 8 9 7 9 7 6 6 8 8 8 6 7 8 8 8 7 7 6 6 6 5 5 5 3
2 2 2 3 3 3 4 4 5 5 5 4 5 5 5 5 5 5 6 6 6 6 7 7 7 7 7 7 6 6 6 7 7 7 6 8 8 8 8 8 9 7 9 7 6 6 8 8 8 8 7 8 8 8 7 7 6 6 6 5 5 5 3
2 2 2 3 3 3 4 4 5 5 5 4 5 5 5 5 5 5 6 6 6 6 7 7 7 7 7 7 6 6 6 7 7 7 6 8 8 8 8 8 9 7 9 7 6 8 8 8 6 8 7 8 8 8 7 7 6 6 6 5 5 5 3
2 2 2 3 3 3 4 4 5 5 5 4 5 5 5 5 5 5 6 6 6 6 7 7 7 7 7 7 6 6 6 7 7 7 6 8 8 8 8 8 9 7 9 7 6 8 8 8 8 6 7 8 8 8 7 7 6 6 6 5 5 5 3
2 2 2 3 3 3 4 4 5 5 5 4 5 5 5 5 5 5 6 6 6 6 7 7 7 7 7 7 6 6 6 7 7 7 6 8 8 8 8 8 9 7 9 9 6 6 8 8 6 8 7 8 8 8 7 7 6 6 6 5 5 5 3
2 2 2 3 3 3 4 4 5 5 5 4 5 5 5 5 5 5 6 6 6 6 7 7 7 7 7 7 6 6 6 7 7 7 6 8 8 8 8 8 9 7 9 9 6 8 8 6 6 8 7 8 8 8 7 7 6 6 6 5 5 5 3
2 2 2 3 3 3 4 4 5 5 5 4 5 5 5 5 5 5 6 6 6 6 7 7 7 7 7 7 6 6 6 7 7 7 6 8 8 8 8 8 9 7 9 9 6 8 8 8 6 6 7 8 8 8 7 7 6 6 6 5 5 5 3
2 2 2 3 3 3 4 4 5 5 5 4 5 5 5 5 5 5 6 6 6 6 7 7 7 7 7 7 6 6 6 7 7 7 6 8 8 8 8 8 9 9 9 7 6 6 6 8 8 8 7 8 8 8 7 7 6 6 6 5 5 5 3
2 2 2 3 3 3 4 4 5 5 5 4 5 5 5 5 5 5 6 6 6 6 7 7 7 7 7 7 6 6 6 7 7 7 6 8 8 8 8 8 9 9 9 7 6 6 8 8 6 8 7 8 8 8 7 7 6 6 6 5 5 5 3
2 2 2 3 3 3 4 4 5 5 5 4 5 5 5 5 5 5 6 6 6 6 7 7 7 7 7 7 6 6 6 7 7 7 6 8 8 8 8 8 9 9 9 7 6 6 8 8 8 6 7 8 8 8 7 7 6 6 6 5 5 5 3
2 2 2 3 3 3 4 4 5 5 5 4 5 5 5 5 5 5 6 6 6 6 7 7 7 7 7 7 6 6 6 7 7 7 6 8 8 8 8 8 9 9 9 7 6 8 8 6 6 8 7 8 8 8 7 7 6 6 6 5 5 5 3
2 2 2 3 3 3 4 4 5 5 5 4 5 5 5 5 5 5 6 6 6 6 7 7 7 7 7 7 6 6 6 7 7 7 6 8 8 8 8 8 9 9 9 7 6 8 8 8 6 8 7 6 8 8 7 7 6 6 6 5 5 5 3
2 2 2 3 3 3 4 4 5 5 5 4 5 5 5 5 5 5 6 6 6 6 7 7 7 7 7 7 6 6 6 7 7 7 6 8 8 8 8 8 9 9 9 7 6 8 8 8 6 8 7 8 8 8 7 7 6 6 6 5 5 5 3
2 2 2 3 3 3 4 4 5 5 5 4 5 5 5 5 5 5 6 6 6 6 7 7 7 7 7 7 6 6 6 7 7 7 6 8 8 8 8 8 9 9 9 9 6 8 8 6 6 6 7 8 8 8 7 7 6 6 6 5 5 5 3
2 2 2 3 3 3 4 4 5 5 5 4 5 5 5 5 5 5 6 6 6 6 7 7 7 7 7 7 6 6 6 7 7 7 6 8 8 8 8 8 9 9 9 9 6 8 8 8 6 6 7 8 8 8 7 7 6 6 6 5 5 5 3
2 2 2 3 3 3 4 4 5 5 5 4 5 5 5 5 5 5 6 6 6 6 7 7 7 7 7 7 6 6 6 7 7 7 8 8 8 8 8 8 9 7 7 7 6 6 8 8 8 8 7 8 8 8 7 7 6 6 6 5 5 5 3
2 2 2 3 3 3 4 4 5 5 5 4 5 5 5 5 5 5 6 6 6 6 7 7 7 7 7 7 6 6 6 7 7 7 8 8 8 8 8 8 9 7 7 7 6 8 8 8 8 8 7 8 8 8 7 7 6 6 6 5 5 5 3
2 2 2 3 3 3 4 4 5 5 5 4 5 5 5 5 5 5 6 6 6 6 7 7 7 7 7 7 6 6 6 7 7 7 8 8 8 8 8 8 9 7 7 9 6 6 8 6 8 8 7 8 8 8 7 7 6 6 6 5 5 5 3
2 2 2 3 3 3 4 4 5 5 5 4 5 5 5 5 5 5 6 6 6 6 7 7 7 7 7 7 6 6 6 7 7 7 8 8 8 8 8 8 9 7 7 9 6 6 8 8 8 8 7 8 8 8 7 7 6 6 6 5 5 5 3
2 2 2 3 3 3 4 4 5 5 5 4 5 5 5 5 5 5 6 6 6 6 7 7 7 7 7 7 6 6 6 7 7 7 8 8 8 8 8 8 9 7 7 9 6 8 8 8 8 8 7 8 8 8 7 7 6 6 6 5 5 5 3
2 2 2 3 3 3 4 4 5 5 5 4 5 5 5 5 5 5 6 6 6 6 7 7 7 7 7 7 6 6 6 7 7 7 8 8 8 8 8 8 9 7 7 9 8 8 8 8 8 8 7 8 8 8 7 7 6 6 6 5 5 5 3
2 2 2 3 3 3 4 4 5 5 5 4 5 5 5 5 5 5 6 6 6 6 7 7 7 7 7 7 6 6 6 7 7 7 8 8 8 8 8 8 9 7 9 9 6 6 6 8 8 8 7 8 8 8 7 7 6 6 6 5 5 5 3
2 2 2 3 3 3 4 4 5 5 5 4 5 5 5 5 5 5 6 6 6 6 7 7 7 7 7 7 6 6 6 7 7 7 8 8 8 8 8 8 9 7 9 9 6 6 8 6 8 8 7 8 8 8 7 7 6 6 6 5 5 5 3
2 2 2 3 3 3 4 4 5 5 5 4 5 5 5 5 5 5 6 6 6 6 7 7 7 7 7 7 6 6 6 7 7 7 8 8 8 8 8 8 9 7 9 9 6 6 8 8 8 8 7 8 8 6 7 7 6 6 6 5 5 5 3
2 2 2 3 3 3 4 4 5 5 5 4 5 5 5 5 5 5 6 6 6 6 7 7 7 7 7 7 6 6 6 7 7 7 8 8 8 8 8 8 9 7 9 9 6 6 8 8 8 8 7 8 8 8 7 7 6 6 6 5 5 5 3
2 2 2 3 3 3 4 4 5 5 5 4 5 5 5 5 5 5 6 6 6 6 7 7 7 7 7 7 6 6 6 7 7 7 8 8 8 8 8 8 9 7 9 9 6 8 6 8 8 8 7 8 8 8 7 7 6 6 6 5 5 5 3
2 2 2 3 3 3 4 4 5 5 5 4 5 5 5 5 5 5 6 6 6 6 7 7 7 7 7 7 6 6 6 7 7 7 8 8 8 8 8 8 9 7 9 9 6 8 8 6 8 8 7 8 8 8 7 7 6 6 6 5 5 5 3
2 2 2 3 3 3 4 4 5 5 5 4 5 5 5 5 5 5 6 6 6 6 7 7 7 7 7 7 6 6 6 7 7 7 8 8 8 8 8 8 9 7 9 9 6 8 8 8 8 8 7 8 8 8 7 7 6 6 6 5 5 5 3
2 2 2 3 3 3 4 4 5 5 5 4 5 5 5 5 5 5 6 6 6 6 7 7 7 7 7 7 6 6 6 7 7 7 8 8 8 8 8 8 9 9 9 9 6 6 6 8 8 8 7 8 8 8 7 7 6 6 6 5 5 5 3
2 2 2 3 3 3 4 4 5 5 5 4 5 5 5 5 5 5 6 6 6 6 7 7 7 7 7 7 6 6 6 7 7 7 8 8 8 8 8 8 9 9 9 9 6 6 8 8 8 8 7 8 8 8 7 7 6 6 6 5 5 5 3
2 2 2 3 3 3 4 4 5 5 5 4 5 5 5 5 5 5 6 6 6 6 7 7 7 7 7 7 6 6 6 7 7 7 8 8 8 8 8 8 9 9 9 9 6 8 8 6 8 8 7 8 8 8 7 7 6 6 6 5 5 5 3
2 2 2 3 3 3 4 4 5 5 5 4 5 5 5 5 5 5 6 6 6 6 7 7 7 7 7 7 6 6 8 7 7 7 6 6 8 8 8 8 9 9 7 7 6 6 8 6 6 8 7 8 8 8 7 7 6 6 6 5 5 5 3
2 2 2 3 3 3 4 4 5 5 5 4 5 5 5 5 5 5 6 6 6 6 7 7 7 7 7 7 6 6 8 7 7 7 6 8 8 6 8 8 7 7 9 9 6 6 8 6 8 8 7 6 8 8 7 7 6 6 6 5 5 5 3
2 2 2 3 3 3 4 4 5 5 5 4 5 5 5 5 5 5 6 6 6 6 7 7 7 7 7 7 6 6 8 7 7 7 6 8 8 6 8 8 7 7 9 9 6 8 8 6 8 8 7 6 6 8 7 7 6 6 6 5 5 5 3
2 2 2 3 3 3 4 4 5 5 5 4 5 5 5 5 5 5 6 6 6 6 7 7 7 7 7 7 6 6 8 7 7 7 6 8 8 6 8 8 7 7 9 9 6 8 8 6 8 8 7 6 8 8 7 7 6 6 6 5 5 5 3
2 2 2 3 3 3 4 4 5 5 5 4 5 5 5 5 5 5 6 6 6 6 7 7 7 7 7 7 6 6 8 7 7 7 6 8 8 6 8 8 9 7 9 7 6 8 8 6 8 8 7 6 8 8 7 7 6 6 6 5 5 5 3
2 2 2 3 3 3 4 4 5 5 5 4 5 5 5 5 5 5 6 6 6 6 7 7 7 7 7 7 6 6 8 7 7 7 6 8 8 8 8 6 7 7 9 7 6 8 8 8 8 8 7 8 8 8 7 7 6 6 6 5 5 5 3
2 2 2 3 3 3 4 4 5 5 5 4 5 5 5 5 5 5 6 6 6 6 7 7 7 7 7 7 6 6 8 7 7 7 6 8 8 8 8 6 7 7 9 9 6 8 8 8 6 8 7 8 8 8 7 7 6 6 6 5 5 5 3
2 2 2 3 3 3 4 4 5 5 5 4 5 5 5 5 5 5 6 6 6 6 7 7 7 7 7 7 6 6 8 7 7 7 6 8 8 8 8 6 7 7 9 9 6 8 8 8 8 8 7 6 8 8 7 7 6 6 6 5 5 5 3
2 2 2 3 3 3 4 4 5 5 5 4 5 5 5 5 5 5 6 6 6 6 7 7 7 7 7 7 6 6 8 7 7 7 6 8 8 8 8 6 7 7 9 9 6 8 8 8 8 8 7 8 8 8 7 7 6 6 6 5 5 5 3
2 2 2 3 3 3 4 4 5 5 5 4 5 5 5 5 5 5 6 6 6 6 7 7 7 7 7 7 6 6 8 7 7 7 6 8 8 8 8 6 7 9 9 7 6 8 8 8 8 8 7 8 8 8 7 7 6 6 6 5 5 5 3
2 2 2 3 3 3 4 4 5 5 5 4 5 5 5 5 5 5 6 6 6 6 7 7 7 7 7 7 6 6 8 7 7 7 6 8 8 8 8 6 7 9 9 9 6 8 8 8 6 8 7 8 8 8 7 7 6 6 6 5 5 5 3
2 2 2 3 3 3 4 4 5 5 5 4 5 5 5 5 5 5 6 6 6 6 7 7 7 7 7 7 6 6 8 7 7 7 6 8 8 8 8 6 9 7 9 7 6 8 8 8 6 8 7 8 8 8 7 7 6 6 6 5 5 5 3
2 2 2 3 3 3 4 4 5 5 5 4 5 5 5 5 5 5 6 6 6 6 7 7 7 7 7 7 6 6 8 7 7 7 6 8 8 8 8 8 7 7 9 7 6 8 8 8 8 8 7 6 8 8 7 7 6 6 6 5 5 5 3
2 2 2 3 3 3 4 4 5 5 5 4 5 5 5 5 5 5 6 6 6 6 7 7 7 7 7 7 6 6 8 7 7 7 6 8 8 8 8 8 7 7 9 9 6 8 8 8 8 8 7 6 8 8 7 7 6 6 6 5 5 5 3
2 2 2 3 3 3 4 4 5 5 5 4 5 5 5 5 5 5 6 6 6 6 7 7 7 7 7 7 6 6 8 7 7 7 6 8 8 8 8 8 7 9 7 9 6 8 6 8 8 8 7 8 8 8 7 7 6 6 6 5 5 5 3
2 2 2 3 3 3 4 4 5 5 5 4 5 5 5 5 5 5 6 6 6 6 7 7 7 7 7 7 6 6 8 7 7 7 6 8 8 8 8 8 7 9 9 7 6 6 6 8 8 8 7 8 8 8 7 7 6 6 6 5 5 5 3
2 2 2 3 3 3 4 4 5 5 5 4 5 5 5 5 5 5 6 6 6 6 7 7 7 7 7 7 6 6 8 7 7 7 6 8 8 8 8 8 7 9 9 7 6 8 6 8 8 8 7 8 8 8 7 7 6 6 6 5 5 5 3
2 2 2 3 3 3 4 4 5 5 5 4 5 5 5 5 5 5 6 6 6 6 7 7 7 7 7 7 6 6 8 7 7 7 6 8 8 8 8 8 7 9 9 9 6 6 6 8 8 8 7 8 8 8 7 7 6 6 6 5 5 5 3
2 2 2 3 3 3 4 4 5 5 5 4 5 5 5 5 5 5 6 6 6 6 7 7 7 7 7 7 6 6 8 7 7 7 6 8 8 8 8 8 9 9 7 7 6 8 6 8 8 8 7 8 8 8 7 7 6 6 6 5 5 5 3
2 2 2 3 3 3 4 4 5 5 5 4 5 5 5 5 5 5 6 6 6 6 7 7 7 7 7 7 6 6 8 7 7 7 8 8 6 8 8 6 7 7 9 9 8 8 8 8 8 8 7 8 8 6 7 7 6 6 6 5 5 5 3
2 2 2 3 3 3 4 4 5 5 5 4 5 5 5 5 5 5 6 6 6 6 7 7 7 7 7 7 6 6 8 7 7 7 8 8 6 8 8 8 7 7 7 7 8 8 8 8 8 8 7 8 8 8 7 7 6 6 6 5 5 5 3
2 2 2 3 3 3 4 4 5 5 5 4 5 5 5 5 5 5 6 6 6 6 7 7 7 7 7 7 6 6 8 7 7 7 8 8 6 8 8 8 7 7 7 9 6 8 6 8 6 8 7 8 8 8 7 7 6 6 6 5 5 5 3
2 2 2 3 3 3 4 4 5 5 5 4 5 5 5 5 5 5 6 6 6 6 7 7 7 7 7 7 6 6 8 7 7 7 8 8 6 8 8 8 7 7 7 9 6 8 6 8 8 8 7 8 8 8 7 7 6 6 6 5 5 5 3
2 2 2 3 3 3 4 4 5 5 5 4 5 5 5 5 5 5 6 6 6 6 7 7 7 7 7 7 6 6 8 7 7 7 8 8 6 8 8 8 7 7 7 9 6 8 8 8 8 8 7 8 8 8 7 7 6 6 6 5 5 5 3
2 2 2 3 3 3 4 4 5 5 5 4 5 5 5 5 5 5 6 6 6 6 7 7 7 7 7 7 6 6 8 7 7 7 8 8 6 8 8 8 7 7 7 9 8 8 8 6 8 8 7 8 8 8 7 7 6 6 6 5 5 5 3
2 2 2 3 3 3 4 4 5 5 5 4 5 5 5 5 5 5 6 6 6 6 7 7 7 7 7 7 6 6 8 7 7 7 8 8 6 8 8 8 7 7 7 9 8 8 8 8 6 8 7 8 8 8 7 7 6 6 6 5 5 5 3
2 2 2 3 3 3 4 4 5 5 5 4 5 5 5 5 5 5 6 6 6 6 7 7 7 7 7 7 6 6 8 7 7 7 8 8 6 8 8 8 7 7 9 9 8 8 8 6 8 6 7 8 8 8 7 7 6 6 6 5 5 5 3
2 2 2 3 3 3 4 4 5 5 5 4 5 5 5 5 5 5 6 6 6 6 7 7 7 7 7 7 6 6 8 7 7 7 8 8 6 8 8 8 7 7 9 9 8 8 8 6 8 8 7 8 6 8 7 7 6 6 6 5 5 5 3
2 2 2 3 3 3 4 4 5 5 5 4 5 5 5 5 5 5 6 6 6 6 7 7 7 7 7 7 6 6 8 7 7 7 8 8 6 8 8 8 7 7 9 9 8 8 8 6 8 8 7 8 8 6 7 7 6 6 6 5 5 5 3
2 2 2 3 3 3 4 4 5 5 5 4 5 5 5 5 5 5 6 6 6 6 7 7 7 7 7 7 6 6 8 7 7 7 8 8 6 8 8 8 7 7 9 9 8 8 8 6 8 8 7 8 8 8 7 7 6 6 6 5 5 5 3
2 2 2 3 3 3 4 4 5 5 5 4 5 5 5 5 5 5 6 6 6 6 7 7 7 7 7 7 6 6 8 7 7 7 8 8 6 8 8 8 7 7 9 9 8 8 8 8 8 8 7 6 6 8 7 7 6 6 6 5 5 5 3
2 2 2 3 3 3 4 4 5 5 5 4 5 5 5 5 5 5 6 6 6 6 7 7 7 7 7 7 6 6 8 7 7 7 8 8 6 8 8 8 7 9 7 7 8 8 8 8 8 8 7 8 8 8 7 7 6 6 6 5 5 5 3
2 2 2 3 3 3 4 4 5 5 5 4 5 5 5 5 5 5 6 6 6 6 7 7 7 7 7 7 6 6 8 7 7 7 8 8 6 8 8 8 7 9 7 9 8 8 8 6 8 8 7 8 8 8 7 7 6 6 6 5 5 5 3
2 2 2 3 3 3 4 4 5 5 5 4 5 5 5 5 5 5 6 6 6 6 7 7 7 7 7 7 6 6 8 7 7 7 8 8 6 8 8 8 9 7 9 9 8 8 8 6 8 8 7 8 8 6 7 7 6 6 6 5 5 5 3
2 2 2 3 3 3 4 4 5 5 5 4 5 5 5 5 5 5 6 6 6 6 7 7 7 7 7 7 6 6 8 7 7 7 8 8 6 8 8 8 9 7 9 9 8 8 8 6 8 8 7 8 8 8 7 7 6 6 6 5 5 5 3
2 2 2 3 3 3 4 4 5 5 5 4 5 5 5 5 5 5 6 6 6 6 7 7 7 7 7 7 6 6 8 7 7 7 8 8 6 8 8 8 9 9 7 7 8 8 8 8 8 8 7 6 6 8 7 7 6 6 6 5 5 5 3
2 2 2 3 3 3 4 4 5 5 5 4 5 5 5 5 5 5 6 6 6 6 7 7 7 7 7 7 6 6 8 7 7 7 8 8 6 8 8 8 9 9 9 9 8 8 8 6 8 8 7 8 8 8 7 7 6 6 6 5 5 5 3
2 2 2 3 3 3 4 4 5 5 5 4 5 5 5 5 5 5 6 6 6 6 7 7 7 7 7 7 6 6 8 7 7 7 8 8 8 8 8 8 7 9 7 9 6 8 8 8 8 6 7 8 8 8 7 7 6 6 6 5 5 5 3
2 2 2 3 3 3 4 4 5 5 5 4 5 5 5 5 5 5 6 6 6 6 7 7 7 7 7 7 6 6 8 7 7 7 8 8 8 8 8 8 7 9 7 9 8 8 6 8 8 8 7 8 8 8 7 7 6 6 6 5 5 5 3
2 2 2 3 3 3 4 4 5 5 5 4 5 5 5 5 5 5 6 6 6 6 7 7 7 7 7 7 6 6 8 7 7 7 8 8 8 8 8 8 7 9 7 9 8 8 8 8 8 10 7 10 10 10 9 9 8 8 8 7 7 7 5
2 2 2 3 3 3 4 4 5 5 5 4 5 5 5 5 5 5 6 6 6 6 7 7 7 7 7 7 6 6 8 7 7 7 8 8 8 8 8 8 7 9 9 9 6 8 8 8 8 10 7 10 10 10 9 9 8 8 8 7 7 7 5
2 2 2 3 3 3 4 4 5 5 5 4 5 5 5 5 5 5 6 6 6 6 7 7 7 7 7 7 6 6 8 7 7 7 8 8 8 8 8 8 7 9 9 9 8 8 10 8 8 10 7 8 8 10 7 9 8 8 8 7 7 7 5
2 2 2 3 3 3 4 4 5 5 5 4 5 5 5 5 5 5 6 6 6 6 7 7 7 7 7 7 6 6 8 7 7 7 8 8 8 8 8 8 9 9 7 9 6 8 8 6 8 8 7 8 8 8 7 7 6 6 6 5 5 5 3
2 2 2 3 3 3 4 4 5 5 5 4 5 5 5 5 5 5 6 6 6 6 7 7 7 7 7 7 6 6 8 7 7 7 8 8 8 8 8 8 9 9 9 9 6 6 8 8 8 8 7 8 8 8 7 7 6 6 6 5 5 5 3
2 2 2 3 3 3 4 4 5 5 5 4 5 5 5 5 5 5 6 6 6 6 7 7 7 7 7 7 6 6 8 7 7 7 8 8 8 8 8 8 9 9 9 9 6 8 8 6 8 8 7 8 8 8 7 7 6 6 6 5 5 5 3
2 2 2 3 3 3 4 4 5 5 5 4 5 5 5 5 5 5 6 6 6 6 7 7 7 7 7 7 6 6 8 7 7 7 8 8 8 8 8 8 9 9 9 9 8 8 6 8 8 8 7 8 8 8 7 7 6 6 6 5 5 5 3
2 2 2 3 3 3 4 4 5 5 5 4 5 5 5 5 5 5 6 6 6 6 7 7 7 7 7 7 6 8 8 7 7 7 6 8 8 8 6 8 9 9 9 7 6 10 10 8 8 10 9 8 8 10 9 9 8 8 8 7 7 7 5
2 2 2 3 3 3 4 4 5 5 5 4 5 5 5 5 5 5 6 6 6 6 7 7 7 7 7 7 6 8 8 7 7 7 6 8 8 8 8 8 7 9 9 7 6 8 10 8 10 10 7 8 10 10 7 9 8 8 8 7 7 7 5
2 2 2 3 3 3 4 4 5 5 5 4 5 5 5 5 5 5 6 6 6 6 7 7 7 7 7 7 6 8 8 7 7 7 6 8 8 8 8 8 7 9 9 9 6 8 10 8 8 10 7 8 10 10 7 9 8 8 8 7 7 7 5
2 2 2 3 3 3 4 4 5 5 5 4 5 5 5 5 5 5 6 6 6 6 7 7 7 7 7 7 6 8 8 7 7 7 6 8 8 8 8 8 7 9 9 9 6 8 10 8 10 8 7 8 10 10 7 9 8 8 8 7 7 7 5
2 2 2 3 3 3 4 4 5 5 5 4 5 5 5 5 5 5 6 6 6 6 7 7 7 7 7 7 6 8 8 7 7 7 6 8 8 8 8 8 7 9 9 9 6 8 10 8 10 10 7 8 10 10 7 9 8 8 8 7 7 7 5
2 2 2 3 3 3 4 4 5 5 5 4 5 5 5 5 5 5 6 6 6 6 7 7 7 7 7 7 6 8 8 7 7 7 6 8 8 8 8 8 9 9 9 7 6 8 10 8 10 8 9 8 10 8 9 9 8 8 8 7 7 7 5
2 2 2 3 3 3 4 4 5 5 5 4 5 5 5 5 5 5 6 6 6 6 7 7 7 7 7 7 6 8 8 7 7 7 6 8 8 8 8 8 9 9 9 7 6 10 10 8 8 10 7 8 8 10 9 9 8 8 8 7 7 7 5
2 2 2 3 3 3 4 4 5 5 5 4 5 5 5 5 5 5 6 6 6 6 7 7 7 7 7 7 6 8 8 7 7 7 6 8 8 8 8 8 9 9 9 7 6 10 10 8 8 10 7 8 10 8 9 9 8 8 8 7 7 7 5
2 2 2 3 3 3 4 4 5 5 5 4 5 5 5 5 5 5 6 6 6 6 7 7 7 7 7 7 6 8 8 7 7 7 6 8 8 8 8 8 9 9 9 7 6 10 10 8 8 10 9 8 8 10 9 9 8 8 8 7 7 7 5
2 2 2 3 3 3 4 4 5 5 5 4 5 5 5 5 5 5 6 6 6 6 7 7 7 7 7 7 6 8 8 7 7 7 6 8 8 8 8 8 9 9 9 7 6 10 10 8 8 10 9 8 10 8 9 9 8 8 8 7 7 7 5
2 2 2 3 3 3 4 4 5 5 5 4 5 5 5 5 5 5 6 6 6 6 7 7 7 7 7 7 6 8 8 7 7 7 8 6 8 8 8 8 9 9 7 7 8 8 10 8 10 10 9 10 8 10 9 9 8 8 8 7 7 7 5
2 2 2 3 3 3 4 4 5 5 5 4 5 5 5 5 5 5 6 6 6 6 7 7 7 7 7 7 6 8 8 7 7 7 8 6 8 8 8 8 9 9 9 9 8 8 8 8 8 8 7 8 8 8 7 7 6 6 6 5 5 5 3
2 2 2 3 3 3 4 4 5 5 5 4 5 5 5 5 5 5 6 6 6 6 7 7 7 7 7 7 6 8 8 7 7 7 8 8 8 8 8 8 7 9 9 7 8 8 8 8 10 10 7 10 8 10 9 9 8 8 8 7 7 7 5
2 2 2 3 3 3 4 4 5 5 5 4 5 5 5 5 5 5 6 6 6 6 7 7 7 7 7 7 6 8 8 7 7 7 8 8 8 8 8 8 7 9 9 9 6 8 8 8 8 10 7 10 10 10 9 9 8 8 8 7 7 7 5
2 2 2 3 3 3 4 4 5 5 5 4 5 5 5 5 5 5 6 6 6 6 7 7 7 7 7 7 6 8 8 7 7 7 8 8 8 8 8 8 9 7 9 7 8 8 10 8 8 10 9 10 10 10 9 9 8 8 8 7 7 7 5
2 2 2 3 3 3 4 4 5 5 5 4 5 5 5 5 5 5 6 6 6 6 7 7 7 7 7 7 6 8 8 7 7 7 8 8 8 8 8 8 9 7 9 7 8 8 10 8 10 10 9 10 8 10 9 9 8 8 8 7 7 7 5
2 2 2 3 3 3 4 4 5 5 5 4 5 5 5 5 5 5 6 6 6 6 7 7 7 7 7 7 6 8 8 7 7 7 8 8 8 8 8 8 9 7 9 7 8 8 10 8 10 10 9 10 10 8 9 9 8 8 8 7 7 7 5
2 2 2 3 3 3 4 4 5 5 5 4 5 5 5 5 5 5 6 6 6 6 7 7 7 7 7 7 6 8 8 7 7 7 8 8 8 8 8 8 9 7 9 7 8 8 10 8 10 10 9 10 10 10 9 9 8 8 8 7 7 7 5
2 2 2 3 3 3 4 4 5 5 5 4 5 5 5 5 5 5 6 6 6 6 7 7 7 7 7 7 6 8 8 7 7 7 8 8 8 8 8 8 9 7 9 7 8 10 8 8 10 10 7 8 10 8 9 9 8 8 8 7 7 7 5
2 2 2 3 3 3 4 4 5 5 5 4 5 5 5 5 5 5 6 6 6 6 7 7 7 7 7 7 6 8 8 7 7 7 8 8 8 8 8 8 9 7 9 7 8 10 8 8 10 10 9 10 8 10 9 9 8 8 8 7 7 7 5
2 2 2 3 3 3 4 4 5 5 5 4 5 5 5 5 5 5 6 6 6 6 7 7 7 7 7 7 6 8 8 7 7 7 8 8 8 8 8 8 9 7 9 7 8 10 10 8 10 10 9 10 8 10 9 9 8 8 8 7 7 7 5
2 2 2 3 3 3 4 4 5 5 5 4 5 5 5 5 5 5 6 6 6 6 7 7 7 7 7 7 6 8 8 7 7 7 8 8 8 8 8 8 9 7 9 7 8 10 10 8 10 10 9 10 10 8 9 9 8 8 8 7 7 7 5
2 2 2 3 3 3 4 4 5 5 5 4 5 5 5 5 5 5 6 6 6 6 7 7 7 7 7 7 6 8 8 7 7 7 8 8 8 8 8 8 9 7 9 9 8 8 10 8 10 10 9 8 8 8 9 9 8 8 8 7 7 7 5
2 2 2 3 3 3 4 4 5 5 5 4 5 5 5 5 5 5 6 6 6 6 7 7 7 7 7 7 6 8 8 7 7 7 8 8 8 8 8 8 9 7 9 9 8 8 10 8 10 10 9 8 8 10 9 9 8 8 8 7 7 7 5
2 2 2 3 3 3 4 4 5 5 5 4 5 5 5 5 5 5 6 6 6 6 7 7 7 7 7 7 6 8 8 7 7 7 8 8 8 8 8 8 9 7 9 9 8 8 10 8 10 10 9 10 8 10 9 9 8 8 8 7 7 7 5
2 2 2 3 3 3 4 4 5 5 5 4 5 5 5 5 5 5 6 6 6 6 7 7 7 7 7 7 6 8 8 7 7 7 8 8 8 8 8 8 9 9 9 7 8 8 10 8 10 10 7 10 8 10 9 9 8 8 8 7 7 7 5
2 2 2 3 3 3 4 4 5 5 5 4 5 5 5 5 5 5 6 6 6 6 7 7 7 7 7 7 6 8 8 7 7 7 8 8 8 8 8 8 9 9 9 7 8 8 10 8 10 10 9 8 8 10 9 7 8 8 8 7 7 7 5
2 2 2 3 3 3 4 4 5 5 5 4 5 5 5 5 5 5 6 6 6 6 7 7 7 7 7 7 6 8 8 7 7 7 8 8 8 8 8 8 9 9 9 7 8 8 10 8 10 10 9 10 8 10 9 7 8 8 8 7 7 7 5
2 2 2 3 3 3 4 4 5 5 5 4 5 5 5 5 5 5 6 6 6 6 7 7 7 7 7 7 6 8 8 7 7 7 8 8 8 8 8 8 9 9 9 7 8 8 10 8 10 10 9 10 8 10 9 9 8 8 8 7 7 7 5
2 2 2 3 3 3 4 4 5 5 5 4 5 5 5 5 5 5 6 6 6 6 7 7 7 7 7 7 6 8 8 7 7 7 8 8 8 8 8 8 9 9 9 9 6 8 10 8 8 10 7 10 10 10 9 9 8 8 8 7 7 7 5
2 2 2 3 3 3 4 4 5 5 5 4 5 5 5 5 5 5 6 6 6 6 7 7 7 7 7 7 6 8 8 7 7 7 8 8 8 8 8 8 9 9 9 9 6 8 10 8 8 10 9 10 8 8 9 7 8 8 8 7 7 7 5
2 2 2 3 3 3 4 4 5 5 5 4 5 5 5 5 5 5 6 6 6 6 7 7 7 7 7 7 6 8 8 7 7 7 8 8 8 8 8 8 9 9 9 9 8 8 10 8 8 10 9 8 8 8 7 9 8 8 8 7 7 7 5
2 2 2 3 3 3 4 4 5 5 5 4 5 5 5 5 5 5 6 6 6 6 7 7 7 7 7 7 6 8 8 7 7 7 8 8 8 8 8 8 9 9 9 9 8 8 10 8 8 10 9 10 8 8 7 9 8 8 8 7 7 7 5
2 2 2 3 3 3 4 4 5 5 5 4 5 5 5 5 5 5 6 6 6 6 7 7 7 7 7 7 6 8 8 7 7 7 8 8 8 8 8 8 9 9 9 9 8 8 10 8 10 10 9 8 8 10 7 9 8 8 8 7 7 7 5
2 2 2 3 3 3 4 4 5 5 5 4 5 5 5 5 5 5 6 6 6 6 7 7 7 7 7 7 6 8 8 7 7 7 8 8 8 8 8 8 9 9 9 9 8 8 10 8 10 10 9 10 8 10 7 9 8 8 8 7 7 7 5
2 2 2 3 3 3 4 4 5 5 5 4 5 5 5 5 5 5 6 6 6 6 7 7 7 7 7 7 8 8 8 7 7 7 8 8 8 8 8 8 7 7 7 9 8 8 8 8 10 10 9 10 10 10 9 9 8 8 8 7 7 7 5
2 2 2 3 3 3 4 4 5 5 5 4 5 5 5 5 5 5 6 6 6 6 7 7 7 7 7 7 8 8 8 7 7 7 8 8 8 8 8 8 7 7 7 9 8 8 8 10 8 10 9 10 10 10 9 9 8 8 8 7 7 7 5
2 2 2 3 3 3 4 4 5 5 5 4 5 5 5 5 5 5 6 6 6 6 7 7 7 7 7 7 8 8 8 7 7 7 8 8 8 8 8 8 7 7 7 9 8 8 8 10 10 10 7 10 10 10 9 9 8 8 8 7 7 7 5
2 2 2 3 3 3 4 4 5 5 5 4 5 5 5 5 5 5 6 6 6 6 7 7 7 7 7 7 8 8 8 7 7 7 8 8 8 8 8 8 7 7 9 9 8 8 10 8 8 10 9 10 10 10 7 9 8 8 8 7 7 7 5
2 2 2 3 3 3 4 4 5 5 5 4 5 5 5 5 5 5 6 6 6 6 7 7 7 7 7 7 8 8 8 7 7 7 8 8 8 8 8 8 7 7 9 9 8 8 10 8 8 10 9 10 10 10 9 9 8 8 8 7 7 7 5
2 2 2 3 3 3 4 4 5 5 5 4 5 5 5 5 5 5 6 6 6 6 7 7 7 7 7 7 8 8 8 7 7 7 8 8 8 8 8 8 7 7 9 9 8 10 8 8 10 8 7 10 10 10 9 9 8 8 8 7 7 7 5
2 2 2 3 3 3 4 4 5 5 5 4 5 5 5 5 5 5 6 6 6 6 7 7 7 7 7 7 8 8 8 7 7 7 8 8 8 8 8 8 7 9 9 9 8 8 8 8 8 10 7 10 10 10 9 9 8 8 8 7 7 7 5
2 2 2 3 3 3 4 4 5 5 5 4 5 5 5 5 5 5 6 6 6 6 7 7 7 7 7 7 8 8 8 7 7 7 8 8 8 8 8 8 7 9 9 9 8 8 10 8 8 10 7 10 10 10 7 9 8 8 8 7 7 7 5
2 2 2 3 3 3 4 4 5 5 5 4 5 5 5 5 5 5 6 6 6 6 7 7 7 7 7 7 8 8 8 7 7 7 8 8 8 8 8 8 9 7 7 9 8 8 10 8 8 10 7 8 10 10 9 9 8 8 8 7 7 7 5
2 2 2 3 3 3 4 4 5 5 5 4 5 5 5 5 5 5 6 6 6 6 7 7 7 7 7 7 8 8 8 7 7 7 8 8 8 8 8 8 9 7 7 9 8 8 10 8 8 10 7 10 10 10 9 9 8 8 8 7 7 7 5
2 2 2 3 3 3 4 4 5 5 5 4 5 5 5 5 5 5 6 6 6 6 7 7 7 7 7 7 8 8 8 7 7 7 8 8 8 8 8 8 9 7 7 9 8 8 10 8 8 10 9 8 10 10 9 9 8 8 8 7 7 7 5
2 2 2 3 3 3 4 4 5 5 5 4 5 5 5 5 5 5 6 6 6 6 7 7 7 7 7 7 8 8 8 7 7 7 8 8 8 8 8 8 9 7 7 9 8 8 10 8 8 10 9 10 10 10 9 9 8 8 8 7 7 7 5
2 2 2 3 3 3 4 4 5 5 5 4 5 5 5 5 5 5 6 6 6 6 7 7 7 7 7 7 8 8 8 7 7 7 8 8 8 8 8 8 9 7 7 9 8 10 10 8 10 10 7 10 10 10 9 9 8 8 8 7 7 7 5
2 2 2 3 3 3 4 4 5 5 5 4 5 5 5 5 5 5 6 6 6 6 7 7 7 7 7 7 8 8 8 7 7 7 8 8 8 8 8 8 9 7 9 9 8 8 8 8 8 10 7 10 10 10 9 9 8 8 8 7 7 7 5
2 2 2 3 3 3 4 4 5 5 5 4 5 5 5 5 5 5 6 6 6 6 7 7 7 7 7 7 8 8 8 7 7 7 8 8 8 8 8 8 9 7 9 9 8 8 8 8 10 10 9 10 10 8 7 9 8 8 8 7 7 7 5
2 2 2 3 3 3 4 4 5 5 5 4 5 5 5 5 5 5 6 6 6 6 7 7 7 7 7 7 8 8 8 7 7 7 8 8 8 8 8 8 9 7 9 9 8 8 10 8 8 10 7 8 10 10 9 9 8 8 8 7 7 7 5
2 2 2 3 3 3 4 4 5 5 5 4 5 5 5 5 5 5 6 6 6 6 7 7 7 7 7 7 8 8 8 7 7 7 8 8 8 8 8 8 9 7 9 9 8 8 10 8 8 10 9 8 10 10 9 9 8 8 8 7 7 7 5
2 2 2 3 3 3 4 4 5 5 5 4 5 5 5 5 5 5 6 6 6 6 7 7 7 7 7 7 8 8 8 7 7 7 8 8 8 8 8 8 9 7 9 9 8 8 10 8 8 10 9 10 10 10 7 9 8 8 8 7 7 7 5
2 2 2 3 3 3 4 4 5 5 5 4 5 5 5 5 5 5 6 6 6 6 7 7 7 7 7 7 8 8 8 7 7 7 8 8 8 8 8 8 9 7 9 9 8 8 10 8 8 10 9 10 10 10 9 9 8 8 8 7 7 7 5
2 2 2 3 3 3 4 4 5 5 5 4 5 5 5 5 5 5 6 6 6 6 7 7 7 7 7 7 8 8 8 7 7 7 8 8 8 8 8 8 9 7 9 9 8 8 10 8 10 8 9 10 10 8 9 7 8 8 8 7 7 7 5
2 2 2 3 3 3 4 4 5 5 5 4 5 5 5 5 5 5 6 6 6 6 7 7 7 7 7 7 8 8 8 7 7 7 8 8 8 8 8 8 9 7 9 9 8 8 10 8 10 10 9 10 10 8 7 9 8 8 8 7 7 7 5
2 2 2 3 3 3 4 4 5 5 5 4 5 5 5 5 5 5 6 6 6 6 7 7 7 7 7 7 8 8 8 7 7 7 8 8 8 8 8 8 9 7 9 9 8 8 10 8 10 10 9 10 10 8 9 7 8 8 8 7 7 7 5
2 2 2 3 3 3 4 4 5 5 5 4 5 5 5 5 5 5 6 6 6 6 7 7 7 7 7 7 8 8 8 7 7 7 8 8 8 8 8 8 9 7 9 9 8 10 8 8 10 10 9 10 10 8 7 9 8 8 8 7 7 7 5
2 2 2 3 3 3 4 4 5 5 5 4 5 5 5 5 5 5 6 6 6 6 7 7 7 7 7 7 8 8 8 7 7 7 8 8 8 8 8 8 9 7 9 9 8 10 10 8 10 10 7 10 10 10 9 9 8 8 8 7 7 7 5
2 2 2 3 3 3 4 4 5 5 5 4 5 5 5 5 5 5 6 6 6 6 7 7 7 7 7 7 8 8 8 7 7 7 8 8 8 8 8 8 9 7 9 9 8 10 10 8 10 10 9 10 10 8 7 9 8 8 8 7 7 7 5
2 2 2 3 3 3 4 4 5 5 5 4 5 5 5 5 5 5 6 6 6 6 7 7 7 7 7 7 8 8 8 7 7 7 8 8 8 8 8 8 9 9 9 9 8 8 8 8 8 10 7 8 10 10 9 9 8 8 8 7 7 7 5
2 2 2 3 3 3 4 4 5 5 5 4 5 5 5 5 5 5 6 6 6 6 7 7 7 7 7 7 8 8 8 7 7 7 8 8 8 8 8 8 9 9 9 9 8 8 10 8 8 10 7 8 8 10 9 9 8 8 8 7 7 7 5
2 2 2 3 3 3 4 4 5 5 5 4 5 5 5 5 5 5 6 6 6 6 7 7 7 7 7 7 8 8 8 7 7 7 8 8 8 8 8 8 9 9 9 9 8 8 10 8 8 10 7 8 10 10 9 9 8 8 8 7 7 7 5
2 2 2 3 3 3 4 4 5 5 5 4 5 5 5 5 5 5 6 6 6 6 7 7 7 7 7 7 8 8 8 7 7 7 8 8 8 8 8 8 9 9 9 9 8 8 10 8 8 10 7 10 10 10 9 9 8 8 8 7 7 7 5
2 2 2 3 3 3 4 4 5 5 5 4 5 5 5 5 5 5 6 6 6 6 7 7 7 7 7 7 8 8 8 7 7 7 8 8 8 8 8 8 9 9 9 9 8 8 10 8 10 8 7 10 10 10 9 9 8 8 8 7 7 7 5
2 2 2 3 3 3 4 4 5 5 5 4 5 5 5 5 5 5 6 6 6 6 7 7 7 7 7 7 8 8 8 7 7 7 8 8 8 8 8 8 9 9 9 9 8 8 10 8 10 10 7 10 8 10 9 9 8 8 8 7 7 7 5
2 2 2 3 3 3 4 4 5 5 5 4 5 5 5 5 5 5 6 6 6 6 7 7 7 7 7 7 8 8 8 7 7 7 8 8 8 8 8 8 9 9 9 9 8 8 10 8 10 10 7 10 10 10 9 9 8 8 8 7 7 7 5
2 2 2 3 3 3 4 4 5 5 5 4 5 5 5 5 5 5 6 6 6 6 7 7 7 7 7 7 8 8 8 7 7 7 8 8 8 8 8 8 9 9 9 9 8 10 10 8 10 10 7 10 10 10 9 9 8 8 8 7 7 7 5
2 2 2 3 3 4 4 4 5 5 6 4 5 5 6 5 5 6 6 7 7 4 7 7 6 7 7 6 8 7 7 7 7 8 8 9 9 8 9 9 8 7 7 6 10 7 7 10 7 7 8 10 9 9 8 8 8 7 7 6 6 6 4
2 2 2 3 3 4 4 4 5 5 6 4 5 5 6 5 5 6 6 7 7 4 7 7 6 7 7 6 8 9 9 7 7 8 8 7 7 8 9 9 8 7 7 6 10 7 7 10 9 9 8 10 9 9 8 8 8 7 7 6 6 6 4
2 2 2 3 3 4 4 4 5 5 6 4 5 5 6 5 5 6 6 7 7 6 5 5 8 7 7 6 8 9 9 7 7 8 6 9 9 8 9 9 10 7 7 8 6 7 9 10 9 9 8 8 9 9 8 8 8 7 7 6 6 6 4
2 2 2 3 3 4 4 4 5 5 6 4 5 5 6 5 5 6 6 7 7 6 5 5 8 7 7 8 6 7 9 7 7 8 8 9 9 8 9 9 10 7 7 8 6 7 9 8 9 9 8 10 9 9 8 8 8 7 7 6 6 6 4
2 2 2 3 3 4 4 4 5 5 6 4 5 5 6 5 5 6 6 7 7 6 5 5 8 7 7 8 6 7 9 7 7 8 8 9 9 8 9 9 10 7 7 10 6 7 7 8 9 9 8 10 9 9 8 8 8 7 7 6 6 6 4
2 2 2 3 3 4 4 4 5 5 6 4 5 5 6 5 5 6 6 7 7 6 5 5 8 7 7 8 6 9 9 7 7 8 8 7 9 8 9 9 10 7 7 10 6 7 7 8 9 9 8 10 9 9 8 8 8 7 7 6 6 6 4
2 2 2 3 3 4 4 4 5 5 6 4 5 5 6 5 5 6 6 7 7 6 5 5 8 7 7 8 6 9 9 7 7 8 8 9 9 8 7 7 10 7 7 10 6 9 9 8 9 9 8 10 9 9 8 8 8 7 7 6 6 6 4
2 2 2 3 3 4 4 4 5 5 6 4 5 5 6 5 5 6 6 7 7 6 5 5 8 7 7 8 6 9 9 7 7 8 8 9 9 8 7 9 8 7 7 10 6 9 9 8 9 9 8 10 9 9 8 8 8 7 7 6 6 6 4
2 2 2 3 3 4 4 4 5 5 6 4 5 5 6 5 5 6 6 7 7 6 5 5 8 7 7 8 6 9 9 7 7 8 8 9 9 8 7 9 10 7 7 10 6 9 9 8 9 9 8 10 9 9 8 8 8 7 7 6 6 6 4
2 2 2 3 3 4 4 4 5 5 6 4 5 5 6 5 5 6 6 7 7 6 5 5 8 7 7 8 8 9 9 7 7 8 8 9 9 8 7 7 8 7 7 8 6 7 7 10 9 9 8 10 9 9 8 8 8 7 7 6 6 6 4
2 2 2 3 3 4 4 4 5 5 6 4 5 5 6 5 5 6 6 7 7 6 5 7 6 7 5 8 8 9 9 7 7 8 8 7 9 8 9 9 10 7 7 8 8 7 7 8 9 9 8 10 7 9 8 8 8 7 7 6 6 6 4
2 2 2 3 3 4 4 4 5 5 6 4 5 5 6 5 5 6 6 7 7 6 5 7 6 7 7 6 8 7 9 7 7 8 8 9 9 8 9 9 10 7 9 6 8 7 7 10 7 9 8 8 9 9 8 8 8 7 7 6 6 6 4
2 2 2 3 3 4 4 4 5 5 6 4 5 5 6 5 5 6 6 7 7 6 5 7 6 7 7 6 8 9 9 7 7 8 8 7 9 8 9 9 10 7 9 6 8 7 7 10 9 9 8 8 9 9 8 8 8 7 7 6 6 6 4
2 2 2 3 3 4 4 4 5 5 6 4 5 5 6 5 5 6 6 7 7 6 5 7 6 7 7 8 6 9 9 7 7 8 8 7 9 8 9 9 10 7 9 8 6 7 7 8 9 9 8 10 7 9 8 8 8 7 7 6 6 6 4
2 2 2 3 3 4 4 4 5 5 6 4 5 5 6 5 5 6 6 7 7 6 5 7 6 7 7 8 8 7 7 7 7 8 8 9 9 8 9 7 8 7 9 8 8 7 7 10 7 7 6 10 9 9 8 8 8 7 7 6 6 6 4
2 2 2 3 3 4 4 4 5 5 6 4 5 5 6 5 5 6 6 7 7 6 5 7 6 7 7 8 8 7 9 7 7 8 8 9 9 6 7 7 10 7 9 8 8 7 9 8 7 9 8 8 9 9 8 8 8 7 7 6 6 6 4
2 2 2 3 3 4 4 4 5 5 6 4 5 5 6 5 5 6 6 7 7 6 5 7 6 7 7 8 8 7 9 7 7 8 8 9 9 6 9 9 10 7 9 6 8 7 9 8 9 9 8 8 9 9 8 8 8 7 7 6 6 6 4
2 2 2 3 3 4 4 4 5 5 6 4 5 5 6 5 5 6 6 7 7 6 5 7 6 7 7 8 8 7 9 7 7 8 8 9 9 8 7 9 10 7 7 8 8 7 9 10 7 9 8 10 9 9 8 8 8 7 7 6 6 6 4
2 2 2 3 3 4 4 4 5 5 6 4 5 5 6 5 5 6 6 7 7 6 5 7 6 7 7 8 8 7 9 7 7 8 8 9 9 8 7 9 10 7 9 8 6 7 9 10 7 9 8 10 9 9 8 8 8 7 7 6 6 6 4
2 2 2 3 3 4 4 4 5 5 6 4 5 5 6 5 5 6 6 7 7 6 5 7 6 7 7 8 8 7 9 7 7 8 8 9 9 8 9 9 10 7 7 6 8 7 9 10 9 9 8 10 9 9 8 8 8 7 7 6 6 6 4
2 2 2 3 3 4 4 4 5 5 6 4 5 5 6 5 5 6 6 7 7 6 5 7 6 7 7 8 8 7 9 7 7 8 8 9 9 8 9 9 10 7 9 8 8 7 9 10 7 9 8 10 9 9 8 8 8 7 7 6 6 6 4
2 2 2 3 3 4 4 4 5 5 6 4 5 5 6 5 5 6 6 7 7 6 5 7 6 7 7 8 8 7 9 7 7 8 8 9 9 8 9 9 10 7 9 8 8 7 9 10 9 9 8 10 9 9 8 8 8 7 7 6 6 6 4
2 2 2 3 3 4 4 4 5 5 6 4 5 5 6 5 5 6 6 7 7 6 5 7 8 5 7 8 8 7 9 5 7 8 8 7 9 8 7 9 10 5 9 10 8 7 9 8 7 9 8 8 7 9 8 8 8 7 7 6 6 6 4
2 2 2 3 3 4 4 4 5 5 6 4 5 5 6 5 5 6 6 7 7 6 5 7 8 5 7 8 8 7 9 5 7 8 8 9 9 8 9 9 10 5 9 8 8 7 9 8 7 9 8 8 9 9 8 8 8 7 7 6 6 6 4
2 2 2 3 3 4 4 4 5 5 6 4 5 5 6 5 5 6 6 7 7 6 5 7 8 5 7 8 8 7 9 7 7 8 8 9 9 8 9 9 10 5 9 10 8 7 9 8 7 9 8 10 9 9 8 8 8 7 7 6 6 6 4
2 2 2 3 3 4 4 4 5 5 6 4 5 5 6 5 5 6 6 7 7 6 5 7 8 5 7 8 8 9 7 5 7 8 8 9 9 8 9 9 8 5 9 10 8 9 9 8 9 9 8 8 9 9 8 8 8 7 7 6 6 6 4
2 2 2 3 3 4 4 4 5 5 6 4 5 5 6 5 5 6 6 7 7 6 5 7 8 7 5 8 8 7 7 7 7 8 8 7 9 8 9 7 8 7 7 10 8 7 9 8 9 7 6 10 9 9 8 8 8 7 7 6 6 6 4
2 2 2 3 3 4 4 4 5 5 6 4 5 5 6 5 5 6 6 7 7 6 5 7 8 7 5 8 8 7 7 7 7 8 8 7 9 8 9 7 10 7 7 8 8 7 9 8 9 7 8 10 9 9 8 8 8 7 7 6 6 6 4
2 2 2 3 3 4 4 4 5 5 6 4 5 5 6 5 5 6 6 7 7 6 5 7 8 7 5 8 8 7 7 7 7 8 8 7 9 8 9 7 10 7 7 10 8 7 7 8 9 7 8 10 9 9 8 8 8 7 7 6 6 6 4
2 2 2 3 3 4 4 4 5 5 6 4 5 5 6 5 5 6 6 7 7 6 5 7 8 7 5 8 8 7 9 7 7 8 8 7 7 8 9 9 10 7 7 10 8 7 9 8 9 9 8 10 7 9 8 8 8 7 7 6 6 6 4
2 2 2 3 3 4 4 4 5 5 6 4 5 5 6 5 5 6 6 7 7 6 5 7 8 7 7 6 6 9 9 7 7 8 6 9 9 8 9 9 10 7 9 8 6 9 7 8 9 9 8 8 9 9 8 8 8 7 7 6 6 6 4
2 2 2 3 3 4 4 4 5 5 6 4 5 5 6 5 5 6 6 7 7 6 5 7 8 7 7 6 8 7 7 7 7 8 8 9 9 8 7 7 8 7 9 8 8 7 9 10 7 7 8 10 9 7 8 8 8 7 7 6 6 6 4
2 2 2 3 3 4 4 4 5 5 6 4 5 5 6 5 5 6 6 7 7 6 5 7 8 7 7 6 8 7 7 7 7 8 8 9 9 8 9 7 10 7 9 8 8 7 9 10 7 7 8 10 9 7 8 8 8 7 7 6 6 6 4
2 2 2 3 3 4 4 4 5 5 6 4 5 5 6 5 5 6 6 7 7 6 5 7 8 7 7 6 8 7 9 7 7 8 8 7 9 8 9 9 10 7 9 8 8 7 7 10 7 9 8 8 9 9 8 8 8 7 7 6 6 6 4
2 2 2 3 3 4 4 4 5 5 6 4 5 5 6 5 5 6 6 7 7 6 5 7 8 7 7 6 8 7 9 7 7 8 8 9 7 8 9 9 10 7 9 8 8 7 9 10 7 9 8 8 9 9 8 8 8 7 7 6 6 6 4
2 2 2 3 3 4 4 4 5 5 6 4 5 5 6 5 5 6 6 7 7 6 5 7 8 7 7 6 8 7 9 7 7 8 8 9 9 8 7 7 10 7 9 8 8 7 9 10 7 7 8 8 9 7 8 8 8 7 7 6 6 6 4
2 2 2 3 3 4 4 4 5 5 6 4 5 5 6 5 5 6 6 7 7 6 5 7 8 7 7 6 8 7 9 7 7 8 8 9 9 8 9 7 10 7 9 8 8 7 9 10 7 7 8 8 9 7 8 8 8 7 7 6 6 6 4
2 2 2 3 3 4 4 4 5 5 6 4 5 5 6 5 5 6 6 7 7 6 5 7 8 7 7 6 8 9 7 7 7 8 8 9 9 8 9 7 10 7 9 8 8 9 9 10 7 7 8 10 9 7 8 8 8 7 7 6 6 6 4
2 2 2 3 3 4 4 4 5 5 6 4 5 5 6 5 5 6 6 7 7 6 5 7 8 7 7 6 8 9 7 7 7 8 8 9 9 8 9 7 10 7 9 8 8 9 9 10 9 7 8 10 9 9 8 8 8 7 7 6 6 6 4
2 2 2 3 3 4 4 4 5 5 6 4 5 5 6 5 5 6 6 7 7 6 5 7 8 7 7 6 8 9 9 7 7 8 6 9 9 8 7 7 10 7 9 8 6 9 9 10 7 7 8 8 9 7 8 8 8 7 7 6 6 6 4
2 2 2 3 3 4 4 4 5 5 6 4 5 5 6 5 5 6 6 7 7 6 5 7 8 7 7 6 8 9 9 7 7 8 8 9 9 6 9 7 10 7 9 8 8 7 9 8 9 7 8 8 9 7 8 8 8 7 7 6 6 6 4
2 2 2 3 3 4 4 4 5 5 6 4 5 5 6 5 5 6 6 7 7 6 5 7 8 7 7 6 8 9 9 7 7 8 8 9 9 8 9 7 10 7 9 8 8 9 9 8 9 7 8 8 9 7 8 8 8 7 7 6 6 6 4
2 2 2 3 3 4 4 4 5 5 6 4 5 5 6 5 5 6 6 7 7 6 5 7 8 7 7 6 8 9 9 7 7 8 8 9 9 8 9 7 10 7 9 8 8 9 9 10 7 7 8 8 9 7 8 8 8 7 7 6 6 6 4
2 2 2 3 3 4 4 4 5 5 6 4 5 5 6 5 5 6 6 7 7 6 5 7 8 7 7 8 6 7 9 7 7 8 6 9 9 8 9 9 10 7 9 10 6 7 7 8 9 9 8 8 9 9 8 8 8 7 7 6 6 6 4
2 2 2 3 3 4 4 4 5 5 6 4 5 5 6 5 5 6 6 7 7 6 5 7 8 7 7 8 6 7 9 7 7 8 8 7 9 8 9 9 10 7 9 10 6 7 7 8 9 9 8 10 7 9 8 8 8 7 7 6 6 6 4
2 2 2 3 3 4 4 4 5 5 6 4 5 5 6 5 5 6 6 7 7 6 5 7 8 7 7 8 6 9 7 7 7 8 6 9 9 8 7 9 10 7 9 10 6 9 9 8 9 9 8 8 9 9 8 8 8 7 7 6 6 6 4
2 2 2 3 3 4 4 4 5 5 6 4 5 5 6 5 5 6 6 7 7 6 5 7 8 7 7 8 6 9 7 7 7 8 8 9 9 8 7 9 10 7 9 10 6 9 9 8 9 9 8 10 7 9 8 8 8 7 7 6 6 6 4
2 2 2 3 3 4 4 4 5 5 6 4 5 5 6 5 5 6 6 7 7 6 5 7 8 7 7 8 8 7 7 7 7 8 8 7 9 6 9 9 10 7 9 8 8 7 9 8 9 9 8 8 9 9 8 8 8 7 7 6 6 6 4
2 2 2 3 3 4 4 4 5 5 6 4 5 5 6 5 5 6 6 7 7 6 5 7 8 7 7 8 8 7 7 7 7 8 8 7 9 6 9 9 10 7 9 10 8 7 7 8 9 9 8 8 9 9 8 8 8 7 7 6 6 6 4
2 2 2 3 3 4 4 4 5 5 6 4 5 5 6 5 5 6 6 7 7 6 5 7 8 7 7 8 8 7 7 7 7 8 8 7 9 8 9 9 10 7 9 8 8 7 9 10 9 9 8 10 7 9 8 8 8 7 7 6 6 6 4
2 2 2 3 3 4 4 4 5 5 6 4 5 5 6 5 5 6 6 7 7 6 5 7 8 7 7 8 8 7 7 7 7 8 8 7 9 8 9 9 10 7 9 10 8 7 7 10 9 9 8 8 9 9 8 8 8 7 7 6 6 6 4
2 2 2 3 3 4 4 4 5 5 6 4 5 5 6 5 5 6 6 7 7 6 5 7 8 7 7 8 8 7 7 7 7 8 8 7 9 8 9 9 10 7 9 10 8 7 7 10 9 9 8 10 9 9 8 8 8 7 7 6 6 6 4
2 2 2 3 3 4 4 4 5 5 6 4 5 5 6 5 5 6 6 7 7 6 5 7 8 7 7 8 8 7 7 7 7 8 8 9 9 8 9 9 10 7 9 10 8 7 7 10 9 9 8 8 9 9 8 8 8 7 7 6 6 6 4
2 2 2 3 3 4 4 4 5 5 6 4 5 5 6 5 5 6 6 7 7 6 5 7 8 7 7 8 8 7 7 7 7 8 8 9 9 8 9 9 10 7 9 10 8 7 9 8 7 9 8 8 9 9 8 8 8 7 7 6 6 6 4
2 2 2 3 3 4 4 4 5 5 6 4 5 5 6 5 5 6 6 7 7 6 5 7 8 7 7 8 8 7 7 7 7 8 8 9 9 8 9 9 10 7 9 10 8 7 9 10 9 9 8 10 9 9 8 8 8 7 7 6 6 6 4
2 2 2 3 3 4 4 4 5 5 6 4 5 5 6 5 5 6 6 7 7 6 5 7 8 7 7 8 8 7 9 7 7 8 8 7 9 6 9 7 8 7 9 10 8 7 9 8 7 9 8 8 9 9 8 8 8 7 7 6 6 6 4
2 2 2 3 3 4 4 4 5 5 6 4 5 5 6 5 5 6 6 7 7 6 5 7 8 7 7 8 8 7 9 7 7 8 8 7 9 6 9 7 8 7 9 10 8 7 9 8 9 7 8 8 9 9 8 8 8 7 7 6 6 6 4
2 2 2 3 3 4 4 4 5 5 6 4 5 5 6 5 5 6 6 7 7 6 5 7 8 7 7 8 8 7 9 7 7 8 8 7 9 6 9 7 8 7 9 10 8 7 9 8 9 9 8 8 9 9 8 8 8 7 7 6 6 6 4
2 2 2 3 3 4 4 4 5 5 6 4 5 5 6 5 5 6 6 7 7 6 5 7 8 7 7 8 8 7 9 7 7 8 8 7 9 6 9 7 10 7 9 8 8 7 9 8 9 7 8 8 9 9 8 8 8 7 7 6 6 6 4
2 2 2 3 3 4 4 4 5 5 6 4 5 5 6 5 5 6 6 7 7 6 5 7 8 7 7 8 8 7 9 7 7 8 8 7 9 6 9 7 10 7 9 10 8 7 7 8 9 9 8 8 9 9 8 8 8 7 7 6 6 6 4
2 2 2 3 3 4 4 4 5 5 6 4 5 5 6 5 5 6 6 7 7 6 5 7 8 7 7 8 8 7 9 7 7 8 8 7 9 6 9 9 10 7 9 10 8 7 7 8 7 9 8 8 9 9 8 8 8 7 7 6 6 6 4
2 2 2 3 3 4 4 4 5 5 6 4 5 5 6 5 5 6 6 7 7 6 5 7 8 7 7 8 8 7 9 7 7 8 8 7 9 6 9 9 10 7 9 10 8 7 7 8 9 9 8 8 9 9 8 8 8 7 7 6 6 6 4
2 2 2 3 3 4 4 4 5 5 6 4 5 5 6 5 5 6 6 7 7 6 5 7 8 7 7 8 8 7 9 7 7 8 8 7 9 8 7 7 8 7 9 10 8 7 9 8 7 9 8 8 7 9 8 8 8 7 7 6 6 6 4
2 2 2 3 3 4 4 4 5 5 6 4 5 5 6 5 5 6 6 7 7 6 5 7 8 7 7 8 8 7 9 7 7 8 8 7 9 8 9 9 10 7 7 10 8 7 7 10 9 9 8 10 9 9 8 8 8 7 7 6 6 6 4
2 2 2 3 3 4 4 4 5 5 6 4 5 5 6 5 5 6 6 7 7 6 5 7 8 7 7 8 8 7 9 7 7 8 8 7 9 8 9 9 10 7 9 10 6 7 7 10 9 9 8 10 9 9 8 8 8 7 7 6 6 6 4
2 2 2 3 3 4 4 4 5 5 6 4 5 5 6 5 5 6 6 7 7 6 5 7 8 7 7 8 8 7 9 7 7 8 8 7 9 8 9 9 10 7 9 10 8 7 7 8 7 9 8 10 9 9 8 8 8 7 7 6 6 6 4
2 2 2 3 3 4 4 4 5 5 6 4 5 5 6 5 5 6 6 7 7 6 5 7 8 7 7 8 8 7 9 7 7 8 8 7 9 8 9 9 10 7 9 10 8 7 7 8 9 9 8 8 9 9 8 8 8 7 7 6 6 6 4
2 2 2 3 3 4 4 4 5 5 6 4 5 5 6 5 5 6 6 7 7 6 5 7 8 7 7 8 8 7 9 7 7 8 8 7 9 8 9 9 10 7 9 10 8 7 7 8 9 9 8 10 9 9 8 8 8 7 7 6 6 6 4
2 2 2 3 3 4 4 4 5 5 6 4 5 5 6 5 5 6 6 7 7 6 5 7 8 7 7 8 8 7 9 7 7 8 8 7 9 8 9 9 10 7 9 10 8 7 7 10 7 9 8 10 9 9 8 8 8 7 7 6 6 6 4
2 2 2 3 3 4 4 4 5 5 6 4 5 5 6 5 5 6 6 7 7 6 5 7 8 7 7 8 8 7 9 7 7 8 8 7 9 8 9 9 10 7 9 10 8 7 7 10 9 9 8 10 9 9 8 8 8 7 7 6 6 6 4
2 2 2 3 3 4 4 4 5 5 6 4 5 5 6 5 5 6 6 7 7 6 5 7 8 7 7 8 8 7 9 7 7 8 8 9 7 8 7 9 10 7 9 8 8 7 9 10 7 9 8 10 9 9 8 8 8 7 7 6 6 6 4
2 2 2 3 3 4 4 4 5 5 6 4 5 5 6 5 5 6 6 7 7 6 5 7 8 7 7 8 8 7 9 7 7 8 8 9 9 8 7 7 8 7 9 8 8 7 9 8 7 9 8 10 9 9 8 8 8 7 7 6 6 6 4
2 2 2 3 3 4 4 4 5 5 6 4 5 5 6 5 5 6 6 7 7 6 5 7 8 7 7 8 8 7 9 7 7 8 8 9 9 8 7 9 10 7 7 8 8 7 9 10 7 9 8 10 9 9 8 8 8 7 7 6 6 6 4
2 2 2 3 3 4 4 4 5 5 6 4 5 5 6 5 5 6 6 7 7 6 5 7 8 7 7 8 8 7 9 7 7 8 8 9 9 8 7 9 10 7 9 8 6 7 9 10 7 9 8 10 9 9 8 8 8 7 7 6 6 6 4
2 2 2 3 3 4 4 4 5 5 6 4 5 5 6 5 5 6 6 7 7 6 5 7 8 7 7 8 8 7 9 7 7 8 8 9 9 8 9 9 8 7 7 10 8 7 7 10 9 9 8 10 9 9 8 8 8 7 7 6 6 6 4
2 2 2 3 3 4 4 4 5 5 6 4 5 5 6 5 5 6 6 7 7 6 5 7 8 7 7 8 8 9 9 7 7 8 8 9 9 8 9 9 10 7 9 10 8 9 11 10 11 9 10 10 11 11 10 8 10 9 9 8 8 8 6
2 2 2 3 3 4 4 4 5 5 6 4 5 5 6 5 5 6 6 7 7 6 7 7 6 7 7 6 6 7 9 7 7 6 8 9 9 8 9 9 10 7 9 6 8 7 9 8 7 9 8 10 9 9 8 8 8 7 7 6 6 6 4
2 2 2 3 3 4 4 4 5 5 6 4 5 5 6 5 5 6 6 7 7 6 7 7 6 7 7 6 6 7 9 7 7 6 8 9 9 8 9 9 10 9 9 6 8 7 9 8 7 9 8 8 9 9 8 8 8 7 7 6 6 6 4
2 2 2 3 3 4 4 4 5 5 6 4 5 5 6 5 5 6 6 7 7 6 7 7 6 7 7 6 8 7 7 7 7 6 8 9 9 8 9 9 10 9 9 6 10 7 7 10 7 7 8 10 9 9 8 8 8 7 7 6 6 6 4
2 2 2 3 3 4 4 4 5 5 6 4 5 5 6 5 5 6 6 7 7 6 7 7 6 7 7 6 8 7 7 7 7 8 8 7 7 8 9 9 8 9 9 6 10 7 7 10 7 7 6 10 9 9 8 8 8 7 7 6 6 6 4
2 2 2 3 3 4 4 4 5 5 6 4 5 5 6 5 5 6 6 7 7 6 7 7 6 7 7 6 8 7 7 7 7 8 8 7 9 8 9 9 10 9 9 6 10 7 7 10 7 7 8 10 9 9 8 8 8 7 7 6 6 6 4
2 2 2 3 3 4 4 4 5 5 6 4 5 5 6 5 5 6 6 7 7 6 7 7 6 7 7 6 8 7 7 7 7 8 8 9 9 8 9 9 8 9 9 6 10 7 7 10 7 7 8 10 9 9 8 8 8 7 7 6 6 6 4
2 2 2 3 3 4 4 4 5 5 6 4 5 5 6 5 5 6 6 7 7 6 7 7 6 7 7 6 8 7 7 7 7 8 8 9 9 8 9 9 10 7 9 6 10 7 7 10 7 7 8 10 9 9 8 8 8 7 7 6 6 6 4
2 2 2 3 3 4 4 4 5 5 6 4 5 5 6 5 5 6 6 7 7 6 7 7 6 7 7 6 8 7 7 7 7 8 8 9 9 8 9 9 10 9 9 6 10 7 7 10 7 7 8 10 9 9 8 8 8 7 7 6 6 6 4
2 2 2 3 3 4 4 4 5 5 6 4 5 5 6 5 5 6 6 7 7 6 7 7 6 7 7 6 8 7 9 7 7 6 8 9 7 8 9 9 10 7 9 6 10 7 7 10 7 9 8 10 9 7 8 8 8 7 7 6 6 6 4
2 2 2 3 3 4 4 4 5 5 6 4 5 5 6 5 5 6 6 7 7 6 7 7 6 7 7 6 8 7 9 7 7 6 8 9 9 8 9 9 10 7 9 6 8 7 9 10 7 9 8 10 9 7 8 8 8 7 7 6 6 6 4
2 2 2 3 3 4 4 4 5 5 6 4 5 5 6 5 5 6 6 7 7 6 7 7 6 7 7 6 8 7 9 7 7 6 8 9 9 8 9 9 10 7 9 6 10 7 9 10 7 9 8 10 9 7 8 8 8 7 7 6 6 6 4
2 2 2 3 3 4 4 4 5 5 6 4 5 5 6 5 5 6 6 7 7 6 7 7 6 7 7 6 8 7 9 7 7 6 8 9 9 8 9 9 10 9 7 6 10 7 9 10 7 9 8 10 9 7 8 8 8 7 7 6 6 6 4
2 2 2 3 3 4 4 4 5 5 6 4 5 5 6 5 5 6 6 7 7 6 7 7 6 7 7 6 8 7 9 7 7 6 8 9 9 8 9 9 10 9 9 6 8 7 9 8 7 9 8 8 9 7 8 8 8 7 7 6 6 6 4
2 2 2 3 3 4 4 4 5 5 6 4 5 5 6 5 5 6 6 7 7 6 7 7 6 7 7 6 8 7 9 7 7 8 6 9 9 6 9 9 10 9 9 6 8 7 9 8 7 9 8 6 9 9 8 8 8 7 7 6 6 6 4
2 2 2 3 3 4 4 4 5 5 6 4 5 5 6 5 5 6 6 7 7 6 7 7 6 7 7 6 8 7 9 7 7 8 8 7 9 8 9 9 10 9 9 6 10 7 7 10 7 9 8 8 9 9 8 8 8 7 7 6 6 6 4
2 2 2 3 3 4 4 4 5 5 6 4 5 5 6 5 5 6 6 7 7 6 7 7 6 7 7 6 8 7 9 7 7 8 8 7 9 8 9 9 10 9 9 6 10 7 9 10 7 7 8 8 9 9 8 8 8 7 7 6 6 6 4
2 2 2 3 3 4 4 4 5 5 6 4 5 5 6 5 5 6 6 7 7 6 7 7 6 7 7 6 8 7 9 7 7 8 8 9 9 8 9 9 10 7 9 6 10 7 7 10 7 9 8 8 9 9 8 8 8 7 7 6 6 6 4
2 2 2 3 3 4 4 4 5 5 6 4 5 5 6 5 5 6 6 7 7 6 7 7 6 7 7 6 8 7 9 7 7 8 8 9 9 8 9 9 10 7 9 6 10 7 9 10 7 9 8 10 9 9 8 8 8 7 7 6 6 6 4
2 2 2 3 3 4 4 4 5 5 6 4 5 5 6 5 5 6 6 7 7 6 7 7 6 7 7 6 8 7 9 7 7 8 8 9 9 8 9 9 10 9 7 6 10 7 9 10 7 9 8 8 9 9 8 8 8 7 7 6 6 6 4
2 2 2 3 3 4 4 4 5 5 6 4 5 5 6 5 5 6 6 7 7 6 7 7 6 7 7 6 8 7 9 7 7 8 8 9 9 8 9 9 10 9 9 6 8 7 7 10 7 9 8 8 9 9 8 8 8 7 7 6 6 6 4
2 2 2 3 3 4 4 4 5 5 6 4 5 5 6 5 5 6 6 7 7 6 7 7 6 7 7 6 8 7 9 7 7 8 8 9 9 8 9 9 10 9 9 6 8 7 9 10 7 7 8 8 9 9 8 8 8 7 7 6 6 6 4
2 2 2 3 3 4 4 4 5 5 6 4 5 5 6 5 5 6 6 7 7 6 7 7 6 7 7 6 8 7 9 7 7 8 8 9 9 8 9 9 10 9 9 6 10 7 7 10 7 9 8 8 9 9 8 8 8 7 7 6 6 6 4
2 2 2 3 3 4 4 4 5 5 6 4 5 5 6 5 5 6 6 7 7 6 7 7 6 7 7 6 8 7 9 7 7 8 8 9 9 8 9 9 10 9 9 6 10 7 9 10 7 9 8 10 9 9 8 8 8 7 7 6 6 6 4
2 2 2 3 3 4 4 4 5 5 6 4 5 5 6 5 5 6 6 7 7 6 7 7 6 7 7 6 8 9 9 7 7 6 8 9 9 8 9 9 10 7 9 6 8 7 9 10 9 9 8 10 9 9 8 8 8 7 7 6 6 6 4
2 2 2 3 3 4 4 4 5 5 6 4 5 5 6 5 5 6 6 7 7 6 7 7 6 7 7 6 8 9 9 7 7 8 8 9 9 8 9 9 10 9 9 6 10 9 9 10 9 9 8 10 9 9 8 8 8 7 7 6 6 6 4
2 2 2 3 3 4 4 4 5 5 6 4 5 5 6 5 5 6 6 7 7 6 7 7 6 7 7 8 6 7 9 7 7 8 8 9 9 8 9 9 10 9 9 8 8 7 9 8 7 9 8 10 9 7 8 8 8 7 7 6 6 6 4
2 2 2 3 3 4 4 4 5 5 6 4 5 5 6 5 5 6 6 7 7 6 7 7 6 7 7 8 6 9 9 7 7 8 8 7 7 6 9 9 10 9 9 8 8 7 7 6 9 9 8 8 7 9 8 8 8 7 7 6 6 6 4
2 2 2 3 3 4 4 4 5 5 6 4 5 5 6 5 5 6 6 7 7 6 7 7 6 7 7 8 6 9 9 7 7 8 8 7 9 6 9 9 10 9 9 8 8 7 7 6 9 9 8 8 7 9 8 8 8 7 7 6 6 6 4
2 2 2 3 3 4 4 4 5 5 6 4 5 5 6 5 5 6 6 7 7 6 7 7 6 7 7 8 6 9 9 7 7 8 8 9 9 6 7 7 10 9 9 8 8 9 9 6 9 9 8 8 7 9 8 8 8 7 7 6 6 6 4
2 2 2 3 3 4 4 4 5 5 6 4 5 5 6 5 5 6 6 7 7 6 7 7 6 7 7 8 8 5 7 7 7 8 8 7 7 8 9 9 8 9 9 8 10 5 7 10 7 7 6 10 9 9 8 8 8 7 7 6 6 6 4
2 2 2 3 3 4 4 4 5 5 6 4 5 5 6 5 5 6 6 7 7 6 7 7 6 7 7 8 8 5 9 7 7 8 8 7 9 8 9 7 10 9 9 8 10 5 9 10 7 9 8 8 9 9 8 8 8 7 7 6 6 6 4
2 2 2 3 3 4 4 4 5 5 6 4 5 5 6 5 5 6 6 7 7 6 7 7 6 7 7 8 8 5 9 7 7 8 8 7 9 8 9 7 10 9 9 8 10 5 9 10 7 9 8 10 9 7 8 8 8 7 7 6 6 6 4
2 2 2 3 3 4 4 4 5 5 6 4 5 5 6 5 5 6 6 7 7 6 7 7 6 7 7 8 8 7 7 7 7 8 8 7 7 8 7 9 8 9 9 8 10 7 7 8 7 9 6 10 7 9 8 8 8 7 7 6 6 6 4
2 2 2 3 3 4 4 4 5 5 6 4 5 5 6 5 5 6 6 7 7 6 7 7 6 7 7 8 8 7 7 7 7 8 8 7 7 8 9 9 8 9 9 8 10 7 7 8 7 7 8 10 9 9 8 8 8 7 7 6 6 6 4
2 2 2 3 3 4 4 4 5 5 6 4 5 5 6 5 5 6 6 7 7 6 7 7 6 7 7 8 8 7 7 7 7 8 8 7 7 8 9 9 8 9 9 8 10 7 7 8 7 9 6 10 9 9 8 8 8 7 7 6 6 6 4
2 2 2 3 3 4 4 4 5 5 6 4 5 5 6 5 5 6 6 7 7 6 7 7 6 7 7 8 8 7 7 7 7 8 8 7 7 8 9 9 8 9 9 8 10 7 7 8 7 9 8 10 9 9 8 8 8 7 7 6 6 6 4
2 2 2 3 3 4 4 4 5 5 6 4 5 5 6 5 5 6 6 7 7 6 7 7 6 7 7 8 8 7 7 7 7 8 8 7 7 8 9 9 8 9 9 8 10 7 7 8 9 9 8 10 7 7 8 8 8 7 7 6 6 6 4
2 2 2 3 3 4 4 4 5 5 6 4 5 5 6 5 5 6 6 7 7 6 7 7 6 7 7 8 8 7 7 7 7 8 8 7 7 8 9 9 8 9 9 8 10 7 7 8 9 9 8 10 7 9 6 8 8 7 7 6 6 6 4
2 2 2 3 3 4 4 4 5 5 6 4 5 5 6 5 5 6 6 7 7 6 7 7 6 7 7 8 8 7 7 7 7 8 8 7 7 8 9 9 8 9 9 8 10 7 7 10 7 7 6 10 9 9 8 8 8 7 7 6 6 6 4
2 2 2 3 3 4 4 4 5 5 6 4 5 5 6 5 5 6 6 7 7 6 7 7 6 7 7 8 8 7 7 7 7 8 8 7 7 8 9 9 8 9 9 8 10 7 7 10 7 7 8 10 9 9 8 8 8 7 7 6 6 6 4
2 2 2 3 3 4 4 4 5 5 6 4 5 5 6 5 5 6 6 7 7 6 7 7 6 7 7 8 8 7 7 7 7 8 8 7 7 8 9 9 8 9 9 8 10 7 7 10 7 9 6 10 9 9 8 8 8 7 7 6 6 6 4
2 2 2 3 3 4 4 4 5 5 6 4 5 5 6 5 5 6 6 7 7 6 7 7 6 7 7 8 8 7 7 7 7 8 8 7 9 8 9 9 8 9 9 8 8 7 7 8 9 7 6 10 9 9 8 8 8 7 7 6 6 6 4
2 2 2 3 3 4 4 4 5 5 6 4 5 5 6 5 5 6 6 7 7 6 7 7 6 7 7 8 8 7 7 7 7 8 8 7 9 8 9 9 8 9 9 8 10 7 7 8 9 7 6 10 9 9 8 8 8 7 7 6 6 6 4
2 2 2 3 3 4 4 4 5 5 6 4 5 5 6 5 5 6 6 7 7 6 7 7 6 7 7 8 8 7 7 7 7 8 8 7 9 8 9 9 10 7 9 8 10 7 7 10 9 9 8 10 7 9 8 8 8 7 7 6 6 6 4
2 2 2 3 3 4 4 4 5 5 6 4 5 5 6 5 5 6 6 7 7 6 7 7 6 7 7 8 8 7 7 7 7 8 8 9 9 6 9 9 10 9 9 8 10 7 7 8 7 7 8 6 9 9 8 8 8 7 7 6 6 6 4
2 2 2 3 3 4 4 4 5 5 6 4 5 5 6 5 5 6 6 7 7 6 7 7 6 7 7 8 8 7 7 7 7 8 8 9 9 8 7 9 10 7 9 8 10 7 7 10 7 9 8 10 9 9 8 8 8 7 7 6 6 6 4
2 2 2 3 3 4 4 4 5 5 6 4 5 5 6 5 5 6 6 7 7 6 7 7 6 7 7 8 8 7 7 7 7 8 8 9 9 8 9 9 10 7 9 8 10 7 7 10 9 9 8 8 9 9 8 8 8 7 7 6 6 6 4
2 2 2 3 3 4 4 4 5 5 6 4 5 5 6 5 5 6 6 7 7 6 7 7 6 7 7 8 8 7 7 7 7 8 8 9 9 8 9 9 10 9 9 8 10 7 7 8 7 7 8 8 9 9 8 8 8 7 7 6 6 6 4
2 2 2 3 3 4 4 4 5 5 6 4 5 5 6 5 5 6 6 7 7 6 7 7 6 7 7 8 8 7 7 7 7 8 8 9 9 8 9 9 10 9 9 8 10 7 7 10 7 7 8 8 9 9 8 8 8 7 7 6 6 6 4
2 2 2 3 3 4 4 4 5 5 6 4 5 5 6 5 5 6 6 7 7 6 7 7 6 7 7 8 8 7 7 7 7 8 8 9 9 8 9 9 10 9 9 8 10 7 7 10 7 9 8 10 9 9 8 8 8 7 7 6 6 6 4
2 2 2 3 3 4 4 4 5 5 6 4 5 5 6 5 5 6 6 7 7 6 7 7 6 7 7 8 8 7 7 7 7 8 8 9 9 8 9 9 10 9 9 8 10 7 7 10 9 9 8 10 9 9 8 8 8 7 7 6 6 6 4
2 2 2 3 3 4 4 4 5 5 6 4 5 5 6 5 5 6 6 7 7 6 7 7 6 7 7 8 8 7 9 7 7 8 8 7 9 8 9 7 10 7 9 8 10 7 9 8 7 9 8 10 9 9 8 8 8 7 7 6 6 6 4
2 2 2 3 3 4 4 4 5 5 6 4 5 5 6 5 5 6 6 7 7 6 7 7 6 7 7 8 8 7 9 7 7 8 8 7 9 8 9 7 10 7 9 8 10 7 9 10 7 9 8 10 9 9 8 8 8 7 7 6 6 6 4
2 2 2 3 3 4 4 4 5 5 6 4 5 5 6 5 5 6 6 7 7 6 7 7 6 7 7 8 8 7 9 7 7 8 8 7 9 8 9 9 8 9 9 8 10 7 9 8 7 7 8 8 9 9 8 8 8 7 7 6 6 6 4
2 2 2 3 3 4 4 4 5 5 6 4 5 5 6 5 5 6 6 7 7 6 7 7 6 7 7 8 8 7 9 7 7 8 8 7 9 8 9 9 10 7 7 6 10 7 9 10 9 9 8 10 9 9 8 8 8 7 7 6 6 6 4
2 2 2 3 3 4 4 4 5 5 6 4 5 5 6 5 5 6 6 7 7 6 7 7 6 7 7 8 8 7 9 7 7 8 8 7 9 8 9 9 10 7 9 8 10 7 9 10 7 9 8 10 9 9 8 8 8 7 7 6 6 6 4
2 2 2 3 3 4 4 4 5 5 6 4 5 5 6 5 5 6 6 7 7 6 7 7 6 7 7 8 8 7 9 7 7 8 8 7 9 8 9 9 10 9 7 6 10 7 9 10 9 9 8 10 9 9 8 8 8 7 7 6 6 6 4
2 2 2 3 3 4 4 4 5 5 6 4 5 5 6 5 5 6 6 7 7 6 7 7 6 7 7 8 8 7 9 7 7 8 8 9 7 8 7 9 10 7 9 8 10 7 7 10 7 9 8 10 9 9 8 8 8 7 7 6 6 6 4
2 2 2 3 3 4 4 4 5 5 6 4 5 5 6 5 5 6 6 7 7 6 7 7 6 7 7 8 8 7 9 7 7 8 8 9 9 6 9 7 10 9 9 8 10 7 9 8 9 9 8 6 9 9 8 8 8 7 7 6 6 6 4
2 2 2 3 3 4 4 4 5 5 6 4 5 5 6 5 5 6 6 7 7 6 7 7 6 7 7 8 8 7 9 7 7 8 8 9 9 6 9 9 10 9 7 6 10 7 9 8 9 9 8 8 9 9 8 8 8 7 7 6 6 6 4
2 2 2 3 3 4 4 4 5 5 6 4 5 5 6 5 5 6 6 7 7 6 7 7 6 7 7 8 8 7 9 7 7 8 8 9 9 8 7 7 10 7 9 8 10 7 7 10 7 9 8 10 9 9 8 8 8 7 7 6 6 6 4
2 2 2 3 3 4 4 4 5 5 6 4 5 5 6 5 5 6 6 7 7 6 7 7 6 7 7 8 8 7 9 7 7 8 8 9 9 8 7 9 10 7 7 8 10 7 7 10 7 9 8 10 9 9 8 8 8 7 7 6 6 6 4
2 2 2 3 3 4 4 4 5 5 6 4 5 5 6 5 5 6 6 7 7 6 7 7 6 7 7 8 8 7 9 7 7 8 8 9 9 8 9 7 10 7 9 8 10 7 9 10 7 9 8 10 9 9 8 8 8 7 7 6 6 6 4
2 2 2 3 3 4 4 4 5 5 6 4 5 5 6 5 5 6 6 7 7 6 7 7 6 7 7 8 8 7 9 7 7 8 8 9 9 8 9 9 10 9 7 6 10 7 7 10 9 9 8 8 9 9 8 8 8 7 7 6 6 6 4
2 2 2 3 3 4 4 4 5 5 6 4 5 5 6 5 5 6 6 7 7 6 7 7 6 7 7 8 8 7 9 7 7 8 8 9 9 8 9 9 10 9 7 6 10 7 7 10 9 9 8 10 9 9 8 8 8 7 7 6 6 6 4
2 2 2 3 3 4 4 4 5 5 6 4 5 5 6 5 5 6 6 7 7 6 7 7 6 7 7 8 8 7 9 7 7 8 8 9 9 8 9 9 10 9 9 8 8 7 9 8 7 9 8 8 9 7 8 8 8 7 7 6 6 6 4
2 2 2 3 3 4 4 4 5 5 6 4 5 5 6 5 5 6 6 7 7 6 7 7 6 7 7 8 8 7 9 7 7 8 8 9 9 8 9 9 10 9 9 8 8 7 9 8 9 9 8 8 9 7 8 8 8 7 7 6 6 6 4
2 2 2 3 3 4 4 4 5 5 6 4 5 5 6 5 5 6 6 7 7 6 7 7 6 7 7 8 8 9 9 7 7 8 8 9 9 6 7 7 10 9 9 8 10 9 9 6 7 9 8 8 9 9 8 8 8 7 7 6 6 6 4
2 2 2 3 3 4 4 4 5 5 6 4 5 5 6 5 5 6 6 7 7 6 7 7 6 7 7 8 8 9 9 7 7 8 8 9 9 6 7 9 8 9 9 8 10 9 9 6 9 7 8 8 9 9 8 8 8 7 7 6 6 6 4
2 2 2 3 3 4 4 4 5 5 6 4 5 5 6 5 5 6 6 7 7 6 7 7 6 7 7 8 8 9 9 7 7 8 8 9 9 8 7 9 10 9 7 8 10 9 7 8 9 9 8 10 9 9 8 8 8 7 7 6 6 6 4
2 2 2 3 3 4 4 4 5 5 6 4 5 5 6 5 5 6 6 7 7 6 7 7 6 7 7 8 8 9 9 7 7 8 8 9 9 8 9 9 10 7 7 6 10 9 9 8 9 9 8 10 9 9 8 8 8 7 7 6 6 6 4
2 2 2 3 3 4 4 4 5 5 6 4 5 5 6 5 5 6 6 7 7 6 7 7 8 7 7 8 6 7 7 7 7 8 6 7 7 8 9 9 10 9 9 10 6 7 7 8 9 9 8 8 9 9 8 8 8 7 7 6 6 6 4
2 2 2 3 3 4 4 4 5 5 6 4 5 5 6 5 5 6 6 7 7 6 7 7 8 7 7 8 6 7 7 7 7 8 6 9 9 8 7 9 10 9 9 8 6 9 9 8 7 9 8 8 9 9 8 8 8 7 7 6 6 6 4
2 2 2 3 3 4 4 4 5 5 6 4 5 5 6 5 5 6 6 7 7 6 7 7 8 7 7 8 6 7 7 7 7 8 6 9 9 8 7 9 10 9 9 10 6 9 9 8 7 7 8 8 9 9 8 8 8 7 7 6 6 6 4
2 2 2 3 3 4 4 4 5 5 6 4 5 5 6 5 5 6 6 7 7 6 7 7 8 7 7 8 6 7 7 7 7 8 6 9 9 8 9 9 10 9 9 8 6 7 9 8 9 7 8 8 9 9 8 8 8 7 7 6 6 6 4
2 2 2 3 3 4 4 4 5 5 6 4 5 5 6 5 5 6 6 7 7 6 7 7 8 7 7 8 6 7 7 7 7 8 6 9 9 8 9 9 10 9 9 8 6 9 9 8 7 9 8 8 9 9 8 8 8 7 7 6 6 6 4
2 2 2 3 3 4 4 4 5 5 6 4 5 5 6 5 5 6 6 7 7 6 7 7 8 7 7 8 6 7 7 7 7 8 6 9 9 8 9 9 10 9 9 10 6 9 9 8 7 7 8 8 9 9 8 8 8 7 7 6 6 6 4
2 2 2 3 3 4 4 4 5 5 6 4 5 5 6 5 5 6 6 7 7 6 7 7 8 7 7 8 6 7 7 7 7 8 8 7 9 8 9 9 10 9 7 8 8 7 9 8 9 9 8 10 9 9 8 8 8 7 7 6 6 6 4
2 2 2 3 3 4 4 4 5 5 6 4 5 5 6 5 5 6 6 7 7 6 7 7 8 7 7 8 6 7 7 7 7 8 8 7 9 8 9 9 10 9 7 10 8 7 7 8 9 9 8 10 9 9 8 8 8 7 7 6 6 6 4
2 2 2 3 3 4 4 4 5 5 6 4 5 5 6 5 5 6 6 7 7 6 7 7 8 7 7 8 6 7 7 7 7 8 8 7 9 8 9 9 10 9 9 10 8 7 9 6 7 9 8 10 9 9 8 8 8 7 7 6 6 6 4
2 2 2 3 3 4 4 4 5 5 6 4 5 5 6 5 5 6 6 7 7 6 7 7 8 7 7 8 6 7 7 7 7 8 8 9 9 8 9 9 10 7 9 8 8 7 9 8 9 9 8 10 9 9 8 8 8 7 7 6 6 6 4
2 2 2 3 3 4 4 4 5 5 6 4 5 5 6 5 5 6 6 7 7 6 7 7 8 7 7 8 6 7 7 7 7 8 8 9 9 8 9 9 10 7 9 8 8 9 9 8 9 9 8 10 9 9 8 8 8 7 7 6 6 6 4
2 2 2 3 3 4 4 4 5 5 6 4 5 5 6 5 5 6 6 7 7 6 7 7 8 7 7 8 6 7 7 7 7 8 8 9 9 8 9 9 10 7 9 10 8 7 9 8 7 9 8 10 9 9 8 8 8 7 7 6 6 6 4
2 2 2 3 3 4 4 4 5 5 6 4 5 5 6 5 5 6 6 7 7 6 7 7 8 7 7 8 6 7 7 7 7 8 8 9 9 8 9 9 10 7 9 10 8 7 9 8 9 9 8 10 9 9 8 8 8 7 7 6 6 6 4
2 2 2 3 3 4 4 4 5 5 6 4 5 5 6 5 5 6 6 7 7 6 7 7 8 7 7 8 6 7 7 7 7 8 8 9 9 8 9 9 10 9 9 8 8 7 9 8 9 9 8 10 9 9 8 8 8 7 7 6 6 6 4
2 2 2 3 3 4 4 4 5 5 6 4 5 5 6 5 5 6 6 7 7 6 7 7 8 7 7 8 6 7 7 7 7 8 8 9 9 8 9 9 10 9 9 10 6 7 7 8 9 9 8 10 9 9 8 8 8 7 7 6 6 6 4
2 2 2 3 3 4 4 4 5 5 6 4 5 5 6 5 5 6 6 7 7 6 7 7 8 7 7 8 6 7 7 7 7 8 8 9 9 8 9 9 10 9 9 10 6 7 9 8 9 9 8 10 9 9 8 8 8 7 7 6 6 6 4
2 2 2 3 3 4 4 4 5 5 6 4 5 5 6 5 5 6 6 7 7 6 7 7 8 7 7 8 6 7 7 7 7 8 8 9 9 8 9 9 10 9 9 10 8 7 7 8 9 9 8 10 9 9 8 8 8 7 7 6 6 6 4
2 2 2 3 3 4 4 4 5 5 6 4 5 5 6 5 5 6 6 7 7 6 7 7 8 7 7 8 6 7 7 7 7 8 8 9 9 8 9 9 10 9 9 10 8 7 9 8 7 9 8 10 9 9 8 8 8 7 7 6 6 6 4
2 2 2 3 3 4 4 4 5 5 6 4 5 5 6 5 5 6 6 7 7 6 7 7 8 7 7 8 6 7 9 7 7 8 6 9 9 8 9 7 8 9 9 8 6 9 9 8 9 9 8 8 9 9 8 8 8 7 7 6 6 6 4
2 2 2 3 3 4 4 4 5 5 6 4 5 5 6 5 5 6 6 7 7 6 7 7 8 7 7 8 6 7 9 7 7 8 6 9 9 8 9 7 8 9 9 10 6 9 9 8 7 9 8 8 9 9 8 8 8 7 7 6 6 6 4
2 2 2 3 3 4 4 4 5 5 6 4 5 5 6 5 5 6 6 7 7 6 7 7 8 7 7 8 6 7 9 7 7 8 8 7 9 8 9 9 8 9 9 8 8 7 9 8 7 7 8 10 9 9 8 8 8 7 7 6 6 6 4
2 2 2 3 3 4 4 4 5 5 6 4 5 5 6 5 5 6 6 7 7 6 7 7 8 7 7 8 6 7 9 7 7 8 8 7 9 8 9 9 10 9 7 10 8 7 7 8 9 9 8 10 9 9 8 8 8 7 7 6 6 6 4
2 2 2 3 3 4 4 4 5 5 6 4 5 5 6 5 5 6 6 7 7 6 7 7 8 7 7 8 6 7 9 7 7 8 8 9 7 8 9 7 8 7 9 10 8 9 9 8 9 9 8 10 9 7 8 8 8 7 7 6 6 6 4
2 2 2 3 3 4 4 4 5 5 6 4 5 5 6 5 5 6 6 7 7 6 7 7 8 7 7 8 6 7 9 7 7 8 8 9 7 8 9 9 8 7 9 8 8 9 9 8 9 9 8 10 9 9 8 8 8 7 7 6 6 6 4
2 2 2 3 3 4 4 4 5 5 6 4 5 5 6 5 5 6 6 7 7 6 7 7 8 7 7 8 6 7 9 7 7 8 8 9 7 8 9 9 8 7 9 10 8 9 9 8 9 9 8 8 7 9 8 8 8 7 7 6 6 6 4
2 2 2 3 3 4 4 4 5 5 6 4 5 5 6 5 5 6 6 7 7 6 7 7 8 7 7 8 6 7 9 7 7 8 8 9 7 8 9 9 8 7 9 10 8 9 9 8 9 9 8 8 9 9 8 8 8 7 7 6 6 6 4
2 2 2 3 3 4 4 4 5 5 6 4 5 5 6 5 5 6 6 7 7 6 7 7 8 7 7 8 6 7 9 7 7 8 8 9 7 8 9 9 8 9 9 8 8 9 9 8 7 7 8 10 9 9 8 8 8 7 7 6 6 6 4
2 2 2 3 3 4 4 4 5 5 6 4 5 5 6 5 5 6 6 7 7 6 7 7 8 7 7 8 6 7 9 7 7 8 8 9 7 8 9 9 8 9 9 10 8 9 9 6 9 7 8 10 9 9 8 8 8 7 7 6 6 6 4
2 2 2 3 3 4 4 4 5 5 6 4 5 5 6 5 5 6 6 7 7 6 7 7 8 7 7 8 6 7 9 7 7 8 8 9 9 8 9 9 8 9 7 10 8 9 7 8 9 9 8 10 9 9 8 8 8 7 7 6 6 6 4
2 2 2 3 3 4 4 4 5 5 6 4 5 5 6 5 5 6 6 7 7 6 7 7 8 7 7 8 6 7 9 7 7 8 8 9 9 8 9 9 8 9 9 10 6 9 7 8 9 9 8 10 9 9 8 8 8 7 7 6 6 6 4
2 2 2 3 3 4 4 4 5 5 6 4 5 5 6 5 5 6 6 7 7 6 7 7 8 7 7 8 6 7 9 7 7 8 8 9 9 8 9 9 10 9 7 8 8 9 7 8 9 9 8 8 9 9 8 8 8 7 7 6 6 6 4
2 2 2 3 3 4 4 4 5 5 6 4 5 5 6 5 5 6 6 7 7 6 7 7 8 7 7 8 6 9 9 7 7 8 8 9 9 8 9 9 10 9 9 8 8 9 11 8 11 11 8 10 9 11 10 10 10 9 9 8 8 8 6
2 2 2 3 3 4 4 4 5 5 6 4 5 5 6 5 5 6 6 7 7 6 7 7 8 7 7 8 6 9 9 7 7 8 8 9 9 8 9 9 10 9 9 8 8 9 11 8 11 11 10 10 9 11 10 8 10 9 9 8 8 8 6
2 2 2 3 3 4 4 4 5 5 6 4 5 5 6 5 5 6 6 7 7 6 7 7 8 7 7 8 6 9 9 7 7 8 8 9 9 8 9 9 10 9 9 8 8 9 11 8 11 11 10 10 9 11 10 10 10 9 9 8 8 8 6
2 2 2 3 3 4 4 4 5 5 6 4 5 5 6 5 5 6 6 7 7 6 7 7 8 7 7 8 8 7 7 7 7 8 8 7 9 8 7 9 8 9 7 10 10 7 9 10 7 9 8 10 7 9 8 8 8 7 7 6 6 6 4
2 2 2 3 3 4 4 4 5 5 6 4 5 5 6 5 5 6 6 7 7 6 7 7 8 7 7 8 8 7 7 7 7 8 8 7 9 8 7 9 8 9 9 10 10 7 7 10 7 9 8 10 7 9 8 8 8 7 7 6 6 6 4
2 2 2 3 3 4 4 4 5 5 6 4 5 5 6 5 5 6 6 7 7 6 7 7 8 7 7 8 8 7 7 7 7 8 8 7 9 8 7 9 8 9 9 10 10 7 9 10 7 9 8 10 7 9 8 8 8 7 7 6 6 6 4
2 2 2 3 3 4 4 4 5 5 6 4 5 5 6 5 5 6 6 7 7 6 7 7 8 7 7 8 8 7 7 7 7 8 8 7 9 8 7 9 10 7 7 10 10 7 9 10 7 9 8 10 7 9 8 8 8 7 7 6 6 6 4
2 2 2 3 3 4 4 4 5 5 6 4 5 5 6 5 5 6 6 7 7 6 7 7 8 7 7 8 8 7 7 7 7 8 8 7 9 8 7 9 10 7 9 10 10 7 7 10 7 9 8 10 7 9 8 8 8 7 7 6 6 6 4
2 2 2 3 3 4 4 4 5 5 6 4 5 5 6 5 5 6 6 7 7 6 7 7 8 7 7 8 8 7 7 7 7 8 8 7 9 8 7 9 10 7 9 10 10 7 9 10 7 9 8 10 7 7 8 8 8 7 7 6 6 6 4
2 2 2 3 3 4 4 4 5 5 6 4 5 5 6 5 5 6 6 7 7 6 7 7 8 7 7 8 8 7 7 7 7 8 8 7 9 8 7 9 10 7 9 10 10 7 9 10 7 9 8 10 7 9 8 8 8 7 7 6 6 6 4
2 2 2 3 3 4 4 4 5 5 6 4 5 5 6 5 5 6 6 7 7 6 7 7 8 7 7 8 8 7 7 7 7 8 8 7 9 8 7 9 10 9 7 10 8 7 9 10 7 9 8 10 7 9 8 8 8 7 7 6 6 6 4
2 2 2 3 3 4 4 4 5 5 6 4 5 5 6 5 5 6 6 7 7 6 7 7 8 7 7 8 8 7 7 7 7 8 8 7 9 8 9 7 8 9 9 8 10 7 9 10 9 7 8 10 7 7 8 8 8 7 7 6 6 6 4
2 2 2 3 3 4 4 4 5 5 6 4 5 5 6 5 5 6 6 7 7 6 7 7 8 7 7 8 8 7 7 7 7 8 8 7 9 8 9 7 10 7 9 10 10 7 9 10 9 7 8 10 7 7 8 8 8 7 7 6 6 6 4
2 2 2 3 3 4 4 4 5 5 6 4 5 5 6 5 5 6 6 7 7 6 7 7 8 7 7 8 8 7 7 7 7 8 8 7 9 8 9 7 10 7 9 10 10 7 9 10 9 7 8 10 7 9 8 8 8 7 7 6 6 6 4
2 2 2 3 3 4 4 4 5 5 6 4 5 5 6 5 5 6 6 7 7 6 7 7 8 7 7 8 8 7 7 7 7 8 8 7 9 8 9 9 8 9 7 8 10 7 7 10 9 9 8 10 9 9 8 8 8 7 7 6 6 6 4
2 2 2 3 3 4 4 4 5 5 6 4 5 5 6 5 5 6 6 7 7 6 7 7 8 7 7 8 8 7 7 7 7 8 8 7 9 8 9 9 8 9 7 8 10 7 9 8 9 9 8 10 9 9 8 8 8 7 7 6 6 6 4
2 2 2 3 3 4 4 4 5 5 6 4 5 5 6 5 5 6 6 7 7 6 7 7 8 7 7 8 8 7 7 7 7 8 8 7 9 8 9 9 8 9 7 8 10 7 9 10 9 7 8 10 9 9 8 8 8 7 7 6 6 6 4
2 2 2 3 3 4 4 4 5 5 6 4 5 5 6 5 5 6 6 7 7 6 7 7 8 7 7 8 8 7 7 7 7 8 8 7 9 8 9 9 8 9 7 8 10 7 9 10 9 9 8 10 9 9 8 8 8 7 7 6 6 6 4
2 2 2 3 3 4 4 4 5 5 6 4 5 5 6 5 5 6 6 7 7 6 7 7 8 7 7 8 8 7 7 7 7 8 8 7 9 8 9 9 8 9 7 10 8 7 7 10 9 9 8 10 9 9 8 8 8 7 7 6 6 6 4
2 2 2 3 3 4 4 4 5 5 6 4 5 5 6 5 5 6 6 7 7 6 7 7 8 7 7 8 8 7 7 7 7 8 8 7 9 8 9 9 8 9 7 10 10 7 7 8 9 9 8 10 9 9 8 8 8 7 7 6 6 6 4
2 2 2 3 3 4 4 4 5 5 6 4 5 5 6 5 5 6 6 7 7 6 7 7 8 7 7 8 8 7 7 7 7 8 8 7 9 8 9 9 8 9 7 10 10 7 7 10 9 7 8 10 9 9 8 8 8 7 7 6 6 6 4
2 2 2 3 3 4 4 4 5 5 6 4 5 5 6 5 5 6 6 7 7 6 7 7 8 7 7 8 8 7 7 7 7 8 8 7 9 8 9 9 8 9 7 10 10 7 9 10 9 7 8 10 9 9 8 8 8 7 7 6 6 6 4
2 2 2 3 3 4 4 4 5 5 6 4 5 5 6 5 5 6 6 7 7 6 7 7 8 7 7 8 8 7 7 7 7 8 8 7 9 8 9 9 8 9 9 8 10 7 7 10 9 9 8 8 7 9 8 8 8 7 7 6 6 6 4
2 2 2 3 3 4 4 4 5 5 6 4 5 5 6 5 5 6 6 7 7 6 7 7 8 7 7 8 8 7 7 7 7 8 8 7 9 8 9 9 8 9 9 8 10 7 7 10 9 9 8 10 7 9 8 8 8 7 7 6 6 6 4
2 2 2 3 3 4 4 4 5 5 6 4 5 5 6 5 5 6 6 7 7 6 7 7 8 7 7 8 8 7 7 7 7 8 8 7 9 8 9 9 8 9 9 8 10 7 7 10 9 9 8 10 9 9 8 8 8 7 7 6 6 6 4
2 2 2 3 3 4 4 4 5 5 6 4 5 5 6 5 5 6 6 7 7 6 7 7 8 7 7 8 8 7 7 7 7 8 8 7 9 8 9 9 8 9 9 8 10 7 9 10 9 7 8 10 7 9 8 8 8 7 7 6 6 6 4
2 2 2 3 3 4 4 4 5 5 6 4 5 5 6 5 5 6 6 7 7 6 7 7 8 7 7 8 8 7 7 7 7 8 8 7 9 8 9 9 8 9 9 8 10 7 9 10 9 9 8 8 7 9 8 8 8 7 7 6 6 6 4
2 2 2 3 3 4 4 4 5 5 6 4 5 5 6 5 5 6 6 7 7 6 7 7 8 7 7 8 8 7 7 7 7 8 8 7 9 8 9 9 8 9 9 8 10 7 9 10 9 9 8 10 7 7 8 8 8 7 7 6 6 6 4
2 2 2 3 3 4 4 4 5 5 6 4 5 5 6 5 5 6 6 7 7 6 7 7 8 7 7 8 8 7 7 7 7 8 8 7 9 8 9 9 8 9 9 8 10 7 9 10 9 9 8 10 7 9 8 8 8 7 7 6 6 6 4
2 2 2 3 3 4 4 4 5 5 6 4 5 5 6 5 5 6 6 7 7 6 7 7 8 7 7 8 8 7 7 7 7 8 8 7 9 8 9 9 8 9 9 10 10 7 9 10 7 7 8 10 9 9 8 8 8 7 7 6 6 6 4
2 2 2 3 3 4 4 4 5 5 6 4 5 5 6 5 5 6 6 7 7 6 7 7 8 7 7 8 8 7 7 7 7 8 8 7 9 8 9 9 10 7 9 10 8 7 9 10 9 9 8 10 7 7 8 8 8 7 7 6 6 6 4
2 2 2 3 3 4 4 4 5 5 6 4 5 5 6 5 5 6 6 7 7 6 7 7 8 7 7 8 8 7 7 7 7 8 8 7 9 8 9 9 10 7 9 10 8 7 9 10 9 9 8 10 7 9 8 8 8 7 7 6 6 6 4
2 2 2 3 3 4 4 4 5 5 6 4 5 5 6 5 5 6 6 7 7 6 7 7 8 7 7 8 8 7 7 7 7 8 8 7 9 8 9 9 10 9 7 10 8 7 7 10 9 7 8 10 9 9 8 8 8 7 7 6 6 6 4
2 2 2 3 3 4 4 4 5 5 6 4 5 5 6 5 5 6 6 7 7 6 7 7 8 7 7 8 8 7 7 7 7 8 8 7 9 8 9 9 10 9 7 10 10 7 9 10 9 7 8 8 7 9 8 8 8 7 7 6 6 6 4
2 2 2 3 3 4 4 4 5 5 6 4 5 5 6 5 5 6 6 7 7 6 7 7 8 7 7 8 8 7 7 7 7 8 8 7 9 8 9 9 10 9 7 10 10 7 9 10 9 7 8 8 9 9 8 8 8 7 7 6 6 6 4
2 2 2 3 3 4 4 4 5 5 6 4 5 5 6 5 5 6 6 7 7 6 7 7 8 7 7 8 8 7 7 7 7 8 8 9 9 8 9 9 8 7 9 8 8 7 9 10 9 9 8 10 9 9 8 8 8 7 7 6 6 6 4
2 2 2 3 3 4 4 4 5 5 6 4 5 5 6 5 5 6 6 7 7 6 7 7 8 7 7 8 8 7 7 7 7 8 8 9 9 8 9 9 8 7 9 8 8 9 9 10 7 9 8 10 9 9 8 8 8 7 7 6 6 6 4
2 2 2 3 3 4 4 4 5 5 6 4 5 5 6 5 5 6 6 7 7 6 7 7 8 7 7 8 8 7 7 7 7 8 8 9 9 8 9 9 8 7 9 8 10 7 7 10 9 9 8 10 9 9 8 8 8 7 7 6 6 6 4
2 2 2 3 3 4 4 4 5 5 6 4 5 5 6 5 5 6 6 7 7 6 7 7 8 7 7 8 8 7 7 7 7 8 8 9 9 8 9 9 8 7 9 8 10 7 9 10 9 9 8 10 9 9 8 8 8 7 7 6 6 6 4
2 2 2 3 3 4 4 4 5 5 6 4 5 5 6 5 5 6 6 7 7 6 7 7 8 7 7 8 8 7 7 7 7 8 8 9 9 8 9 9 8 7 9 10 8 7 9 8 7 9 8 10 9 9 8 8 8 7 7 6 6 6 4
2 2 2 3 3 4 4 4 5 5 6 4 5 5 6 5 5 6 6 7 7 6 7 7 8 7 7 8 8 7 7 7 7 8 8 9 9 8 9 9 8 7 9 10 8 7 9 10 7 9 8 10 9 9 8 8 8 7 7 6 6 6 4
2 2 2 3 3 4 4 4 5 5 6 4 5 5 6 5 5 6 6 7 7 6 7 7 8 7 7 8 8 7 7 7 7 8 8 9 9 8 9 9 8 7 9 10 8 7 9 10 9 9 8 10 9 9 8 8 8 7 7 6 6 6 4
2 2 2 3 3 4 4 4 5 5 6 4 5 5 6 5 5 6 6 7 7 6 7 7 8 7 7 8 8 7 7 7 7 8 8 9 9 8 9 9 8 7 9 10 10 7 9 10 7 9 8 10 9 9 8 8 8 7 7 6 6 6 4
2 2 2 3 3 4 4 4 5 5 6 4 5 5 6 5 5 6 6 7 7 6 7 7 8 7 7 8 8 7 7 7 7 8 8 9 9 8 9 9 8 7 9 10 10 7 9 10 9 9 8 10 9 9 8 8 8 7 7 6 6 6 4
2 2 2 3 3 4 4 4 5 5 6 4 5 5 6 5 5 6 6 7 7 6 7 7 8 7 7 8 8 7 7 7 7 8 8 9 9 8 9 9 8 9 9 8 10 7 7 10 9 9 8 10 9 9 8 8 8 7 7 6 6 6 4
2 2 2 3 3 4 4 4 5 5 6 4 5 5 6 5 5 6 6 7 7 6 7 7 8 7 7 8 8 7 7 7 7 8 8 9 9 8 9 9 8 9 9 8 10 9 9 10 9 9 8 10 7 7 8 8 8 7 7 6 6 6 4
2 2 2 3 3 4 4 4 5 5 6 4 5 5 6 5 5 6 6 7 7 6 7 7 8 7 7 8 8 7 7 7 7 8 8 9 9 8 9 9 8 9 9 10 6 7 7 10 9 9 8 10 9 9 8 8 8 7 7 6 6 6 4
2 2 2 3 3 4 4 4 5 5 6 4 5 5 6 5 5 6 6 7 7 6 7 7 8 7 7 8 8 7 7 7 7 8 8 9 9 8 9 9 8 9 9 10 10 7 7 10 9 9 8 10 9 9 8 8 8 7 7 6 6 6 4
2 2 2 3 3 4 4 4 5 5 6 4 5 5 6 5 5 6 6 7 7 6 7 7 8 7 7 8 8 7 7 7 7 8 8 9 9 8 9 9 8 9 9 10 10 7 9 10 7 9 8 10 9 9 8 8 8 7 7 6 6 6 4
2 2 2 3 3 4 4 4 5 5 6 4 5 5 6 5 5 6 6 7 7 6 7 7 8 7 7 8 8 7 7 7 7 8 8 9 9 8 9 9 10 7 9 8 8 7 9 10 7 9 8 8 9 9 8 8 8 7 7 6 6 6 4
2 2 2 3 3 4 4 4 5 5 6 4 5 5 6 5 5 6 6 7 7 6 7 7 8 7 7 8 8 7 7 7 7 8 8 9 9 8 9 9 10 7 9 8 8 7 9 10 7 9 8 10 9 9 8 8 8 7 7 6 6 6 4
2 2 2 3 3 4 4 4 5 5 6 4 5 5 6 5 5 6 6 7 7 6 7 7 8 7 7 8 8 7 7 7 7 8 8 9 9 8 9 9 10 7 9 8 10 7 9 10 7 9 8 10 9 9 8 8 8 7 7 6 6 6 4
2 2 2 3 3 4 4 4 5 5 6 4 5 5 6 5 5 6 6 7 7 6 7 7 8 7 7 8 8 7 7 7 7 8 8 9 9 8 9 9 10 7 9 10 8 7 9 10 9 9 8 8 9 7 8 8 8 7 7 6 6 6 4
2 2 2 3 3 4 4 4 5 5 6 4 5 5 6 5 5 6 6 7 7 6 7 7 8 7 7 8 8 7 7 7 7 8 8 9 9 8 9 9 10 7 9 10 8 7 9 10 9 9 8 8 9 9 8 8 8 7 7 6 6 6 4
2 2 2 3 3 4 4 4 5 5 6 4 5 5 6 5 5 6 6 7 7 6 7 7 8 7 7 8 8 7 9 7 7 8 8 7 9 8 9 7 8 7 7 10 10 7 9 10 9 9 8 10 9 9 8 8 8 7 7 6 6 6 4
2 2 2 3 3 4 4 4 5 5 6 4 5 5 6 5 5 6 6 7 7 6 7 7 8 7 7 8 8 7 9 7 7 8 8 7 9 8 9 7 8 7 9 10 10 7 9 8 7 9 8 8 9 9 8 8 8 7 7 6 6 6 4
2 2 2 3 3 4 4 4 5 5 6 4 5 5 6 5 5 6 6 7 7 6 7 7 8 7 7 8 8 7 9 7 7 8 8 7 9 8 9 7 8 9 7 10 10 7 9 8 9 9 8 10 9 7 8 8 8 7 7 6 6 6 4
2 2 2 3 3 4 4 4 5 5 6 4 5 5 6 5 5 6 6 7 7 6 7 7 8 7 7 8 8 7 9 7 7 8 8 7 9 8 9 7 8 9 7 10 10 7 9 10 9 7 8 10 9 7 8 8 8 7 7 6 6 6 4
2 2 2 3 3 4 4 4 5 5 6 4 5 5 6 5 5 6 6 7 7 6 7 7 8 7 7 8 8 7 9 7 7 8 8 7 9 8 9 7 8 9 7 10 10 7 9 10 9 7 8 10 9 9 8 8 8 7 7 6 6 6 4
2 2 2 3 3 4 4 4 5 5 6 4 5 5 6 5 5 6 6 7 7 6 7 7 8 7 7 8 8 7 9 7 7 8 8 7 9 8 9 7 10 9 7 10 10 7 9 10 9 7 8 10 9 7 8 8 8 7 7 6 6 6 4
2 2 2 3 3 4 4 4 5 5 6 4 5 5 6 5 5 6 6 7 7 6 7 7 8 7 7 8 8 7 9 7 7 8 8 7 9 8 9 9 8 9 7 10 10 7 9 8 9 9 8 10 9 7 8 8 8 7 7 6 6 6 4
2 2 2 3 3 4 4 4 5 5 6 4 5 5 6 5 5 6 6 7 7 6 7 7 8 7 7 8 8 7 9 7 7 8 8 7 9 8 9 9 8 9 9 10 8 7 11 10 9 11 8 10 9 11 8 10 10 9 9 8 8 8 6
2 2 2 3 3 4 4 4 5 5 6 4 5 5 6 5 5 6 6 7 7 6 7 7 8 7 7 8 8 7 9 7 7 8 8 7 9 8 9 9 10 9 7 10 10 7 9 8 9 9 8 10 9 7 8 8 8 7 7 6 6 6 4
2 2 2 3 3 4 4 4 5 5 6 4 5 5 6 5 5 6 6 7 7 6 7 7 8 7 7 8 8 7 9 7 7 8 8 9 7 8 9 9 8 7 7 10 8 9 9 8 9 9 8 10 9 9 8 8 8 7 7 6 6 6 4
2 2 2 3 3 4 4 4 5 5 6 4 5 5 6 5 5 6 6 7 7 6 7 7 8 7 7 8 8 7 9 7 7 8 8 9 7 8 9 9 8 7 7 10 10 9 9 8 9 9 8 8 9 9 8 8 8 7 7 6 6 6 4
2 2 2 3 3 4 4 4 5 5 6 4 5 5 6 5 5 6 6 7 7 6 7 7 8 7 7 8 8 7 9 7 7 8 8 9 7 8 9 9 8 7 7 10 10 9 9 8 9 9 8 10 9 7 8 8 8 7 7 6 6 6 4
2 2 2 3 3 4 4 4 5 5 6 4 5 5 6 5 5 6 6 7 7 6 7 7 8 7 7 8 8 7 9 7 7 8 8 9 7 8 9 9 8 7 7 10 10 9 9 10 7 9 8 10 9 7 8 8 8 7 7 6 6 6 4
2 2 2 3 3 4 4 4 5 5 6 4 5 5 6 5 5 6 6 7 7 6 7 7 8 7 7 8 8 7 9 7 7 8 8 9 7 8 9 9 8 7 9 10 10 9 9 8 9 9 8 8 9 9 8 8 8 7 7 6 6 6 4
2 2 2 3 3 4 4 4 5 5 6 4 5 5 6 5 5 6 6 7 7 6 7 7 8 7 7 8 8 7 9 7 7 8 8 9 7 8 9 9 8 7 9 10 10 9 9 10 7 9 8 8 9 9 8 8 8 7 7 6 6 6 4
2 2 2 3 3 4 4 4 5 5 6 4 5 5 6 5 5 6 6 7 7 6 7 7 8 7 7 8 8 7 9 7 7 8 8 9 7 8 9 9 10 7 7 8 10 9 9 8 9 9 8 10 9 7 8 8 8 7 7 6 6 6 4
2 2 2 3 3 4 4 4 5 5 6 4 5 5 6 5 5 6 6 7 7 6 7 7 8 7 7 8 8 7 9 7 7 8 8 9 7 8 9 9 10 7 7 10 8 9 9 8 9 9 8 8 9 9 8 8 8 7 7 6 6 6 4
2 2 2 3 3 4 4 4 5 5 6 4 5 5 6 5 5 6 6 7 7 6 7 7 8 7 7 8 8 7 9 7 7 8 8 9 7 8 9 9 10 7 7 10 8 9 9 8 9 9 8 10 9 7 8 8 8 7 7 6 6 6 4
2 2 2 3 3 4 4 4 5 5 6 4 5 5 6 5 5 6 6 7 7 6 7 7 8 7 7 8 8 7 9 7 7 8 8 9 7 8 9 9 10 7 9 10 10 9 9 8 9 9 8 8 9 9 8 8 8 7 7 6 6 6 4
2 2 2 3 3 4 4 4 5 5 6 4 5 5 6 5 5 6 6 7 7 6 7 7 8 7 7 8 8 7 9 7 7 8 8 9 9 8 9 9 8 7 7 10 8 9 9 8 9 9 8 10 9 7 8 8 8 7 7 6 6 6 4
2 2 2 3 3 4 4 4 5 5 6 4 5 5 6 5 5 6 6 7 7 6 7 7 8 7 7 8 8 7 9 7 7 8 8 9 9 8 9 9 8 9 7 8 8 9 7 10 9 9 8 8 9 9 8 8 8 7 7 6 6 6 4
2 2 2 3 3 4 4 4 5 5 6 4 5 5 6 5 5 6 6 7 7 6 7 7 8 7 7 8 8 7 9 7 7 8 8 9 9 8 9 9 8 9 7 10 8 9 7 10 9 9 8 8 9 9 8 8 8 7 7 6 6 6 4
2 2 2 3 3 4 4 4 5 5 6 4 5 5 6 5 5 6 6 7 7 6 7 7 8 7 7 8 8 7 9 7 7 8 8 9 9 8 9 9 10 9 7 10 8 9 7 8 9 9 8 10 9 9 8 8 8 7 7 6 6 6 4
2 2 2 3 3 4 4 4 5 5 6 4 5 5 6 5 5 6 6 7 7 6 7 7 8 7 7 8 8 7 9 7 7 8 8 9 9 8 9 9 10 9 7 10 8 9 7 10 9 9 8 8 9 9 8 8 8 7 7 6 6 6 4
2 2 2 3 3 4 4 4 5 5 6 4 5 5 6 5 5 6 6 7 7 6 7 7 8 7 7 8 8 9 9 7 7 8 8 9 9 8 9 9 6 7 7 10 8 9 9 8 9 9 8 10 9 9 8 8 8 7 7 6 6 6 4
2 2 2 3 3 4 4 4 5 5 6 4 5 5 6 5 5 6 6 7 7 6 7 7 8 7 7 8 8 9 9 7 7 8 8 9 9 8 9 9 6 7 7 10 8 9 9 10 9 9 8 10 9 9 8 8 8 7 7 6 6 6 4
2 2 2 3 3 4 4 4 5 5 6 4 5 5 6 5 5 6 6 7 7 6 7 7 8 7 7 8 8 9 9 7 7 8 8 9 9 8 9 9 10 9 9 8 8 11 11 10 9 11 8 10 9 11 10 10 10 9 9 8 8 8 6
2 2 2 3 3 4 4 4 5 5 6 4 5 5 6 5 5 6 6 7 7 6 7 7 8 7 7 8 8 9 9 7 7 8 8 9 9 8 9 9 10 9 9 10 8 9 11 10 9 11 8 10 11 11 10 10 10 9 9 8 8 8 6
2 2 2 3 3 5 4 4 5 5 7 4 5 5 7 5 5 7 6 8 8 6 7 7 7 7 7 7 8 8 10 7 7 9 8 10 10 8 10 10 11 9 9 7 10 8 8 10 8 10 9 8 10 10 9 9 10 8 8 7 7 7 5
2 2 2 3 4 4 4 4 5 6 6 4 5 6 6 5 6 6 7 7 8 6 5 6 8 7 8 8 7 9 10 7 8 8 9 9 10 9 9 10 11 7 8 10 7 9 10 9 11 10 9 11 11 10 9 9 9 9 8 7 7 7 5
2 2 2 3 4 4 4 4 5 6 6 4 5 6 6 5 6 6 7 7 8 6 7 6 8 7 6 8 9 9 8 7 8 8 9 9 10 9 9 10 11 9 6 8 9 11 8 9 11 8 9 11 11 10 9 9 9 9 8 7 7 7 5
2 2 2 3 4 4 4 4 5 6 6 4 5 6 6 5 6 6 7 7 8 6 7 6 8 7 6 8 9 9 8 7 8 8 9 9 10 9 9 10 11 9 6 10 9 11 8 9 11 8 9 11 11 10 9 9 9 9 8 7 7 7 5
2 2 2 3 4 4 4 4 5 6 6 4 5 6 6 5 6 6 7 7 8 6 7 6 8 7 6 8 9 9 10 7 8 8 9 9 10 9 9 10 11 9 6 10 9 11 10 9 11 10 9 11 11 10 9 9 9 9 8 7 7 7 5
2 2 2 3 4 4 4 4 5 6 6 4 5 6 6 5 6 6 7 7 8 6 7 6 8 7 8 8 7 9 8 7 8 8 9 9 10 9 9 10 11 9 8 10 7 11 8 9 11 10 9 11 11 10 9 9 9 9 8 7 7 7 5
2 2 2 3 4 4 4 4 5 6 6 4 5 6 6 5 6 6 7 7 8 6 7 6 8 7 8 8 9 9 10 7 8 8 9 9 10 9 9 10 11 9 8 8 9 11 8 9 9 10 9 9 9 10 9 9 9 9 8 7 7 7 5
2 2 2 3 4 4 4 4 5 6 6 4 5 6 6 5 6 6 7 7 8 6 7 6 8 7 8 8 9 9 10 7 8 8 9 9 10 9 9 10 11 9 8 8 9 11 10 9 9 10 9 9 9 10 9 9 9 9 8 7 7 7 5
2 2 2 3 4 4 4 4 5 6 6 4 5 6 6 5 6 6 7 7 8 6 7 6 8 7 8 8 9 9 10 7 8 8 9 9 10 9 9 10 11 9 8 10 9 11 10 11 9 8 9 11 9 10 9 9 9 9 8 7 7 7 5
2 2 2 3 4 4 4 4 5 6 6 4 5 6 6 5 6 6 7 7 8 6 7 8 8 7 8 8 7 9 8 7 8 8 7 9 8 9 9 10 7 9 10 10 7 11 8 9 11 10 7 9 11 10 7 9 9 9 8 7 7 7 5
2 2 2 3 4 4 4 4 5 6 6 4 5 6 6 5 6 6 7 7 8 6 7 8 8 7 8 8 7 9 8 7 8 8 9 9 8 9 9 10 9 9 8 10 9 11 8 9 11 10 9 9 11 8 9 9 9 9 8 7 7 7 5
2 2 2 3 4 4 4 4 5 6 6 4 5 6 6 5 6 6 7 7 8 6 7 8 8 7 8 8 7 9 8 7 8 8 9 9 10 9 9 10 9 9 8 8 9 11 8 9 11 10 9 11 11 10 9 9 9 9 8 7 7 7 5
2 2 2 3 4 4 4 4 5 6 6 4 5 6 6 5 6 6 7 7 8 6 7 8 8 7 8 8 7 9 8 7 8 8 9 9 10 9 9 10 11 9 8 8 9 11 8 9 11 8 9 11 11 10 9 9 9 9 8 7 7 7 5
2 2 2 3 4 4 4 4 5 6 6 4 5 6 6 5 6 6 7 7 8 6 7 8 8 7 8 8 9 9 8 7 8 8 9 9 8 9 9 8 11 7 10 10 9 11 8 9 11 8 9 9 11 8 9 9 9 9 8 7 7 7 5
2 2 2 3 4 4 4 4 5 6 6 4 5 6 6 5 6 6 7 7 8 6 7 8 8 7 8 8 9 9 8 7 8 8 9 9 8 9 9 10 9 9 10 10 9 11 8 9 11 8 7 11 11 10 9 9 9 9 8 7 7 7 5
2 2 2 3 4 4 4 4 5 6 6 4 5 6 6 5 6 6 7 7 8 6 7 8 8 7 8 8 9 9 8 7 8 8 9 9 8 9 9 10 11 7 10 10 11 11 8 9 11 10 9 9 11 10 9 9 9 9 8 7 7 7 5
2 2 2 3 4 4 4 4 5 6 6 4 5 6 6 5 6 6 7 7 8 6 7 8 8 7 8 8 9 9 8 7 8 8 9 9 10 9 9 10 9 9 8 8 9 11 8 9 11 8 9 11 11 10 9 9 9 9 8 7 7 7 5
2 2 2 3 4 4 4 4 5 6 6 4 5 6 6 5 6 6 7 7 8 6 7 8 8 7 8 8 9 9 8 7 8 8 9 9 10 9 9 10 9 9 10 10 9 9 8 9 11 8 7 11 11 10 9 9 9 9 8 7 7 7 5
2 2 2 3 4 4 4 4 5 6 6 4 5 6 6 5 6 6 7 7 8 6 7 8 8 7 8 8 9 9 8 7 8 8 9 9 10 9 9 10 9 9 10 10 9 11 8 9 11 8 7 11 11 10 9 9 9 9 8 7 7 7 5
2 2 2 3 4 4 4 4 5 6 6 4 5 6 6 5 6 6 7 7 8 6 7 8 8 7 8 8 9 9 8 7 8 8 9 9 10 9 9 10 11 7 8 10 9 11 10 11 11 10 9 9 11 10 9 9 9 9 8 7 7 7 5
2 2 2 3 4 4 4 4 5 6 6 4 5 6 6 5 6 6 7 7 8 6 7 8 8 7 8 8 9 9 8 7 8 8 9 9 10 9 9 10 11 7 10 10 9 9 10 9 11 10 9 11 9 10 9 9 9 9 8 7 7 7 5
2 2 2 3 4 4 4 4 5 6 6 4 5 6 6 5 6 6 7 7 8 6 7 8 8 7 8 8 9 9 8 7 8 8 9 9 10 9 9 10 11 9 8 8 9 11 8 9 11 8 9 11 11 10 9 9 9 9 8 7 7 7 5
2 2 2 3 4 4 4 4 5 6 6 4 5 6 6 5 6 6 7 7 8 6 7 8 8 7 8 8 9 9 8 7 8 8 9 9 10 9 9 10 11 9 8 10 9 11 8 9 11 8 9 11 11 10 9 9 9 9 8 7 7 7 5
2 2 2 3 4 4 4 4 5 6 6 4 5 6 6 5 6 6 7 7 8 6 7 8 8 7 8 8 9 9 8 7 8 8 9 9 10 9 9 10 11 9 8 10 9 11 8 11 11 8 9 9 11 10 9 9 9 9 8 7 7 7 5
2 2 2 3 4 4 4 4 5 6 6 4 5 6 6 5 6 6 7 7 8 6 7 8 8 7 8 8 9 9 10 7 8 8 9 9 10 9 9 10 11 9 8 10 9 11 8 9 11 10 9 11 11 10 9 9 9 9 8 7 7 7 5
2 2 2 3 4 4 4 4 5 6 6 4 5 6 6 5 6 6 7 7 8 6 7 8 8 7 8 8 9 9 10 7 8 8 9 9 10 9 9 10 11 9 8 10 9 11 10 9 11 10 9 11 11 8 9 9 9 9 8 7 7 7 5
2 2 2 4 4 4 4 4 6 6 6 4 6 6 6 6 6 6 8 8 8 6 7 8 8 7 8 8 10 10 10 8 8 8 10 10 10 10 10 10 12 7 9 9 10 10 12 10 10 12 10 12 12 12 10 10 10 10 10 8 8 8 6
2 2 3 3 3 3 4 5 5 5 5 5 5 5 5 6 6 6 6 6 6 5 5 7 7 6 8 8 8 8 8 8 8 8 8 8 8 7 7 7 9 6 8 8 8 8 10 7 7 9 9 9 9 9 9 8 7 7 7 7 6 6 4
2 2 3 3 3 3 4 5 5 5 5 5 5 5 5 6 6 6 6 6 6 5 5 7 7 6 8 8 8 8 8 8 8 8 8 8 8 7 9 9 9 6 8 6 8 8 10 7 9 9 9 9 9 9 9 8 7 7 7 7 6 6 4
2 2 3 3 3 3 4 5 5 5 5 5 5 5 5 6 6 6 6 6 6 5 5 7 7 6 8 8 8 8 8 8 8 8 8 8 8 9 9 9 9 6 6 6 8 8 10 9 9 9 9 9 9 9 9 8 7 7 7 7 6 6 4
2 2 3 3 3 3 4 5 5 5 5 5 5 5 5 6 6 6 6 6 6 5 7 7 7 6 6 8 8 6 8 6 6 8 8 8 8 7 9 9 9 6 6 8 10 8 10 7 7 9 9 7 9 9 9 8 7 7 7 7 6 6 4
2 2 3 3 3 3 4 5 5 5 5 5 5 5 5 6 6 6 6 6 6 5 7 7 7 6 6 8 8 6 8 8 6 8 8 8 8 9 9 9 9 6 6 8 8 8 10 7 7 9 9 9 9 9 9 8 7 7 7 7 6 6 4
2 2 3 3 3 3 4 5 5 5 5 5 5 5 5 6 6 6 6 6 6 5 7 7 7 6 6 8 8 8 8 6 6 8 8 8 8 7 7 9 9 6 6 8 10 10 10 7 7 9 9 7 7 9 9 8 7 7 7 7 6 6 4
2 2 3 3 3 3 4 5 5 5 5 5 5 5 5 6 6 6 6 6 6 5 7 7 7 6 6 8 8 8 8 6 6 8 8 8 8 7 9 9 9 6 6 8 10 8 10 7 9 7 9 7 9 9 9 8 7 7 7 7 6 6 4
2 2 3 3 3 3 4 5 5 5 5 5 5 5 5 6 6 6 6 6 6 5 7 7 7 6 6 8 8 8 8 6 6 8 8 8 8 7 9 9 9 6 6 8 10 8 10 7 9 9 9 7 9 9 9 8 7 7 7 7 6 6 4
2 2 3 3 3 3 4 5 5 5 5 5 5 5 5 6 6 6 6 6 6 5 7 7 7 6 6 8 8 8 8 6 6 8 8 8 8 7 9 9 9 6 6 8 10 10 10 7 9 9 9 7 9 9 9 8 7 7 7 7 6 6 4
2 2 3 3 3 3 4 5 5 5 5 5 5 5 5 6 6 6 6 6 6 5 7 7 7 6 6 8 8 8 8 6 8 8 8 8 8 9 9 9 9 6 6 8 8 10 8 7 9 9 9 9 7 9 9 8 7 7 7 7 6 6 4
2 2 3 3 3 3 4 5 5 5 5 5 5 5 5 6 6 6 6 6 6 5 7 7 7 6 6 8 8 8 8 6 8 8 8 8 8 9 9 9 9 6 6 8 8 10 10 7 9 7 9 9 7 9 9 8 7 7 7 7 6 6 4
2 2 3 3 3 3 4 5 5 5 5 5 5 5 5 6 6 6 6 6 6 5 7 7 7 6 6 8 8 8 8 6 8 8 8 8 8 9 9 9 9 6 6 8 10 8 8 7 9 9 9 9 7 9 9 8 7 7 7 7 6 6 4
2 2 3 3 3 3 4 5 5 5 5 5 5 5 5 6 6 6 6 6 6 5 7 7 7 6 6 8 8 8 8 6 8 8 8 8 8 9 9 9 9 6 6 8 10 10 10 7 9 9 9 9 9 9 9 8 7 7 7 7 6 6 4
2 2 3 3 3 3 4 5 5 5 5 5 5 5 5 6 6 6 6 6 6 5 7 7 7 6 6 8 8 8 8 8 8 8 8 6 8 9 9 9 9 6 6 8 10 8 10 7 9 9 9 9 9 9 9 8 7 7 7 7 6 6 4
2 2 3 3 3 3 4 5 5 5 5 5 5 5 5 6 6 6 6 6 6 5 7 7 7 6 6 8 8 8 8 8 8 8 8 8 8 9 9 9 9 6 6 8 10 10 10 7 9 9 9 9 9 9 9 8 7 7 7 7 6 6 4
2 2 3 3 3 3 4 5 5 5 5 5 5 5 5 6 6 6 6 6 6 5 7 7 7 6 8 8 6 8 8 6 8 8 8 8 8 9 9 7 9 6 8 8 8 10 10 7 9 9 9 9 7 9 9 8 7 7 7 7 6 6 4
2 2 3 3 3 3 4 5 5 5 5 5 5 5 5 6 6 6 6 6 6 5 7 7 7 6 8 8 6 8 8 6 8 8 8 8 8 9 9 7 9 6 8 8 8 10 10 7 9 9 9 9 9 7 9 8 7 7 7 7 6 6 4
2 2 3 3 3 3 4 5 5 5 5 5 5 5 5 6 6 6 6 6 6 5 7 7 7 6 8 8 6 8 8 8 8 8 8 8 8 9 9 7 9 6 8 8 8 10 10 7 9 9 9 9 9 7 9 8 7 7 7 7 6 6 4
2 2 3 3 3 3 4 5 5 5 5 5 5 5 5 6 6 6 6 6 6 5 7 7 7 6 8 8 6 8 8 8 8 8 8 8 8 9 9 9 9 6 8 8 8 10 10 7 7 9 9 9 9 7 9 8 7 7 7 7 6 6 4
2 2 3 3 3 3 4 5 5 5 5 5 5 5 5 6 6 6 6 6 6 5 7 7 7 6 8 8 8 8 6 6 8 8 8 8 8 9 9 7 7 6 8 8 10 10 8 7 9 7 7 9 9 9 9 8 7 7 7 7 6 6 4
2 2 3 3 3 3 4 5 5 5 5 5 5 5 5 6 6 6 6 6 6 5 7 7 7 6 8 8 8 8 6 6 8 8 8 8 8 9 9 9 7 6 8 8 8 10 8 7 9 7 7 9 9 9 9 8 7 7 7 7 6 6 4
2 2 3 3 3 3 4 5 5 5 5 5 5 5 5 6 6 6 6 6 6 5 7 7 7 6 8 8 8 8 6 6 8 8 8 8 8 9 9 9 9 6 8 8 8 10 8 9 9 9 9 7 9 9 9 8 7 7 7 7 6 6 4
2 2 3 3 3 3 4 5 5 5 5 5 5 5 5 6 6 6 6 6 6 5 7 7 7 6 8 8 8 8 8 6 8 8 8 8 8 7 9 7 7 6 8 8 10 10 8 7 9 9 9 7 9 9 9 8 7 7 7 7 6 6 4
2 2 3 3 3 3 4 5 5 5 5 5 5 5 5 6 6 6 6 6 6 5 7 7 7 6 8 8 8 8 8 6 8 8 8 8 8 7 9 7 7 6 8 8 10 10 10 7 7 9 9 7 9 9 9 8 7 7 7 7 6 6 4
2 2 3 3 3 3 4 5 5 5 5 5 5 5 5 6 6 6 6 6 6 5 7 7 7 6 8 8 8 8 8 6 8 8 8 8 8 7 9 7 7 6 8 8 10 10 10 7 9 7 9 7 9 9 9 8 7 7 7 7 6 6 4
2 2 3 3 3 3 4 5 5 5 5 5 5 5 5 6 6 6 6 6 6 5 7 7 7 6 8 8 8 8 8 6 8 8 8 8 8 7 9 7 7 6 8 8 10 10 10 7 9 9 7 7 9 9 9 8 7 7 7 7 6 6 4
2 2 3 3 3 3 4 5 5 5 5 5 5 5 5 6 6 6 6 6 6 5 7 7 7 6 8 8 8 8 8 6 8 8 8 8 8 7 9 7 7 6 8 8 10 10 10 7 9 9 9 7 9 9 9 8 7 7 7 7 6 6 4
2 2 3 3 3 3 4 5 5 5 5 5 5 5 5 6 6 6 6 6 6 5 7 7 7 6 8 8 8 8 8 6 8 8 8 8 8 7 9 7 9 6 8 8 8 10 10 7 9 9 9 7 9 9 9 8 7 7 7 7 6 6 4
2 2 3 3 3 3 4 5 5 5 5 5 5 5 5 6 6 6 6 6 6 5 7 7 7 6 8 8 8 8 8 6 8 8 8 8 8 7 9 9 9 6 8 6 10 10 8 7 9 9 9 7 9 9 9 8 7 7 7 7 6 6 4
2 2 3 3 3 3 4 5 5 5 5 5 5 5 5 6 6 6 6 6 6 5 7 7 7 6 8 8 8 8 8 6 8 8 8 8 8 7 9 9 9 6 8 8 8 10 10 7 9 7 9 7 9 9 9 8 7 7 7 7 6 6 4
2 2 3 3 3 3 4 5 5 5 5 5 5 5 5 6 6 6 6 6 6 5 7 7 7 6 8 8 8 8 8 6 8 8 8 8 8 9 9 7 9 6 8 8 8 10 10 7 7 9 9 9 9 9 9 8 7 7 7 7 6 6 4
2 2 3 3 3 3 4 5 5 5 5 5 5 5 5 6 6 6 6 6 6 5 7 7 7 6 8 8 8 8 8 6 8 8 8 8 8 9 9 7 9 6 8 8 8 10 10 7 9 7 9 9 9 9 9 8 7 7 7 7 6 6 4
2 2 3 3 3 3 4 5 5 5 5 5 5 5 5 6 6 6 6 6 6 5 7 7 7 6 8 8 8 8 8 6 8 8 8 8 8 9 9 7 9 6 8 8 8 10 10 7 9 9 9 9 9 9 9 8 7 7 7 7 6 6 4
2 2 3 3 3 3 4 5 5 5 5 5 5 5 5 6 6 6 6 6 6 5 7 7 7 6 8 8 8 8 8 6 8 8 8 8 8 9 9 7 9 6 8 8 8 10 10 9 9 9 9 9 9 9 9 8 7 7 7 7 6 6 4
2 2 3 3 3 3 4 5 5 5 5 5 5 5 5 6 6 6 6 6 6 5 7 7 7 6 8 8 8 8 8 6 8 8 8 8 8 9 9 7 9 6 8 8 10 10 10 7 9 7 9 9 9 9 9 8 7 7 7 7 6 6 4
2 2 3 3 3 3 4 5 5 5 5 5 5 5 5 6 6 6 6 6 6 5 7 7 7 6 8 8 8 8 8 6 8 8 8 8 8 9 9 7 9 6 8 8 10 10 10 9 9 9 9 9 9 9 9 8 7 7 7 7 6 6 4
2 2 3 3 3 3 4 5 5 5 5 5 5 5 5 6 6 6 6 6 6 5 7 7 7 6 8 8 8 8 8 6 8 8 8 8 8 9 9 9 9 6 6 8 8 10 8 9 9 9 9 9 9 9 9 8 7 7 7 7 6 6 4
2 2 3 3 3 3 4 5 5 5 5 5 5 5 5 6 6 6 6 6 6 5 7 7 7 6 8 8 8 8 8 6 8 8 8 8 8 9 9 9 9 6 8 8 8 8 10 7 9 7 9 9 9 9 9 8 7 7 7 7 6 6 4
2 2 3 3 3 3 4 5 5 5 5 5 5 5 5 6 6 6 6 6 6 5 7 7 7 6 8 8 8 8 8 6 8 8 8 8 8 9 9 9 9 6 8 8 8 10 10 7 9 7 9 9 9 9 9 8 7 7 7 7 6 6 4
2 2 3 3 3 3 4 5 5 5 5 5 5 5 5 6 6 6 6 6 6 5 7 7 7 6 8 8 8 8 8 6 8 8 8 8 8 9 9 9 9 6 8 8 8 10 10 7 9 9 9 9 9 9 9 8 7 7 7 7 6 6 4
2 2 3 3 3 3 4 5 5 5 5 5 5 5 5 6 6 6 6 6 6 5 7 7 7 6 8 8 8 8 8 8 8 8 8 8 8 7 7 9 7 6 8 8 8 8 10 7 7 9 9 9 9 9 9 8 7 7 7 7 6 6 4
2 2 3 3 3 3 4 5 5 5 5 5 5 5 5 6 6 6 6 6 6 5 7 7 7 6 8 8 8 8 8 8 8 8 8 8 8 7 9 7 9 6 8 8 8 10 8 7 9 9 9 9 9 9 9 8 7 7 7 7 6 6 4
2 2 3 3 3 3 4 5 5 5 5 5 5 5 5 6 6 6 6 6 6 5 7 7 7 6 8 8 8 8 8 8 8 8 8 8 8 7 9 9 9 6 8 6 8 10 8 7 9 9 9 9 9 9 9 8 7 7 7 7 6 6 4
2 2 3 3 3 3 4 5 5 5 5 5 5 5 5 6 6 6 6 6 6 5 7 7 7 6 8 8 8 8 8 8 8 8 8 8 8 9 9 9 9 6 6 6 10 10 8 9 9 9 9 9 9 9 9 8 7 7 7 7 6 6 4
2 2 3 3 3 3 4 5 5 5 5 5 5 5 5 6 6 6 6 6 6 5 7 7 7 8 8 8 6 8 8 8 8 8 8 8 8 9 7 9 7 8 8 8 8 10 10 9 9 9 7 9 9 7 7 8 7 7 7 7 6 6 4
2 2 3 3 3 3 4 5 5 5 5 5 5 5 5 6 6 6 6 6 6 5 7 7 7 8 8 8 6 8 8 8 8 8 8 8 8 9 9 9 7 8 8 8 8 10 10 7 7 9 7 9 9 7 9 8 7 7 7 7 6 6 4
2 2 3 3 3 3 4 5 5 5 5 5 5 5 5 6 6 6 6 6 6 5 7 7 7 8 8 8 8 8 8 8 8 8 8 8 8 7 7 9 7 8 8 8 10 10 10 7 9 7 7 9 9 9 7 8 7 7 7 7 6 6 4
2 2 3 3 3 3 4 5 5 5 5 5 5 5 5 6 6 6 6 6 6 7 7 7 7 6 6 6 8 8 8 8 8 8 8 8 8 9 9 9 9 8 8 8 10 10 10 7 7 7 11 11 11 11 11 10 9 9 9 9 8 8 6
2 2 3 3 3 3 4 5 5 5 5 5 5 5 5 6 6 6 6 6 6 7 7 7 7 6 6 8 6 8 8 6 8 6 8 6 8 9 9 9 9 6 8 8 8 8 10 7 9 9 9 9 7 9 9 8 7 7 7 7 6 6 4
2 2 3 3 3 3 4 5 5 5 5 5 5 5 5 6 6 6 6 6 6 7 7 7 7 6 6 8 6 8 8 6 8 6 8 8 8 9 7 9 9 6 8 8 8 10 10 7 7 9 9 9 7 9 9 8 7 7 7 7 6 6 4
2 2 3 3 3 3 4 5 5 5 5 5 5 5 5 6 6 6 6 6 6 7 7 7 7 6 6 8 6 8 8 6 8 8 8 8 6 9 9 9 9 6 8 10 8 10 8 7 9 7 9 9 9 9 9 8 7 7 7 7 6 6 4
2 2 3 3 3 3 4 5 5 5 5 5 5 5 5 6 6 6 6 6 6 7 7 7 7 6 6 8 6 8 8 6 8 8 8 8 8 9 9 7 9 6 8 10 8 10 8 7 9 7 9 9 9 9 9 8 7 7 7 7 6 6 4
2 2 3 3 3 3 4 5 5 5 5 5 5 5 5 6 6 6 6 6 6 7 7 7 7 6 6 8 6 8 8 6 8 8 8 8 8 9 9 7 9 6 8 10 8 10 10 7 7 7 9 9 9 9 9 8 7 7 7 7 6 6 4
2 2 3 3 3 3 4 5 5 5 5 5 5 5 5 6 6 6 6 6 6 7 7 7 7 6 6 8 6 8 8 6 8 8 8 8 8 9 9 7 9 6 8 10 8 10 10 7 9 7 7 9 9 9 9 8 7 7 7 7 6 6 4
2 2 3 3 3 3 4 5 5 5 5 5 5 5 5 6 6 6 6 6 6 7 7 7 7 6 6 8 6 8 8 6 8 8 8 8 8 9 9 9 9 6 8 8 8 10 8 7 9 9 7 9 9 9 9 8 7 7 7 7 6 6 4
2 2 3 3 3 3 4 5 5 5 5 5 5 5 5 6 6 6 6 6 6 7 7 7 7 6 6 8 6 8 8 6 8 8 8 8 8 9 9 9 9 6 8 8 8 10 10 7 9 7 7 9 9 9 9 8 7 7 7 7 6 6 4
2 2 3 3 3 3 4 5 5 5 5 5 5 5 5 6 6 6 6 6 6 7 7 7 7 6 6 8 6 8 8 6 8 8 8 8 8 9 9 9 9 6 8 10 8 10 8 7 7 7 9 9 9 9 9 8 7 7 7 7 6 6 4
2 2 3 3 3 3 4 5 5 5 5 5 5 5 5 6 6 6 6 6 6 7 7 7 7 6 6 8 6 8 8 6 8 8 8 8 8 9 9 9 9 6 8 10 8 10 8 7 9 7 9 9 7 9 9 8 7 7 7 7 6 6 4
2 2 3 3 3 3 4 5 5 5 5 5 5 5 5 6 6 6 6 6 6 7 7 7 7 6 6 8 6 8 8 6 8 8 8 8 8 9 9 9 9 6 8 10 8 10 8 7 9 7 9 9 9 9 9 8 7 7 7 7 6 6 4
2 2 3 3 3 3 4 5 5 5 5 5 5 5 5 6 6 6 6 6 6 7 7 7 7 6 6 8 6 8 8 6 8 8 8 8 8 9 9 9 9 6 8 10 8 10 10 7 9 7 7 9 7 9 9 8 7 7 7 7 6 6 4
2 2 3 3 3 3 4 5 5 5 5 5 5 5 5 6 6 6 6 6 6 7 7 7 7 6 6 8 6 8 8 6 8 8 8 8 8 9 9 9 9 6 8 10 8 10 10 7 9 7 7 9 9 9 9 8 7 7 7 7 6 6 4
2 2 3 3 3 3 4 5 5 5 5 5 5 5 5 6 6 6 6 6 6 7 7 7 7 6 6 8 6 8 8 8 8 6 8 8 8 9 9 9 9 8 8 8 6 8 10 7 9 9 9 9 9 9 9 8 7 7 7 7 6 6 4
2 2 3 3 3 3 4 5 5 5 5 5 5 5 5 6 6 6 6 6 6 7 7 7 7 6 6 8 6 8 8 8 8 8 8 8 8 7 7 7 9 8 8 10 8 10 10 5 7 7 7 9 9 9 9 8 7 7 7 7 6 6 4
2 2 3 3 3 3 4 5 5 5 5 5 5 5 5 6 6 6 6 6 6 7 7 7 7 6 6 8 6 8 8 8 8 8 8 8 8 7 7 7 9 8 8 10 8 10 10 5 7 7 9 9 9 9 9 8 7 7 7 7 6 6 4
2 2 3 3 3 3 4 5 5 5 5 5 5 5 5 6 6 6 6 6 6 7 7 7 7 6 6 8 6 8 8 8 8 8 8 8 8 7 9 9 9 8 8 10 8 10 10 5 7 9 9 9 9 7 7 8 7 7 7 7 6 6 4
2 2 3 3 3 3 4 5 5 5 5 5 5 5 5 6 6 6 6 6 6 7 7 7 7 6 6 8 6 8 8 8 8 8 8 8 8 9 7 9 9 8 6 8 8 10 10 7 7 9 9 9 9 9 9 8 7 7 7 7 6 6 4
2 2 3 3 3 3 4 5 5 5 5 5 5 5 5 6 6 6 6 6 6 7 7 7 7 6 6 8 6 8 8 8 8 8 8 8 8 9 7 9 9 8 6 10 8 10 10 7 7 7 9 9 9 9 9 8 7 7 7 7 6 6 4
2 2 3 3 3 3 4 5 5 5 5 5 5 5 5 6 6 6 6 6 6 7 7 7 7 6 6 8 6 8 8 8 8 8 8 8 8 9 9 9 9 6 8 8 8 8 10 7 9 9 9 9 9 9 9 8 7 7 7 7 6 6 4
2 2 3 3 3 3 4 5 5 5 5 5 5 5 5 6 6 6 6 6 6 7 7 7 7 6 6 8 6 8 8 8 8 8 8 8 8 9 9 9 9 6 8 8 8 10 10 7 7 9 9 9 9 9 9 8 7 7 7 7 6 6 4
2 2 3 3 3 3 4 5 5 5 5 5 5 5 5 6 6 6 6 6 6 7 7 7 7 6 6 8 6 8 8 8 8 8 8 8 8 9 9 9 9 6 8 8 8 10 10 7 9 9 9 9 9 9 9 8 7 7 7 7 6 6 4
2 2 3 3 3 3 4 5 5 5 5 5 5 5 5 6 6 6 6 6 6 7 7 7 7 6 6 8 6 8 8 8 8 8 8 8 8 9 9 9 9 6 8 10 8 10 10 7 7 9 9 9 9 9 9 8 7 7 7 7 6 6 4
2 2 3 3 3 3 4 5 5 5 5 5 5 5 5 6 6 6 6 6 6 7 7 7 7 6 6 8 8 6 8 8 6 8 8 8 8 9 9 9 9 8 6 10 8 8 10 7 7 9 9 9 9 9 9 8 7 7 7 7 6 6 4
2 2 3 3 3 3 4 5 5 5 5 5 5 5 5 6 6 6 6 6 6 7 7 7 7 6 6 8 8 6 8 8 8 8 8 8 8 7 9 9 9 8 8 10 10 8 8 7 7 7 9 7 9 9 9 8 7 7 7 7 6 6 4
2 2 3 3 3 3 4 5 5 5 5 5 5 5 5 6 6 6 6 6 6 7 7 7 7 6 6 8 8 6 8 8 8 8 8 8 8 7 9 9 9 8 8 10 10 8 10 7 7 9 7 9 9 7 9 8 7 7 7 7 6 6 4
2 2 3 3 3 3 4 5 5 5 5 5 5 5 5 6 6 6 6 6 6 7 7 7 7 6 6 8 8 6 8 8 8 8 8 8 8 9 9 9 9 8 8 10 10 8 10 7 7 7 9 9 9 9 7 8 7 7 7 7 6 6 4
2 2 3 3 3 3 4 5 5 5 5 5 5 5 5 6 6 6 6 6 6 7 7 7 7 6 6 8 8 8 8 6 8 8 8 6 8 7 7 9 9 6 8 8 10 8 10 7 7 9 9 7 7 9 9 8 7 7 7 7 6 6 4
2 2 3 3 3 3 4 5 5 5 5 5 5 5 5 6 6 6 6 6 6 7 7 7 7 6 6 8 8 8 8 6 8 8 8 6 8 7 9 9 9 6 8 8 8 8 10 7 9 9 9 7 7 9 9 8 7 7 7 7 6 6 4
2 2 3 3 3 3 4 5 5 5 5 5 5 5 5 6 6 6 6 6 6 7 7 7 7 6 6 8 8 8 8 6 8 8 8 8 6 7 9 9 9 6 8 10 10 10 8 7 9 9 9 7 9 9 9 8 7 7 7 7 6 6 4
2 2 3 3 3 3 4 5 5 5 5 5 5 5 5 6 6 6 6 6 6 7 7 7 7 6 6 8 8 8 8 6 8 8 8 8 6 9 9 9 9 6 8 10 8 10 8 7 9 7 9 9 9 9 9 8 7 7 7 7 6 6 4
2 2 3 3 3 3 4 5 5 5 5 5 5 5 5 6 6 6 6 6 6 7 7 7 7 6 6 8 8 8 8 6 8 8 8 8 8 7 7 9 9 6 8 8 10 10 10 7 7 9 9 7 7 9 9 8 7 7 7 7 6 6 4
2 2 3 3 3 3 4 5 5 5 5 5 5 5 5 6 6 6 6 6 6 7 7 7 7 6 6 8 8 8 8 6 8 8 8 8 8 7 9 7 9 6 8 10 8 10 10 7 9 7 9 7 9 9 9 8 7 7 7 7 6 6 4
2 2 3 3 3 3 4 5 5 5 5 5 5 5 5 6 6 6 6 6 6 7 7 7 7 6 6 8 8 8 8 6 8 8 8 8 8 7 9 7 9 6 8 10 10 10 10 7 9 7 7 7 9 9 9 8 7 7 7 7 6 6 4
2 2 3 3 3 3 4 5 5 5 5 5 5 5 5 6 6 6 6 6 6 7 7 7 7 6 6 8 8 8 8 6 8 8 8 8 8 7 9 9 7 6 8 10 8 10 10 7 9 7 9 7 9 9 9 8 7 7 7 7 6 6 4
2 2 3 3 3 3 4 5 5 5 5 5 5 5 5 6 6 6 6 6 6 7 7 7 7 6 6 8 8 8 8 6 8 8 8 8 8 7 9 9 7 6 8 10 10 10 8 7 9 7 9 7 9 9 9 8 7 7 7 7 6 6 4
2 2 3 3 3 3 4 5 5 5 5 5 5 5 5 6 6 6 6 6 6 7 7 7 7 6 6 8 8 8 8 6 8 8 8 8 8 7 9 9 7 6 8 10 10 10 8 7 9 9 9 7 9 9 9 8 7 7 7 7 6 6 4
2 2 3 3 3 3 4 5 5 5 5 5 5 5 5 6 6 6 6 6 6 7 7 7 7 6 6 8 8 8 8 6 8 8 8 8 8 7 9 9 7 6 8 10 10 10 10 7 9 7 7 7 9 9 9 8 7 7 7 7 6 6 4
2 2 3 3 3 3 4 5 5 5 5 5 5 5 5 6 6 6 6 6 6 7 7 7 7 6 6 8 8 8 8 6 8 8 8 8 8 7 9 9 9 6 8 8 10 10 10 7 9 7 7 7 9 9 9 8 7 7 7 7 6 6 4
2 2 3 3 3 3 4 5 5 5 5 5 5 5 5 6 6 6 6 6 6 7 7 7 7 6 6 8 8 8 8 6 8 8 8 8 8 7 9 9 9 6 8 10 10 8 10 7 9 7 7 7 9 9 9 8 7 7 7 7 6 6 4
2 2 3 3 3 3 4 5 5 5 5 5 5 5 5 6 6 6 6 6 6 7 7 7 7 6 6 8 8 8 8 6 8 8 8 8 8 7 9 9 9 6 8 10 10 10 10 7 9 7 7 7 7 9 9 8 7 7 7 7 6 6 4
2 2 3 3 3 3 4 5 5 5 5 5 5 5 5 6 6 6 6 6 6 7 7 7 7 6 6 8 8 8 8 6 8 8 8 8 8 7 9 9 9 6 8 10 10 10 10 7 9 7 7 7 9 9 9 8 7 7 7 7 6 6 4
2 2 3 3 3 3 4 5 5 5 5 5 5 5 5 6 6 6 6 6 6 7 7 7 7 6 6 8 8 8 8 6 8 8 8 8 8 9 9 7 9 6 8 10 8 10 8 7 9 7 9 9 9 9 9 8 7 7 7 7 6 6 4
2 2 3 3 3 3 4 5 5 5 5 5 5 5 5 6 6 6 6 6 6 7 7 7 7 6 6 8 8 8 8 6 8 8 8 8 8 9 9 9 7 6 8 10 8 10 8 7 9 7 9 9 9 9 9 8 7 7 7 7 6 6 4
2 2 3 3 3 3 4 5 5 5 5 5 5 5 5 6 6 6 6 6 6 7 7 7 7 6 6 8 8 8 8 6 8 8 8 8 8 9 9 9 7 6 8 10 8 10 10 7 9 9 9 9 7 9 7 8 7 7 7 7 6 6 4
2 2 3 3 3 3 4 5 5 5 5 5 5 5 5 6 6 6 6 6 6 7 7 7 7 6 6 8 8 8 8 6 8 8 8 8 8 9 9 9 9 6 8 8 8 10 10 7 9 9 9 9 7 9 7 8 7 7 7 7 6 6 4
2 2 3 3 3 3 4 5 5 5 5 5 5 5 5 6 6 6 6 6 6 7 7 7 7 6 6 8 8 8 8 6 8 8 8 8 8 9 9 9 9 6 8 10 8 8 8 7 9 7 9 9 9 9 9 8 7 7 7 7 6 6 4
2 2 3 3 3 3 4 5 5 5 5 5 5 5 5 6 6 6 6 6 6 7 7 7 7 6 6 8 8 8 8 6 8 8 8 8 8 9 9 9 9 6 8 10 8 10 8 7 7 7 9 9 9 9 9 8 7 7 7 7 6 6 4
2 2 3 3 3 3 4 5 5 5 5 5 5 5 5 6 6 6 6 6 6 7 7 7 7 6 6 8 8 8 8 6 8 8 8 8 8 9 9 9 9 6 8 10 8 10 8 7 9 7 9 9 7 9 9 8 7 7 7 7 6 6 4
2 2 3 3 3 3 4 5 5 5 5 5 5 5 5 6 6 6 6 6 6 7 7 7 7 6 6 8 8 8 8 8 8 6 8 6 8 7 7 9 9 8 8 8 10 8 8 7 7 9 9 9 7 9 9 8 7 7 7 7 6 6 4
2 2 3 3 3 3 4 5 5 5 5 5 5 5 5 6 6 6 6 6 6 7 7 7 7 6 6 8 8 8 8 8 8 6 8 6 8 7 7 9 9 8 8 8 10 8 10 7 7 7 9 9 7 9 9 8 7 7 7 7 6 6 4
2 2 3 3 3 3 4 5 5 5 5 5 5 5 5 6 6 6 6 6 6 7 7 7 7 6 6 8 8 8 8 8 8 6 8 6 8 7 7 9 9 8 8 8 10 8 10 7 7 9 9 7 7 9 9 8 7 7 7 7 6 6 4
2 2 3 3 3 3 4 5 5 5 5 5 5 5 5 6 6 6 6 6 6 7 7 7 7 6 6 8 8 8 8 8 8 6 8 6 8 7 7 9 9 8 8 8 10 8 10 7 7 9 9 9 7 9 7 8 7 7 7 7 6 6 4
2 2 3 3 3 3 4 5 5 5 5 5 5 5 5 6 6 6 6 6 6 7 7 7 7 6 6 8 8 8 8 8 8 6 8 6 8 7 7 9 9 8 8 8 10 8 10 7 7 9 9 9 7 9 9 6 7 7 7 7 6 6 4
2 2 3 3 3 3 4 5 5 5 5 5 5 5 5 6 6 6 6 6 6 7 7 7 7 6 6 8 8 8 8 8 8 6 8 6 8 7 7 9 9 8 8 8 10 8 10 7 7 9 9 9 7 9 9 8 7 7 7 7 6 6 4
2 2 3 3 3 3 4 5 5 5 5 5 5 5 5 6 6 6 6 6 6 7 7 7 7 6 6 8 8 8 8 8 8 6 8 8 8 7 9 9 9 8 8 8 10 8 10 7 9 9 7 9 9 9 9 8 7 7 7 7 6 6 4
2 2 3 3 3 3 4 5 5 5 5 5 5 5 5 6 6 6 6 6 6 7 7 7 7 6 6 8 8 8 8 8 8 6 8 8 8 7 9 9 9 8 8 8 10 10 10 7 7 7 7 9 9 9 9 8 7 7 7 7 6 6 4
2 2 3 3 3 3 4 5 5 5 5 5 5 5 5 6 6 6 6 6 6 7 7 7 7 6 6 8 8 8 8 8 8 6 8 8 8 7 9 9 9 8 8 8 10 10 10 7 9 9 7 7 7 9 9 8 7 7 7 7 6 6 4
2 2 3 3 3 3 4 5 5 5 5 5 5 5 5 6 6 6 6 6 6 7 7 7 7 6 6 8 8 8 8 8 8 6 8 8 8 7 9 9 9 8 8 8 10 10 10 7 9 9 7 9 7 7 9 8 7 7 7 7 6 6 4
2 2 3 3 3 3 4 5 5 5 5 5 5 5 5 6 6 6 6 6 6 7 7 7 7 6 6 8 8 8 8 8 8 6 8 8 8 7 9 9 9 8 8 8 10 10 10 7 9 9 7 9 9 9 9 8 7 7 7 7 6 6 4
2 2 3 3 3 3 4 5 5 5 5 5 5 5 5 6 6 6 6 6 6 7 7 7 7 6 6 8 8 8 8 8 8 6 8 8 8 9 9 9 9 8 8 8 10 8 8 7 9 9 7 9 7 7 9 8 7 7 7 7 6 6 4
2 2 3 3 3 3 4 5 5 5 5 5 5 5 5 6 6 6 6 6 6 7 7 7 7 6 6 8 8 8 8 8 8 8 8 6 8 5 9 9 9 8 8 8 10 8 10 5 9 9 9 7 9 9 9 8 7 7 7 7 6 6 4
2 2 3 3 3 3 4 5 5 5 5 5 5 5 5 6 6 6 6 6 6 7 7 7 7 6 6 8 8 8 8 8 8 8 8 6 8 5 9 9 9 8 8 10 10 8 8 5 9 9 9 7 9 9 9 8 7 7 7 7 6 6 4
2 2 3 3 3 3 4 5 5 5 5 5 5 5 5 6 6 6 6 6 6 7 7 7 7 6 6 8 8 8 8 8 8 8 8 6 8 7 7 9 9 8 6 10 8 8 10 7 7 9 9 9 7 9 9 8 7 7 7 7 6 6 4
2 2 3 3 3 3 4 5 5 5 5 5 5 5 5 6 6 6 6 6 6 7 7 7 7 6 6 8 8 8 8 8 8 8 8 6 8 7 9 9 7 8 6 10 10 8 10 7 9 9 9 9 9 9 7 8 7 7 7 7 6 6 4
2 2 3 3 3 3 4 5 5 5 5 5 5 5 5 6 6 6 6 6 6 7 7 7 7 6 6 8 8 8 8 8 8 8 8 6 8 7 9 9 7 8 8 10 10 8 10 7 9 9 9 9 9 9 7 6 7 7 7 7 6 6 4
2 2 3 3 3 3 4 5 5 5 5 5 5 5 5 6 6 6 6 6 6 7 7 7 7 6 6 8 8 8 8 8 8 8 8 6 8 7 9 9 9 8 6 10 8 8 8 7 9 9 9 9 9 9 9 8 7 7 7 7 6 6 4
2 2 3 3 3 3 4 5 5 5 5 5 5 5 5 6 6 6 6 6 6 7 7 7 7 6 6 8 8 8 8 8 8 8 8 6 8 7 9 9 9 8 6 10 10 8 8 7 9 9 9 9 9 9 9 8 7 7 7 7 6 6 4
2 2 3 3 3 3 4 5 5 5 5 5 5 5 5 6 6 6 6 6 6 7 7 7 7 6 6 8 8 8 8 8 8 8 8 6 8 7 9 9 9 8 8 10 8 8 10 7 9 7 7 9 9 9 9 8 7 7 7 7 6 6 4
2 2 3 3 3 3 4 5 5 5 5 5 5 5 5 6 6 6 6 6 6 7 7 7 7 6 6 8 8 8 8 8 8 8 8 6 8 7 9 9 9 8 8 10 10 8 8 7 9 7 7 9 9 9 9 8 7 7 7 7 6 6 4
2 2 3 3 3 3 4 5 5 5 5 5 5 5 5 6 6 6 6 6 6 7 7 7 7 6 6 8 8 8 8 8 8 8 8 6 8 7 9 9 9 8 8 10 10 8 10 7 7 9 7 9 9 9 9 8 7 7 7 7 6 6 4
2 2 3 3 3 3 4 5 5 5 5 5 5 5 5 6 6 6 6 6 6 7 7 7 7 6 6 8 8 8 8 8 8 8 8 6 8 9 9 9 7 8 6 10 10 8 8 7 9 9 9 9 9 9 7 8 7 7 7 7 6 6 4
2 2 3 3 3 3 4 5 5 5 5 5 5 5 5 6 6 6 6 6 6 7 7 7 7 6 6 8 8 8 8 8 8 8 8 6 8 9 9 9 7 8 8 10 10 8 10 7 9 9 9 9 7 7 7 8 7 7 7 7 6 6 4
2 2 3 3 3 3 4 5 5 5 5 5 5 5 5 6 6 6 6 6 6 7 7 7 7 6 6 8 8 8 8 8 8 8 8 6 8 9 9 9 9 8 6 8 10 8 8 7 9 9 9 9 9 9 7 8 7 7 7 7 6 6 4
2 2 3 3 3 3 4 5 5 5 5 5 5 5 5 6 6 6 6 6 6 7 7 7 7 6 6 8 8 8 8 8 8 8 8 6 8 9 9 9 9 8 6 8 10 8 8 7 9 9 9 9 9 9 9 8 7 7 7 7 6 6 4
2 2 3 3 3 3 4 5 5 5 5 5 5 5 5 6 6 6 6 6 6 7 7 7 7 6 6 8 8 8 8 8 8 8 8 8 8 5 7 7 9 8 8 10 10 10 10 5 7 7 9 7 9 9 9 6 7 7 7 7 6 6 4
2 2 3 3 3 3 4 5 5 5 5 5 5 5 5 6 6 6 6 6 6 7 7 7 7 6 6 8 8 8 8 8 8 8 8 8 8 5 7 9 7 8 8 10 10 10 10 5 7 9 9 7 9 9 9 6 7 7 7 7 6 6 4
2 2 3 3 3 3 4 5 5 5 5 5 5 5 5 6 6 6 6 6 6 7 7 7 7 6 6 8 8 8 8 8 8 8 8 8 8 5 9 9 9 8 8 8 10 8 10 5 9 9 9 7 9 9 9 6 7 7 7 7 6 6 4
2 2 3 3 3 3 4 5 5 5 5 5 5 5 5 6 6 6 6 6 6 7 7 7 7 6 6 8 8 8 8 8 8 8 8 8 8 5 9 9 9 8 8 10 10 8 8 5 7 9 9 7 9 9 9 8 7 7 7 7 6 6 4
2 2 3 3 3 3 4 5 5 5 5 5 5 5 5 6 6 6 6 6 6 7 7 7 7 6 6 8 8 8 8 8 8 8 8 8 8 5 9 9 9 8 8 10 10 8 8 5 9 9 9 7 9 9 9 6 7 7 7 7 6 6 4
2 2 3 3 3 3 4 5 5 5 5 5 5 5 5 6 6 6 6 6 6 7 7 7 7 6 6 8 8 8 8 8 8 8 8 8 8 7 7 7 7 8 8 8 10 10 10 7 7 7 9 9 9 9 9 6 7 7 7 7 6 6 4
2 2 3 3 3 3 4 5 5 5 5 5 5 5 5 6 6 6 6 6 6 7 7 7 7 6 6 8 8 8 8 8 8 8 8 8 8 7 7 7 7 8 8 10 10 8 10 7 7 7 9 9 9 9 9 6 7 7 7 7 6 6 4
2 2 3 3 3 3 4 5 5 5 5 5 5 5 5 6 6 6 6 6 6 7 7 7 7 6 6 8 8 8 8 8 8 8 8 8 8 7 7 7 7 8 8 10 10 10 10 7 7 7 9 7 9 9 9 6 7 7 7 7 6 6 4
2 2 3 3 3 3 4 5 5 5 5 5 5 5 5 6 6 6 6 6 6 7 7 7 7 6 6 8 8 8 8 8 8 8 8 8 8 7 7 7 7 8 8 10 10 10 10 7 7 7 9 9 7 9 9 6 7 7 7 7 6 6 4
2 2 3 3 3 3 4 5 5 5 5 5 5 5 5 6 6 6 6 6 6 7 7 7 7 6 6 8 8 8 8 8 8 8 8 8 8 7 7 7 7 8 8 10 10 10 10 7 7 7 9 9 9 9 7 6 7 7 7 7 6 6 4
2 2 3 3 3 3 4 5 5 5 5 5 5 5 5 6 6 6 6 6 6 7 7 7 7 6 6 8 8 8 8 8 8 8 8 8 8 7 7 7 7 8 8 10 10 10 10 7 7 7 9 9 9 9 9 6 7 7 7 7 6 6 4
2 2 3 3 3 3 4 5 5 5 5 5 5 5 5 6 6 6 6 6 6 7 7 7 7 6 6 8 8 8 8 8 8 8 8 8 8 7 7 7 9 8 8 8 10 10 10 7 7 7 9 9 7 7 9 6 7 7 7 7 6 6 4
2 2 3 3 3 3 4 5 5 5 5 5 5 5 5 6 6 6 6 6 6 7 7 7 7 6 6 8 8 8 8 8 8 8 8 8 8 7 7 7 9 8 8 10 10 10 10 7 7 7 9 7 9 9 9 6 7 7 7 7 6 6 4
2 2 3 3 3 3 4 5 5 5 5 5 5 5 5 6 6 6 6 6 6 7 7 7 7 6 6 8 8 8 8 8 8 8 8 8 8 7 7 7 9 8 8 10 10 10 10 7 7 7 9 9 9 9 9 6 7 7 7 7 6 6 4
2 2 3 3 3 3 4 5 5 5 5 5 5 5 5 6 6 6 6 6 6 7 7 7 7 6 6 8 8 8 8 8 8 8 8 8 8 7 7 9 7 8 8 10 10 10 10 7 7 9 7 9 9 9 9 6 7 7 7 7 6 6 4
2 2 3 3 3 3 4 5 5 5 5 5 5 5 5 6 6 6 6 6 6 7 7 7 7 6 6 8 8 8 8 8 8 8 8 8 8 7 7 9 9 8 6 8 8 10 10 7 7 9 9 9 9 9 9 8 7 7 7 7 6 6 4
2 2 3 3 3 3 4 5 5 5 5 5 5 5 5 6 6 6 6 6 6 7 7 7 7 6 6 8 8 8 8 8 8 8 8 8 8 7 7 9 9 8 6 8 10 10 10 7 7 9 9 9 9 9 9 8 7 7 7 7 6 6 4
2 2 3 3 3 3 4 5 5 5 5 5 5 5 5 6 6 6 6 6 6 7 7 7 7 6 6 8 8 8 8 8 8 8 8 8 8 7 7 9 9 8 6 10 8 10 10 7 7 7 9 9 9 9 9 8 7 7 7 7 6 6 4
2 2 3 3 3 3 4 5 5 5 5 5 5 5 5 6 6 6 6 6 6 7 7 7 7 6 6 8 8 8 8 8 8 8 8 8 8 7 7 9 9 8 6 10 10 10 10 7 7 7 9 9 9 9 9 8 7 7 7 7 6 6 4
2 2 3 3 3 3 4 5 5 5 5 5 5 5 5 6 6 6 6 6 6 7 7 7 7 6 6 8 8 8 8 8 8 8 8 8 8 7 7 9 9 8 8 8 8 8 8 7 7 9 9 9 9 9 9 8 7 7 7 7 6 6 4
2 2 3 3 3 3 4 5 5 5 5 5 5 5 5 6 6 6 6 6 6 7 7 7 7 6 6 8 8 8 8 8 8 8 8 8 8 7 7 9 9 8 8 8 10 8 8 7 7 9 9 9 9 9 9 8 7 7 7 7 6 6 4
2 2 3 3 3 3 4 5 5 5 5 5 5 5 5 6 6 6 6 6 6 7 7 7 7 6 6 8 8 8 8 8 8 8 8 8 8 7 7 9 9 8 8 8 10 10 10 7 7 9 7 9 7 9 9 8 7 7 7 7 6 6 4
2 2 3 3 3 3 4 5 5 5 5 5 5 5 5 6 6 6 6 6 6 7 7 7 7 6 6 8 8 8 8 8 8 8 8 8 8 7 7 9 9 8 8 8 10 10 10 7 7 9 9 7 7 9 9 6 7 7 7 7 6 6 4
2 2 3 3 3 3 4 5 5 5 5 5 5 5 5 6 6 6 6 6 6 7 7 7 7 6 6 8 8 8 8 8 8 8 8 8 8 7 7 9 9 8 8 10 8 10 10 7 7 9 7 9 9 9 9 8 7 7 7 7 6 6 4
2 2 3 3 3 3 4 5 5 5 5 5 5 5 5 6 6 6 6 6 6 7 7 7 7 6 6 8 8 8 8 8 8 8 8 8 8 7 7 9 9 8 8 10 10 8 10 7 7 9 7 9 9 9 9 8 7 7 7 7 6 6 4
2 2 3 3 3 3 4 5 5 5 5 5 5 5 5 6 6 6 6 6 6 7 7 7 7 6 6 8 8 8 8 8 8 8 8 8 8 7 7 9 9 8 8 10 10 10 8 7 7 7 7 9 9 9 9 8 7 7 7 7 6 6 4
2 2 3 3 3 3 4 5 5 5 5 5 5 5 5 6 6 6 6 6 6 7 7 7 7 6 6 8 8 8 8 8 8 8 8 8 8 7 9 9 7 6 8 10 8 8 10 7 9 9 9 9 9 9 9 8 7 7 7 7 6 6 4
2 2 3 3 3 3 4 5 5 5 5 5 5 5 5 6 6 6 6 6 6 7 7 7 7 6 6 8 8 8 8 8 8 8 8 8 8 7 9 9 7 6 8 10 8 10 10 7 9 9 9 9 9 9 9 8 7 7 7 7 6 6 4
2 2 3 3 3 3 4 5 5 5 5 5 5 5 5 6 6 6 6 6 6 7 7 7 7 6 6 8 8 8 8 8 8 8 8 8 8 7 9 9 7 6 8 10 10 8 10 7 9 9 9 9 9 9 9 8 7 7 7 7 6 6 4
2 2 3 3 3 3 4 5 5 5 5 5 5 5 5 6 6 6 6 6 6 7 7 7 7 6 6 8 8 8 8 8 8 8 8 8 8 7 9 9 7 8 8 10 10 8 8 7 9 9 9 7 9 9 9 8 7 7 7 7 6 6 4
2 2 3 3 3 3 4 5 5 5 5 5 5 5 5 6 6 6 6 6 6 7 7 7 7 6 6 8 8 8 8 8 8 8 8 8 8 7 9 9 7 8 8 10 10 8 8 7 9 9 9 9 9 9 9 6 7 7 7 7 6 6 4
2 2 3 3 3 3 4 5 5 5 5 5 5 5 5 6 6 6 6 6 6 7 7 7 7 6 6 8 8 8 8 8 8 8 8 8 8 7 9 9 7 8 8 10 10 8 10 7 7 9 7 9 9 9 9 8 7 7 7 7 6 6 4
2 2 3 3 3 3 4 5 5 5 5 5 5 5 5 6 6 6 6 6 6 7 7 7 7 6 6 8 8 8 8 8 8 8 8 8 8 7 9 9 7 8 8 10 10 8 10 7 9 9 9 7 9 9 9 6 7 7 7 7 6 6 4
2 2 3 3 3 3 4 5 5 5 5 5 5 5 5 6 6 6 6 6 6 7 7 7 7 6 6 8 8 8 8 8 8 8 8 8 8 7 9 9 7 8 8 10 10 10 10 7 9 9 9 7 9 9 7 8 7 7 7 7 6 6 4
2 2 3 3 3 3 4 5 5 5 5 5 5 5 5 6 6 6 6 6 6 7 7 7 7 6 6 8 8 8 8 8 8 8 8 8 8 7 9 9 7 8 8 10 10 10 10 7 9 9 9 9 9 9 7 6 7 7 7 7 6 6 4
2 2 3 3 3 3 4 5 5 5 5 5 5 5 5 6 6 6 6 6 6 7 7 7 7 6 6 8 8 8 8 8 8 8 8 8 8 7 9 9 9 6 8 10 8 8 10 7 7 9 9 9 9 9 9 8 7 7 7 7 6 6 4
2 2 3 3 3 3 4 5 5 5 5 5 5 5 5 6 6 6 6 6 6 7 7 7 7 6 6 8 8 8 8 8 8 8 8 8 8 7 9 9 9 6 8 10 8 8 10 7 9 9 9 9 9 9 9 8 7 7 7 7 6 6 4
2 2 3 3 3 3 4 5 5 5 5 5 5 5 5 6 6 6 6 6 6 7 7 7 7 6 6 8 8 8 8 8 8 8 8 8 8 7 9 9 9 6 8 10 8 10 10 7 7 9 9 9 9 9 9 8 7 7 7 7 6 6 4
2 2 3 3 3 3 4 5 5 5 5 5 5 5 5 6 6 6 6 6 6 7 7 7 7 6 6 8 8 8 8 8 8 8 8 8 8 7 9 9 9 6 8 10 10 8 10 7 9 9 9 9 9 9 9 8 7 7 7 7 6 6 4
2 2 3 3 3 3 4 5 5 5 5 5 5 5 5 6 6 6 6 6 6 7 7 7 7 6 6 8 8 8 8 8 8 8 8 8 8 7 9 9 9 6 8 10 10 10 10 7 7 9 9 9 9 9 9 8 7 7 7 7 6 6 4
2 2 3 3 3 3 4 5 5 5 5 5 5 5 5 6 6 6 6 6 6 7 7 7 7 6 6 8 8 8 8 8 8 8 8 8 8 7 9 9 9 8 8 8 8 10 10 7 9 9 7 9 7 7 9 8 7 7 7 7 6 6 4
2 2 3 3 3 3 4 5 5 5 5 5 5 5 5 6 6 6 6 6 6 7 7 7 7 6 6 8 8 8 8 8 8 8 8 8 8 7 9 9 9 8 8 8 10 8 8 7 7 7 7 9 9 9 9 8 7 7 7 7 6 6 4
2 2 3 3 3 3 4 5 5 5 5 5 5 5 5 6 6 6 6 6 6 7 7 7 7 6 6 8 8 8 8 8 8 8 8 8 8 7 9 9 9 8 8 8 10 8 10 7 7 9 7 9 9 7 9 8 7 7 7 7 6 6 4
2 2 3 3 3 3 4 5 5 5 5 5 5 5 5 6 6 6 6 6 6 7 7 7 7 6 6 8 8 8 8 8 8 8 8 8 8 7 9 9 9 8 8 8 10 8 10 7 7 9 7 9 9 9 9 8 7 7 7 7 6 6 4
2 2 3 3 3 3 4 5 5 5 5 5 5 5 5 6 6 6 6 6 6 7 7 7 7 6 6 8 8 8 8 8 8 8 8 8 8 7 9 9 9 8 8 10 8 8 10 7 9 9 7 9 9 9 9 8 7 7 7 7 6 6 4
2 2 3 3 3 3 4 5 5 5 5 5 5 5 5 6 6 6 6 6 6 7 7 7 7 6 6 8 8 8 8 8 8 8 8 8 8 7 9 9 9 8 8 10 8 10 10 7 7 7 7 9 9 9 9 8 7 7 7 7 6 6 4
2 2 3 3 3 3 4 5 5 5 5 5 5 5 5 6 6 6 6 6 6 7 7 7 7 6 6 8 8 8 8 8 8 8 8 8 8 7 9 9 9 8 8 10 8 10 10 7 7 9 7 9 9 9 9 8 7 7 7 7 6 6 4
2 2 3 3 3 3 4 5 5 5 5 5 5 5 5 6 6 6 6 6 6 7 7 7 7 6 6 8 8 8 8 8 8 8 8 8 8 7 9 9 9 8 8 10 8 10 10 7 9 9 7 9 9 9 9 8 7 7 7 7 6 6 4
2 2 3 3 3 3 4 5 5 5 5 5 5 5 5 6 6 6 6 6 6 7 7 7 7 6 6 8 8 8 8 8 8 8 8 8 8 7 9 9 9 8 8 10 10 8 8 7 7 9 7 9 9 9 9 8 7 7 7 7 6 6 4
2 2 3 3 3 3 4 5 5 5 5 5 5 5 5 6 6 6 6 6 6 7 7 7 7 6 6 8 8 8 8 8 8 8 8 8 8 7 9 9 9 8 8 10 10 8 8 7 9 9 7 9 9 9 9 8 7 7 7 7 6 6 4
2 2 3 3 3 3 4 5 5 5 5 5 5 5 5 6 6 6 6 6 6 7 7 7 7 6 6 8 8 8 8 8 8 8 8 8 8 7 9 9 9 8 8 10 10 8 8 7 9 9 9 7 9 9 9 6 7 7 7 7 6 6 4
2 2 3 3 3 3 4 5 5 5 5 5 5 5 5 6 6 6 6 6 6 7 7 7 7 6 6 8 8 8 8 8 8 8 8 8 8 7 9 9 9 8 8 10 10 8 8 7 9 9 9 9 9 9 9 6 7 7 7 7 6 6 4
2 2 3 3 3 3 4 5 5 5 5 5 5 5 5 6 6 6 6 6 6 7 7 7 7 6 6 8 8 8 8 8 8 8 8 8 8 7 9 9 9 8 8 10 10 8 10 5 7 7 9 9 9 9 7 8 7 7 7 7 6 6 4
2 2 3 3 3 3 4 5 5 5 5 5 5 5 5 6 6 6 6 6 6 7 7 7 7 6 6 8 8 8 8 8 8 8 8 8 8 7 9 9 9 8 8 10 10 8 10 7 7 7 7 9 9 9 9 8 7 7 7 7 6 6 4
2 2 3 3 3 3 4 5 5 5 5 5 5 5 5 6 6 6 6 6 6 7 7 7 7 6 6 8 8 8 8 8 8 8 8 8 8 7 9 9 9 8 8 10 10 8 10 7 7 9 7 7 9 7 9 8 7 7 7 7 6 6 4
2 2 3 3 3 3 4 5 5 5 5 5 5 5 5 6 6 6 6 6 6 7 7 7 7 6 6 8 8 8 8 8 8 8 8 8 8 7 9 9 9 8 8 10 10 8 10 7 7 9 7 9 9 9 9 8 7 7 7 7 6 6 4
2 2 3 3 3 3 4 5 5 5 5 5 5 5 5 6 6 6 6 6 6 7 7 7 7 6 6 8 8 8 8 8 8 8 8 8 8 7 9 9 9 8 8 10 10 10 10 7 7 7 7 9 9 9 9 8 7 7 7 7 6 6 4
2 2 3 3 3 3 4 5 5 5 5 5 5 5 5 6 6 6 6 6 6 7 7 7 7 6 6 8 8 8 8 8 8 8 8 8 8 9 7 9 9 8 6 10 10 10 8 7 7 7 9 9 9 9 9 8 7 7 7 7 6 6 4
2 2 3 3 3 3 4 5 5 5 5 5 5 5 5 6 6 6 6 6 6 7 7 7 7 6 6 8 8 8 8 8 8 8 8 8 8 9 7 9 9 8 8 10 8 10 8 7 7 9 7 9 9 9 9 8 7 7 7 7 6 6 4
2 2 3 3 3 3 4 5 5 5 5 5 5 5 5 6 6 6 6 6 6 7 7 7 7 6 6 8 8 8 8 8 8 8 8 8 8 9 9 9 7 6 8 10 8 10 10 7 9 9 9 9 9 9 9 8 7 7 7 7 6 6 4
2 2 3 3 3 3 4 5 5 5 5 5 5 5 5 6 6 6 6 6 6 7 7 7 7 6 6 8 8 8 8 8 8 8 8 8 8 9 9 9 7 6 8 10 10 8 10 7 7 9 9 9 9 9 7 8 7 7 7 7 6 6 4
2 2 3 3 3 3 4 5 5 5 5 5 5 5 5 6 6 6 6 6 6 7 7 7 7 6 6 8 8 8 8 8 8 8 8 8 8 9 9 9 7 6 8 10 10 8 10 7 7 9 9 9 9 9 9 8 7 7 7 7 6 6 4
2 2 3 3 3 3 4 5 5 5 5 5 5 5 5 6 6 6 6 6 6 7 7 7 7 6 6 8 8 8 8 8 8 8 8 8 8 9 9 9 7 8 8 10 10 8 8 7 9 9 9 9 7 7 9 8 7 7 7 7 6 6 4
2 2 3 3 3 3 4 5 5 5 5 5 5 5 5 6 6 6 6 6 6 7 7 7 7 6 6 8 8 8 8 8 8 8 8 8 8 9 9 9 9 6 8 8 10 8 10 7 7 9 9 9 9 9 7 8 7 7 7 7 6 6 4
2 2 3 3 3 3 4 5 5 5 5 5 5 5 5 6 6 6 6 6 6 7 7 7 7 6 6 8 8 8 8 8 8 8 8 8 8 9 9 9 9 8 8 10 8 8 8 7 9 9 7 9 7 7 9 8 7 7 7 7 6 6 4
2 2 3 3 3 3 4 5 5 5 5 5 5 5 5 6 6 6 6 6 6 7 7 7 7 6 6 8 8 8 8 8 8 8 8 8 8 9 9 9 9 8 8 10 8 8 8 7 9 9 7 9 7 9 9 8 7 7 7 7 6 6 4
2 2 3 3 3 3 4 5 5 5 5 5 5 5 5 6 6 6 6 6 6 7 7 7 7 6 8 8 8 8 6 6 8 8 8 8 6 7 9 9 9 6 8 10 10 10 6 7 9 9 9 7 9 9 9 8 7 7 7 7 6 6 4
2 2 3 3 3 3 4 5 5 5 5 5 5 5 5 6 6 6 6 6 6 7 7 7 7 6 8 8 8 8 6 6 8 8 8 8 6 7 9 9 9 6 10 8 10 10 6 7 9 9 9 7 9 9 9 8 7 7 7 7 6 6 4
2 2 3 3 3 3 4 5 5 5 5 5 5 5 5 6 6 6 6 6 6 7 7 7 7 6 8 8 8 8 6 6 8 8 8 8 6 7 9 9 9 6 10 10 10 10 6 7 9 7 9 7 9 9 9 8 7 7 7 7 6 6 4
2 2 3 3 3 3 4 5 5 5 5 5 5 5 5 6 6 6 6 6 6 7 7 7 7 6 8 8 8 8 6 6 8 8 8 8 6 7 9 9 9 6 10 10 10 10 6 7 9 9 9 7 9 9 9 8 7 7 7 7 6 6 4
2 2 3 3 3 3 4 5 5 5 5 5 5 5 5 6 6 6 6 6 6 7 7 7 7 6 8 8 8 8 6 6 8 8 8 8 6 9 9 9 9 6 8 10 10 10 6 7 9 9 9 9 7 9 9 8 7 7 7 7 6 6 4
2 2 3 3 3 3 4 5 5 5 5 5 5 5 5 6 6 6 6 6 6 7 7 7 7 6 8 8 8 8 6 6 8 8 8 8 6 9 9 9 9 6 10 10 10 10 6 7 9 7 9 9 7 9 9 8 7 7 7 7 6 6 4
2 2 3 3 3 3 4 5 5 5 5 5 5 5 5 6 6 6 6 6 6 7 7 7 7 6 8 8 8 8 6 6 8 8 8 8 8 7 9 9 9 6 8 10 10 8 8 7 9 9 9 7 9 9 9 8 7 7 7 7 6 6 4
2 2 3 3 3 3 4 5 5 5 5 5 5 5 5 6 6 6 6 6 6 7 7 7 7 6 8 8 8 8 6 6 8 8 8 8 8 7 9 9 9 6 8 10 10 10 8 7 9 9 7 7 9 9 9 8 7 7 7 7 6 6 4
2 2 3 3 3 3 4 5 5 5 5 5 5 5 5 6 6 6 6 6 6 7 7 7 7 6 8 8 8 8 6 6 8 8 8 8 8 7 9 9 9 6 8 10 10 10 8 7 9 9 9 7 9 9 7 8 7 7 7 7 6 6 4
2 2 3 3 3 3 4 5 5 5 5 5 5 5 5 6 6 6 6 6 6 7 7 7 7 6 8 8 8 8 6 6 8 8 8 8 8 7 9 9 9 6 8 10 10 10 8 7 9 9 9 7 9 9 9 8 7 7 7 7 6 6 4
2 2 3 3 3 3 4 5 5 5 5 5 5 5 5 6 6 6 6 6 6 7 7 7 7 6 8 8 8 8 6 6 8 8 8 8 8 9 9 7 7 6 8 10 10 10 8 9 9 7 7 9 9 7 9 8 7 7 7 7 6 6 4
2 2 3 3 3 3 4 5 5 5 5 5 5 5 5 6 6 6 6 6 6 7 7 7 7 6 8 8 8 8 6 6 8 8 8 8 8 9 9 7 7 6 8 10 10 10 8 9 9 7 7 9 9 9 7 8 7 7 7 7 6 6 4
2 2 3 3 3 3 4 5 5 5 5 5 5 5 5 6 6 6 6 6 6 7 7 7 7 6 8 8 8 8 6 6 8 8 8 8 8 9 9 7 7 6 10 10 10 10 8 7 9 7 7 9 9 7 9 8 7 7 7 7 6 6 4
2 2 3 3 3 3 4 5 5 5 5 5 5 5 5 6 6 6 6 6 6 7 7 7 7 6 8 8 8 8 6 6 8 8 8 8 8 9 9 7 7 6 10 10 10 10 8 9 9 7 7 7 9 7 9 8 7 7 7 7 6 6 4
2 2 3 3 3 3 4 5 5 5 5 5 5 5 5 6 6 6 6 6 6 7 7 7 7 6 8 8 8 8 6 6 8 8 8 8 8 9 9 7 9 6 8 10 10 10 8 9 9 7 7 9 9 7 9 8 7 7 7 7 6 6 4
2 2 3 3 3 3 4 5 5 5 5 5 5 5 5 6 6 6 6 6 6 7 7 7 7 6 8 8 8 8 6 6 8 8 8 8 8 9 9 7 9 6 10 10 8 10 8 9 9 7 7 9 9 7 9 8 7 7 7 7 6 6 4
2 2 3 3 3 3 4 5 5 5 5 5 5 5 5 6 6 6 6 6 6 7 7 7 7 6 8 8 8 8 6 6 8 8 8 8 8 9 9 7 9 6 10 10 8 10 8 9 9 7 9 7 9 7 9 8 7 7 7 7 6 6 4
2 2 3 3 3 3 4 5 5 5 5 5 5 5 5 6 6 6 6 6 6 7 7 7 7 6 8 8 8 8 6 6 8 8 8 8 8 9 9 7 9 6 10 10 10 10 8 7 9 7 7 9 9 7 9 8 7 7 7 7 6 6 4
2 2 3 3 3 3 4 5 5 5 5 5 5 5 5 6 6 6 6 6 6 7 7 7 7 6 8 8 8 8 6 6 8 8 8 8 8 9 9 7 9 6 10 10 10 10 8 9 9 7 7 7 9 7 9 8 7 7 7 7 6 6 4
2 2 3 3 3 3 4 5 5 5 5 5 5 5 5 6 6 6 6 6 6 7 7 7 7 6 8 8 8 8 6 6 8 8 8 8 8 9 9 9 9 6 8 8 10 10 8 9 9 9 9 7 9 9 7 8 7 7 7 7 6 6 4
2 2 3 3 3 3 4 5 5 5 5 5 5 5 5 6 6 6 6 6 6 7 7 7 7 6 8 8 8 8 6 6 8 8 8 8 8 9 9 9 9 6 8 8 10 10 8 9 9 9 9 7 9 9 9 8 7 7 7 7 6 6 4
2 2 3 3 3 3 4 5 5 5 5 5 5 5 5 6 6 6 6 6 6 7 7 7 7 6 8 8 8 8 6 8 6 8 8 8 8 9 7 9 9 8 8 10 10 10 8 9 7 9 7 9 7 7 9 8 7 7 7 7 6 6 4
2 2 3 3 3 3 4 5 5 5 5 5 5 5 5 6 6 6 6 6 6 7 7 7 7 6 8 8 8 8 6 8 6 8 8 8 8 9 9 9 9 8 8 10 10 8 8 9 7 9 9 7 9 9 7 8 7 7 7 7 6 6 4
2 2 3 3 3 3 4 5 5 5 5 5 5 5 5 6 6 6 6 6 6 7 7 7 7 6 8 8 8 8 6 8 8 8 8 8 8 7 9 9 9 8 8 10 10 8 8 7 9 9 9 7 9 9 7 8 7 7 7 7 6 6 4
2 2 3 3 3 3 4 5 5 5 5 5 5 5 5 6 6 6 6 6 6 7 7 7 7 6 8 8 8 8 6 8 8 8 8 8 8 7 9 9 9 8 10 8 10 10 8 7 9 9 7 7 9 7 9 8 7 7 7 7 6 6 4
2 2 3 3 3 3 4 5 5 5 5 5 5 5 5 6 6 6 6 6 6 7 7 7 7 6 8 8 8 8 6 8 8 8 8 8 8 9 9 9 9 8 8 10 10 8 8 7 9 9 9 9 7 7 9 8 7 7 7 7 6 6 4
2 2 3 3 3 3 4 5 5 5 5 5 5 5 5 6 6 6 6 6 6 7 7 7 7 6 8 8 8 8 8 6 8 8 8 8 8 7 7 7 9 6 8 8 10 10 10 7 7 9 9 7 7 9 9 8 7 7 7 7 6 6 4
2 2 3 3 3 3 4 5 5 5 5 5 5 5 5 6 6 6 6 6 6 7 7 7 7 6 8 8 8 8 8 6 8 8 8 8 8 7 7 9 9 6 8 8 8 10 10 7 7 9 9 7 7 9 9 8 7 7 7 7 6 6 4
2 2 3 3 3 3 4 5 5 5 5 5 5 5 5 6 6 6 6 6 6 7 7 7 7 6 8 8 8 8 8 6 8 8 8 8 8 7 7 9 9 6 8 8 10 10 10 7 7 9 9 7 7 9 9 8 7 7 7 7 6 6 4
2 2 3 3 3 3 4 5 5 5 5 5 5 5 5 6 6 6 6 6 6 7 7 7 7 6 8 8 8 8 8 6 8 8 8 8 8 7 9 7 9 6 8 10 10 10 8 7 9 9 9 7 9 9 9 8 7 7 7 7 6 6 4
2 2 3 3 3 3 4 5 5 5 5 5 5 5 5 6 6 6 6 6 6 7 7 7 7 6 8 8 8 8 8 6 8 8 8 8 8 7 9 7 9 6 10 8 8 10 8 7 9 9 9 7 9 9 9 8 7 7 7 7 6 6 4
2 2 3 3 3 3 4 5 5 5 5 5 5 5 5 6 6 6 6 6 6 7 7 7 7 6 8 8 8 8 8 6 8 8 8 8 8 7 9 7 9 6 10 10 8 10 8 7 9 7 9 7 9 9 9 8 7 7 7 7 6 6 4
2 2 3 3 3 3 4 5 5 5 5 5 5 5 5 6 6 6 6 6 6 7 7 7 7 6 8 8 8 8 8 6 8 8 8 8 8 7 9 7 9 6 10 10 8 10 8 7 9 9 9 7 9 9 9 8 7 7 7 7 6 6 4
2 2 3 3 3 3 4 5 5 5 5 5 5 5 5 6 6 6 6 6 6 7 7 7 7 6 8 8 8 8 8 6 8 8 8 8 8 7 9 9 9 6 8 8 10 10 8 7 9 9 7 7 9 9 9 8 7 7 7 7 6 6 4
2 2 3 3 3 3 4 5 5 5 5 5 5 5 5 6 6 6 6 6 6 7 7 7 7 6 8 8 8 8 8 6 8 8 8 8 8 7 9 9 9 6 8 10 10 10 8 7 7 9 7 7 9 9 9 8 7 7 7 7 6 6 4
2 2 3 3 3 3 4 5 5 5 5 5 5 5 5 6 6 6 6 6 6 7 7 7 7 6 8 8 8 8 8 6 8 8 8 8 8 7 9 9 9 6 8 10 10 10 8 7 7 9 9 7 9 9 7 8 7 7 7 7 6 6 4
2 2 3 3 3 3 4 5 5 5 5 5 5 5 5 6 6 6 6 6 6 7 7 7 7 6 8 8 8 8 8 6 8 8 8 8 8 7 9 9 9 6 8 10 10 10 8 7 9 9 7 7 9 9 9 8 7 7 7 7 6 6 4
2 2 3 3 3 3 4 5 5 5 5 5 5 5 5 6 6 6 6 6 6 7 7 7 7 6 8 8 8 8 8 6 8 8 8 8 8 7 9 9 9 6 8 10 10 10 10 7 9 9 9 7 9 9 9 8 7 7 7 7 6 6 4
2 2 3 3 3 3 4 5 5 5 5 5 5 5 5 6 6 6 6 6 6 7 7 7 7 6 8 8 8 8 8 6 8 8 8 8 8 9 9 7 7 6 8 10 10 10 10 9 9 7 7 9 9 7 7 8 7 7 7 7 6 6 4
2 2 3 3 3 3 4 5 5 5 5 5 5 5 5 6 6 6 6 6 6 7 7 7 7 6 8 8 8 8 8 6 8 8 8 8 8 9 9 7 7 6 10 10 10 10 10 7 9 7 7 9 9 7 7 8 7 7 7 7 6 6 4
2 2 3 3 3 3 4 5 5 5 5 5 5 5 5 6 6 6 6 6 6 7 7 7 7 6 8 8 8 8 8 6 8 8 8 8 8 9 9 7 9 6 8 10 8 10 10 7 9 9 9 9 9 9 9 8 7 7 7 7 6 6 4
2 2 3 3 3 3 4 5 5 5 5 5 5 5 5 6 6 6 6 6 6 7 7 7 7 6 8 8 8 8 8 6 8 8 8 8 8 9 9 7 9 6 10 10 8 10 8 7 7 7 9 9 9 9 9 8 7 7 7 7 6 6 4
2 2 3 3 3 3 4 5 5 5 5 5 5 5 5 6 6 6 6 6 6 7 7 7 7 6 8 8 8 8 8 6 8 8 8 8 8 9 9 7 9 6 10 10 8 10 10 7 7 7 9 9 9 9 9 8 7 7 7 7 6 6 4
2 2 3 3 3 3 4 5 5 5 5 5 5 5 5 6 6 6 6 6 6 7 7 7 7 6 8 8 8 8 8 6 8 8 8 8 8 9 9 9 9 6 8 8 10 10 8 7 7 9 7 9 9 9 9 8 7 7 7 7 6 6 4
2 2 3 3 3 3 4 5 5 5 5 5 5 5 5 6 6 6 6 6 6 7 7 7 7 6 8 8 8 8 8 6 8 8 8 8 8 9 9 9 9 6 8 8 10 10 10 7 7 9 7 9 9 9 9 8 7 7 7 7 6 6 4
2 2 3 3 3 3 4 5 5 5 5 5 5 5 5 6 6 6 6 6 6 7 7 7 7 6 8 8 8 8 8 8 6 8 8 8 8 7 7 9 9 8 8 10 8 8 10 7 7 9 9 7 9 9 9 6 7 7 7 7 6 6 4
2 2 3 3 3 3 4 5 5 5 5 5 5 5 5 6 6 6 6 6 6 7 7 7 7 6 8 8 8 8 8 8 6 8 8 8 8 7 9 9 9 8 8 10 8 8 10 7 7 9 9 7 9 9 7 8 7 7 7 7 6 6 4
2 2 3 3 3 3 4 5 5 5 5 5 5 5 5 6 6 6 6 6 6 7 7 7 7 6 8 8 8 8 8 8 6 8 8 8 8 9 7 7 7 8 8 10 10 8 8 9 7 9 9 9 9 7 9 8 7 7 7 7 6 6 4
2 2 3 3 3 3 4 5 5 5 5 5 5 5 5 6 6 6 6 6 6 7 7 7 7 6 8 8 8 8 8 8 6 8 8 8 8 9 7 7 7 8 8 10 10 8 10 9 7 9 9 9 9 7 7 8 7 7 7 7 6 6 4
2 2 3 3 3 3 4 5 5 5 5 5 5 5 5 6 6 6 6 6 6 7 7 7 7 6 8 8 8 8 8 8 6 8 8 8 8 9 7 7 7 8 8 10 10 10 10 9 7 9 7 9 9 7 7 8 7 7 7 7 6 6 4
2 2 3 3 3 3 4 5 5 5 5 5 5 5 5 6 6 6 6 6 6 7 7 7 7 6 8 8 8 8 8 8 6 8 8 8 8 9 7 7 9 8 8 10 8 10 10 9 7 9 7 9 9 7 9 8 7 7 7 7 6 6 4
2 2 3 3 3 3 4 5 5 5 5 5 5 5 5 6 6 6 6 6 6 7 7 7 7 6 8 8 8 8 8 8 6 8 8 8 8 9 7 7 9 8 8 10 10 8 10 9 7 9 9 9 9 7 7 8 7 7 7 7 6 6 4
2 2 3 3 3 3 4 5 5 5 5 5 5 5 5 6 6 6 6 6 6 7 7 7 7 6 8 8 8 8 8 8 6 8 8 8 8 9 7 9 7 8 8 10 8 10 10 9 7 9 7 9 9 7 7 8 7 7 7 7 6 6 4
2 2 3 3 3 3 4 5 5 5 5 5 5 5 5 6 6 6 6 6 6 7 7 7 7 6 8 8 8 8 8 8 6 8 8 8 8 9 7 9 7 8 8 10 10 8 8 9 7 9 9 9 9 9 7 8 7 7 7 7 6 6 4
2 2 3 3 3 3 4 5 5 5 5 5 5 5 5 6 6 6 6 6 6 7 7 7 7 6 8 8 8 8 8 8 6 8 8 8 8 9 7 9 7 8 8 10 10 8 10 9 7 9 9 9 9 9 9 8 7 7 7 7 6 6 4
2 2 3 3 3 3 4 5 5 5 5 5 5 5 5 6 6 6 6 6 6 7 7 7 7 6 8 8 8 8 8 8 6 8 8 8 8 9 7 9 7 8 8 10 10 10 8 9 7 9 7 9 9 9 7 8 7 7 7 7 6 6 4
2 2 3 3 3 3 4 5 5 5 5 5 5 5 5 6 6 6 6 6 6 7 7 7 7 6 8 8 8 8 8 8 6 8 8 8 8 9 7 9 7 8 8 10 10 10 10 9 7 9 7 9 9 9 9 8 7 7 7 7 6 6 4
2 2 3 3 3 3 4 5 5 5 5 5 5 5 5 6 6 6 6 6 6 7 7 7 7 6 8 8 8 8 8 8 6 8 8 8 8 9 7 9 9 8 8 10 8 10 8 9 7 9 7 9 9 7 9 8 7 7 7 7 6 6 4
2 2 3 3 3 3 4 5 5 5 5 5 5 5 5 6 6 6 6 6 6 7 7 7 7 6 8 8 8 8 8 8 6 8 8 8 8 9 7 9 9 8 8 10 8 10 8 9 7 9 9 9 9 9 7 8 7 7 7 7 6 6 4
2 2 3 3 3 3 4 5 5 5 5 5 5 5 5 6 6 6 6 6 6 7 7 7 7 6 8 8 8 8 8 8 6 8 8 8 8 9 7 9 9 8 8 10 10 8 8 9 7 9 9 9 9 9 7 8 7 7 7 7 6 6 4
2 2 3 3 3 3 4 5 5 5 5 5 5 5 5 6 6 6 6 6 6 7 7 7 7 6 8 8 8 8 8 8 6 8 8 8 8 9 7 9 9 8 8 10 10 10 8 9 7 9 7 7 7 7 9 8 7 7 7 7 6 6 4
2 2 3 3 3 3 4 5 5 5 5 5 5 5 5 6 6 6 6 6 6 7 7 7 7 6 8 8 8 8 8 8 6 8 8 8 8 9 7 9 9 8 8 10 10 10 8 9 7 9 7 9 9 7 9 8 7 7 7 7 6 6 4
2 2 3 3 3 3 4 5 5 5 5 5 5 5 5 6 6 6 6 6 6 7 7 7 7 6 8 8 8 8 8 8 6 8 8 8 8 9 7 9 9 8 8 10 10 10 10 9 7 9 7 7 7 7 9 8 7 7 7 7 6 6 4
2 2 3 3 3 3 4 5 5 5 5 5 5 5 5 6 6 6 6 6 6 7 7 7 7 6 8 8 8 8 8 8 6 8 8 8 8 9 9 9 7 8 8 10 8 8 10 9 9 9 7 9 9 7 7 8 7 7 7 7 6 6 4
2 2 3 3 3 3 4 5 5 5 5 5 5 5 5 6 6 6 6 6 6 7 7 7 7 6 8 8 8 8 8 8 6 8 8 8 8 9 9 9 7 8 8 10 10 8 10 9 9 9 7 7 9 7 7 8 7 7 7 7 6 6 4
2 2 3 3 3 3 4 5 5 5 5 5 5 5 5 6 6 6 6 6 6 7 7 7 7 6 8 8 8 8 8 8 6 8 8 8 8 9 9 9 7 8 8 10 10 8 10 9 9 9 7 9 9 7 7 8 7 7 7 7 6 6 4
2 2 3 3 3 3 4 5 5 5 5 5 5 5 5 6 6 6 6 6 6 7 7 7 7 6 8 8 8 8 8 8 6 8 8 8 8 9 9 9 7 8 8 10 10 10 10 7 7 9 7 9 9 7 7 8 7 7 7 7 6 6 4
2 2 3 3 3 3 4 5 5 5 5 5 5 5 5 6 6 6 6 6 6 7 7 7 7 6 8 8 8 8 8 8 6 8 8 8 8 9 9 9 7 8 8 10 10 10 10 9 7 9 7 9 9 7 7 8 7 7 7 7 6 6 4
2 2 3 3 3 3 4 5 5 5 5 5 5 5 5 6 6 6 6 6 6 7 7 7 7 6 8 8 8 8 8 8 6 8 8 8 8 9 9 9 9 8 8 8 8 8 8 7 7 9 9 9 9 9 7 8 7 7 7 7 6 6 4
2 2 3 3 3 3 4 5 5 5 5 5 5 5 5 6 6 6 6 6 6 7 7 7 7 6 8 8 8 8 8 8 6 8 8 8 8 9 9 9 9 8 8 8 10 10 10 9 7 9 7 9 9 7 9 8 7 7 7 7 6 6 4
2 2 3 3 3 3 4 5 5 5 5 5 5 5 5 6 6 6 6 6 6 7 7 7 7 6 8 8 8 8 8 8 6 8 8 8 8 9 9 9 9 8 8 10 8 8 8 9 7 9 9 9 9 9 7 8 7 7 7 7 6 6 4
2 2 3 3 3 3 4 5 5 5 5 5 5 5 5 6 6 6 6 6 6 7 7 7 7 6 8 8 8 8 8 8 6 8 8 8 8 9 9 9 9 8 8 10 10 8 8 7 7 7 9 9 9 9 7 8 7 7 7 7 6 6 4
2 2 3 3 3 3 4 5 5 5 5 5 5 5 5 6 6 6 6 6 6 7 7 7 7 6 8 8 8 8 8 8 6 8 8 8 8 9 9 9 9 8 8 10 10 8 8 7 9 9 7 9 9 7 9 8 7 7 7 7 6 6 4
2 2 3 3 3 3 4 5 5 5 5 5 5 5 5 6 6 6 6 6 6 7 7 7 7 6 8 8 8 8 8 8 6 8 8 8 8 9 9 9 9 8 8 10 10 8 8 9 7 9 9 9 9 9 7 8 7 7 7 7 6 6 4
2 2 3 3 3 3 4 5 5 5 5 5 5 5 5 6 6 6 6 6 6 7 7 7 7 6 8 8 8 8 8 8 6 8 8 8 8 9 9 9 9 8 8 10 10 8 10 9 7 9 9 7 9 7 7 8 7 7 7 7 6 6 4
2 2 3 3 3 3 4 5 5 5 5 5 5 5 5 6 6 6 6 6 6 7 7 7 7 6 8 8 8 8 8 8 6 8 8 8 8 9 9 9 9 8 8 10 10 8 10 9 7 9 9 9 9 7 7 8 7 7 7 7 6 6 4
2 2 3 3 3 3 4 5 5 5 5 5 5 5 5 6 6 6 6 6 6 7 7 7 7 6 8 8 8 8 8 8 6 8 8 8 8 9 9 9 9 8 8 10 10 8 10 9 9 9 7 7 7 7 9 8 7 7 7 7 6 6 4
2 2 3 3 3 3 4 5 5 5 5 5 5 5 5 6 6 6 6 6 6 7 7 7 7 6 8 8 8 8 8 8 8 8 8 8 6 7 7 7 9 8 8 10 10 10 8 7 7 7 9 7 9 7 9 6 7 7 7 7 6 6 4
2 2 3 3 3 3 4 5 5 5 5 5 5 5 5 6 6 6 6 6 6 7 7 7 7 6 8 8 8 8 8 8 8 8 8 8 6 7 7 9 9 8 8 10 10 10 6 7 7 9 9 7 7 9 9 8 7 7 7 7 6 6 4
2 2 3 3 3 3 4 5 5 5 5 5 5 5 5 6 6 6 6 6 6 7 7 7 7 6 8 8 8 8 8 8 8 8 8 8 6 7 7 9 9 8 8 10 10 10 6 7 7 9 9 7 9 9 9 6 7 7 7 7 6 6 4
2 2 3 3 3 3 4 5 5 5 5 5 5 5 5 6 6 6 6 6 6 7 7 7 7 6 8 8 8 8 8 8 8 8 8 8 6 7 7 9 9 8 8 10 10 10 6 7 7 9 9 9 7 9 9 6 7 7 7 7 6 6 4
2 2 3 3 3 3 4 5 5 5 5 5 5 5 5 6 6 6 6 6 6 7 7 7 7 6 8 8 8 8 8 8 8 8 8 8 6 7 7 9 9 8 10 10 10 10 6 7 7 9 9 7 7 7 9 8 7 7 7 7 6 6 4
2 2 3 3 3 3 4 5 5 5 5 5 5 5 5 6 6 6 6 6 6 7 7 7 7 6 8 8 8 8 8 8 8 8 8 8 6 7 9 7 9 6 8 8 10 10 8 7 9 9 9 9 9 7 9 8 7 7 7 7 6 6 4
2 2 3 3 3 3 4 5 5 5 5 5 5 5 5 6 6 6 6 6 6 7 7 7 7 6 8 8 8 8 8 8 8 8 8 8 6 7 9 7 9 6 10 8 8 10 8 7 9 9 9 9 9 7 9 8 7 7 7 7 6 6 4
2 2 3 3 3 3 4 5 5 5 5 5 5 5 5 6 6 6 6 6 6 7 7 7 7 6 8 8 8 8 8 8 8 8 8 8 6 7 9 7 9 6 10 10 10 8 8 7 9 9 9 9 9 7 9 8 7 7 7 7 6 6 4
2 2 3 3 3 3 4 5 5 5 5 5 5 5 5 6 6 6 6 6 6 7 7 7 7 6 8 8 8 8 8 8 8 8 8 8 6 7 9 7 9 8 10 8 10 10 8 7 7 7 9 9 9 7 9 8 7 7 7 7 6 6 4
2 2 3 3 3 3 4 5 5 5 5 5 5 5 5 6 6 6 6 6 6 7 7 7 7 6 8 8 8 8 8 8 8 8 8 8 6 7 9 9 9 8 8 8 10 10 6 7 9 9 9 9 9 9 7 8 7 7 7 7 6 6 4
2 2 3 3 3 3 4 5 5 5 5 5 5 5 5 6 6 6 6 6 6 7 7 7 7 6 8 8 8 8 8 8 8 8 8 8 6 7 9 9 9 8 8 10 10 8 8 7 7 7 9 9 9 9 7 8 7 7 7 7 6 6 4
2 2 3 3 3 3 4 5 5 5 5 5 5 5 5 6 6 6 6 6 6 7 7 7 7 6 8 8 8 8 8 8 8 8 8 8 6 7 9 9 9 8 8 10 10 8 8 7 7 7 9 9 9 9 9 8 7 7 7 7 6 6 4
2 2 3 3 3 3 4 5 5 5 5 5 5 5 5 6 6 6 6 6 6 7 7 7 7 6 8 8 8 8 8 8 8 8 8 8 6 7 9 9 9 8 8 10 10 10 6 7 9 9 9 9 9 9 9 8 7 7 7 7 6 6 4
2 2 3 3 3 3 4 5 5 5 5 5 5 5 5 6 6 6 6 6 6 7 7 7 7 6 8 8 8 8 8 8 8 8 8 8 6 7 9 9 9 8 8 10 10 10 8 7 7 7 9 9 9 9 9 8 7 7 7 7 6 6 4
2 2 3 3 3 3 4 5 5 5 5 5 5 5 5 6 6 6 6 6 6 7 7 7 7 6 8 8 8 8 8 8 8 8 8 8 6 7 9 9 9 8 10 8 10 10 6 7 9 9 9 9 9 7 9 8 7 7 7 7 6 6 4
2 2 3 3 3 3 4 5 5 5 5 5 5 5 5 6 6 6 6 6 6 7 7 7 7 6 8 8 8 8 8 8 8 8 8 8 6 7 9 9 9 8 10 8 10 10 6 7 9 9 9 9 9 9 7 8 7 7 7 7 6 6 4
2 2 3 3 3 3 4 5 5 5 5 5 5 5 5 6 6 6 6 6 6 7 7 7 7 6 8 8 8 8 8 8 8 8 8 8 6 7 9 9 9 8 10 10 10 10 6 7 9 9 9 9 9 7 9 8 7 7 7 7 6 6 4
2 2 3 3 3 3 4 5 5 5 5 5 5 5 5 6 6 6 6 6 6 7 7 7 7 6 8 8 8 8 8 8 8 8 8 8 6 9 9 9 9 6 8 8 10 10 8 7 9 9 9 9 9 9 9 8 7 7 7 7 6 6 4
2 2 3 3 3 3 4 5 5 5 5 5 5 5 5 6 6 6 6 6 6 7 7 7 7 6 8 8 8 8 8 8 8 8 8 8 6 9 9 9 9 6 8 10 10 10 8 7 9 9 9 9 9 7 9 8 7 7 7 7 6 6 4
2 2 3 3 3 3 4 5 5 5 5 5 5 5 5 6 6 6 6 6 6 7 7 7 7 6 8 8 8 8 8 8 8 8 8 8 6 9 9 9 9 6 8 10 10 10 8 9 7 9 9 9 9 7 9 8 7 7 7 7 6 6 4
2 2 3 3 3 3 4 5 5 5 5 5 5 5 5 6 6 6 6 6 6 7 7 7 7 6 8 8 8 8 8 8 8 8 8 8 8 5 7 7 9 8 10 10 10 10 8 5 7 9 9 7 9 9 9 6 7 7 7 7 6 6 4
2 2 3 3 3 3 4 5 5 5 5 5 5 5 5 6 6 6 6 6 6 7 7 7 7 6 8 8 8 8 8 8 8 8 8 8 8 5 7 9 9 8 10 8 10 10 8 5 7 9 9 7 9 9 9 6 7 7 7 7 6 6 4
2 2 3 3 3 3 4 5 5 5 5 5 5 5 5 6 6 6 6 6 6 7 7 7 7 6 8 8 8 8 8 8 8 8 8 8 8 5 7 9 9 8 10 8 10 10 10 5 7 9 9 7 9 9 9 6 7 7 7 7 6 6 4
2 2 3 3 3 3 4 5 5 5 5 5 5 5 5 6 6 6 6 6 6 7 7 7 7 6 8 8 8 8 8 8 8 8 8 8 8 7 7 7 9 8 8 8 10 10 10 7 7 9 9 9 9 7 7 8 7 7 7 7 6 6 4
2 2 3 3 3 3 4 5 5 5 5 5 5 5 5 6 6 6 6 6 6 7 7 7 7 6 8 8 8 8 8 8 8 8 8 8 8 7 7 7 9 8 8 10 10 10 10 7 7 7 9 9 9 7 7 8 7 7 7 7 6 6 4
2 2 3 3 3 3 4 5 5 5 5 5 5 5 5 6 6 6 6 6 6 7 7 7 7 6 8 8 8 8 8 8 8 8 8 8 8 7 7 7 9 8 10 10 8 10 10 7 7 9 7 9 9 7 9 8 7 7 7 7 6 6 4
2 2 3 3 3 3 4 5 5 5 5 5 5 5 5 6 6 6 6 6 6 7 7 7 7 6 8 8 8 8 8 8 8 8 8 8 8 7 7 7 9 8 10 10 8 10 10 7 7 9 9 9 9 7 7 8 7 7 7 7 6 6 4
2 2 3 3 3 3 4 5 5 5 5 5 5 5 5 6 6 6 6 6 6 7 7 7 7 6 8 8 8 8 8 8 8 8 8 8 8 7 7 7 9 8 10 10 10 10 10 7 7 9 9 7 7 7 7 8 7 7 7 7 6 6 4
2 2 3 3 3 3 4 5 5 5 5 5 5 5 5 6 6 6 6 6 6 7 7 7 7 6 8 8 8 8 8 8 8 8 8 8 8 7 7 7 9 8 10 10 10 10 10 7 7 9 9 9 9 7 7 8 7 7 7 7 6 6 4
2 2 3 3 3 3 4 5 5 5 5 5 5 5 5 6 6 6 6 6 6 7 7 7 7 6 8 8 8 8 8 8 8 8 8 8 8 7 7 9 9 8 8 10 8 10 8 7 7 7 9 9 9 9 9 8 7 7 7 7 6 6 4
2 2 3 3 3 3 4 5 5 5 5 5 5 5 5 6 6 6 6 6 6 7 7 7 7 6 8 8 8 8 8 8 8 8 8 8 8 7 7 9 9 8 8 10 10 10 8 7 7 7 9 9 9 9 7 8 7 7 7 7 6 6 4
2 2 3 3 3 3 4 5 5 5 5 5 5 5 5 6 6 6 6 6 6 7 7 7 7 6 8 8 8 8 8 8 8 8 8 8 8 7 7 9 9 8 8 10 10 10 10 7 7 9 9 7 7 9 9 6 7 7 7 7 6 6 4
2 2 3 3 3 3 4 5 5 5 5 5 5 5 5 6 6 6 6 6 6 7 7 7 7 6 8 8 8 8 8 8 8 8 8 8 8 7 7 9 9 8 8 10 10 10 10 7 7 9 9 7 9 7 9 8 7 7 7 7 6 6 4
2 2 3 3 3 3 4 5 5 5 5 5 5 5 5 6 6 6 6 6 6 7 7 7 7 6 8 8 8 8 8 8 8 8 8 8 8 7 9 7 7 8 8 8 10 10 8 7 9 9 9 9 9 7 9 8 7 7 7 7 6 6 4
2 2 3 3 3 3 4 5 5 5 5 5 5 5 5 6 6 6 6 6 6 7 7 7 7 6 8 8 8 8 8 8 8 8 8 8 8 7 9 7 7 8 8 8 10 10 8 7 9 9 9 9 9 9 7 8 7 7 7 7 6 6 4
2 2 3 3 3 3 4 5 5 5 5 5 5 5 5 6 6 6 6 6 6 7 7 7 7 6 8 8 8 8 8 8 8 8 8 8 8 7 9 7 7 8 8 8 10 10 10 7 9 9 9 9 9 7 7 8 7 7 7 7 6 6 4
2 2 3 3 3 3 4 5 5 5 5 5 5 5 5 6 6 6 6 6 6 7 7 7 7 6 8 8 8 8 8 8 8 8 8 8 8 7 9 7 7 8 8 10 10 8 8 7 9 9 9 9 9 7 9 8 7 7 7 7 6 6 4
2 2 3 3 3 3 4 5 5 5 5 5 5 5 5 6 6 6 6 6 6 7 7 7 7 6 8 8 8 8 8 8 8 8 8 8 8 7 9 7 7 8 8 10 10 8 10 7 9 7 9 9 9 7 9 8 7 7 7 7 6 6 4
2 2 3 3 3 3 4 5 5 5 5 5 5 5 5 6 6 6 6 6 6 7 7 7 7 6 8 8 8 8 8 8 8 8 8 8 8 7 9 7 7 8 8 10 10 10 8 7 9 7 9 9 9 9 9 8 7 7 7 7 6 6 4
2 2 3 3 3 3 4 5 5 5 5 5 5 5 5 6 6 6 6 6 6 7 7 7 7 6 8 8 8 8 8 8 8 8 8 8 8 7 9 7 7 8 10 8 10 10 8 7 7 7 9 9 9 7 9 8 7 7 7 7 6 6 4
2 2 3 3 3 3 4 5 5 5 5 5 5 5 5 6 6 6 6 6 6 7 7 7 7 6 8 8 8 8 8 8 8 8 8 8 8 7 9 7 7 8 10 8 10 10 8 7 7 7 9 9 9 9 7 8 7 7 7 7 6 6 4
2 2 3 3 3 3 4 5 5 5 5 5 5 5 5 6 6 6 6 6 6 7 7 7 7 6 8 8 8 8 8 8 8 8 8 8 8 7 9 7 7 8 10 8 10 10 8 7 9 7 9 9 9 7 9 8 7 7 7 7 6 6 4
2 2 3 3 3 3 4 5 5 5 5 5 5 5 5 6 6 6 6 6 6 7 7 7 7 6 8 8 8 8 8 8 8 8 8 8 8 7 9 7 7 8 10 8 10 10 8 7 9 7 9 9 9 9 7 8 7 7 7 7 6 6 4
2 2 3 3 3 3 4 5 5 5 5 5 5 5 5 6 6 6 6 6 6 7 7 7 7 6 8 8 8 8 8 8 8 8 8 8 8 7 9 7 7 8 10 8 10 10 8 7 9 9 7 9 9 9 7 8 7 7 7 7 6 6 4
2 2 3 3 3 3 4 5 5 5 5 5 5 5 5 6 6 6 6 6 6 7 7 7 7 6 8 8 8 8 8 8 8 8 8 8 8 7 9 7 7 8 10 8 10 10 8 7 9 9 9 7 9 7 9 6 7 7 7 7 6 6 4
2 2 3 3 3 3 4 5 5 5 5 5 5 5 5 6 6 6 6 6 6 7 7 7 7 6 8 8 8 8 8 8 8 8 8 8 8 7 9 7 7 8 10 8 10 10 8 7 9 9 9 9 9 7 9 8 7 7 7 7 6 6 4
2 2 3 3 3 3 4 5 5 5 5 5 5 5 5 6 6 6 6 6 6 7 7 7 7 6 8 8 8 8 8 8 8 8 8 8 8 7 9 7 7 8 10 8 10 10 8 7 9 9 9 9 9 9 7 8 7 7 7 7 6 6 4
2 2 3 3 3 3 4 5 5 5 5 5 5 5 5 6 6 6 6 6 6 7 7 7 7 6 8 8 8 8 8 8 8 8 8 8 8 7 9 7 7 8 10 8 10 10 10 7 7 7 9 9 9 7 7 8 7 7 7 7 6 6 4
2 2 3 3 3 3 4 5 5 5 5 5 5 5 5 6 6 6 6 6 6 7 7 7 7 6 8 8 8 8 8 8 8 8 8 8 8 7 9 7 7 8 10 8 10 10 10 7 9 7 9 9 9 7 7 8 7 7 7 7 6 6 4
2 2 3 3 3 3 4 5 5 5 5 5 5 5 5 6 6 6 6 6 6 7 7 7 7 6 8 8 8 8 8 8 8 8 8 8 8 7 9 7 7 8 10 8 10 10 10 7 9 9 9 7 9 7 7 6 7 7 7 7 6 6 4
2 2 3 3 3 3 4 5 5 5 5 5 5 5 5 6 6 6 6 6 6 7 7 7 7 6 8 8 8 8 8 8 8 8 8 8 8 7 9 7 7 8 10 8 10 10 10 7 9 9 9 9 9 7 7 8 7 7 7 7 6 6 4
2 2 3 3 3 3 4 5 5 5 5 5 5 5 5 6 6 6 6 6 6 7 7 7 7 6 8 8 8 8 8 8 8 8 8 8 8 7 9 7 7 8 10 10 10 10 8 7 9 9 9 7 7 7 9 8 7 7 7 7 6 6 4
2 2 3 3 3 3 4 5 5 5 5 5 5 5 5 6 6 6 6 6 6 7 7 7 7 6 8 8 8 8 8 8 8 8 8 8 8 7 9 7 7 8 10 10 10 10 8 7 9 9 9 7 9 7 9 8 7 7 7 7 6 6 4
2 2 3 3 3 3 4 5 5 5 5 5 5 5 5 6 6 6 6 6 6 7 7 7 7 6 8 8 8 8 8 8 8 8 8 8 8 7 9 7 7 8 10 10 10 10 8 7 9 9 9 9 9 7 9 8 7 7 7 7 6 6 4
2 2 3 3 3 3 4 5 5 5 5 5 5 5 5 6 6 6 6 6 6 7 7 7 7 6 8 8 8 8 8 8 8 8 8 8 8 7 9 7 7 8 10 10 10 10 10 7 9 9 9 7 7 7 7 8 7 7 7 7 6 6 4
2 2 3 3 3 3 4 5 5 5 5 5 5 5 5 6 6 6 6 6 6 7 7 7 7 6 8 8 8 8 8 8 8 8 8 8 8 7 9 7 7 8 10 10 10 10 10 7 9 9 9 7 9 7 7 8 7 7 7 7 6 6 4
2 2 3 3 3 3 4 5 5 5 5 5 5 5 5 6 6 6 6 6 6 7 7 7 7 6 8 8 8 8 8 8 8 8 8 8 8 7 9 7 7 8 10 10 10 10 10 7 9 9 9 9 9 7 7 8 7 7 7 7 6 6 4
2 2 3 3 3 3 4 5 5 5 5 5 5 5 5 6 6 6 6 6 6 7 7 7 7 6 8 8 8 8 8 8 8 8 8 8 8 7 9 7 9 6 8 10 8 10 10 7 9 9 9 9 9 9 9 8 7 7 7 7 6 6 4
2 2 3 3 3 3 4 5 5 5 5 5 5 5 5 6 6 6 6 6 6 7 7 7 7 6 8 8 8 8 8 8 8 8 8 8 8 7 9 7 9 6 10 8 8 10 10 7 7 9 9 9 9 9 9 8 7 7 7 7 6 6 4
2 2 3 3 3 3 4 5 5 5 5 5 5 5 5 6 6 6 6 6 6 7 7 7 7 6 8 8 8 8 8 8 8 8 8 8 8 7 9 7 9 6 10 8 10 8 8 7 7 9 9 9 9 9 9 8 7 7 7 7 6 6 4
2 2 3 3 3 3 4 5 5 5 5 5 5 5 5 6 6 6 6 6 6 7 7 7 7 6 8 8 8 8 8 8 8 8 8 8 8 7 9 7 9 6 10 10 10 8 10 7 7 9 9 9 9 9 7 8 7 7 7 7 6 6 4
2 2 3 3 3 3 4 5 5 5 5 5 5 5 5 6 6 6 6 6 6 7 7 7 7 6 8 8 8 8 8 8 8 8 8 8 8 7 9 7 9 8 8 8 10 10 10 7 9 7 9 9 9 7 7 8 7 7 7 7 6 6 4
2 2 3 3 3 3 4 5 5 5 5 5 5 5 5 6 6 6 6 6 6 7 7 7 7 6 8 8 8 8 8 8 8 8 8 8 8 7 9 7 9 8 8 10 10 10 10 7 9 7 9 7 9 7 9 6 7 7 7 7 6 6 4
2 2 3 3 3 3 4 5 5 5 5 5 5 5 5 6 6 6 6 6 6 7 7 7 7 6 8 8 8 8 8 8 8 8 8 8 8 7 9 7 9 8 8 10 10 10 10 7 9 7 9 9 9 9 9 8 7 7 7 7 6 6 4
2 2 3 3 3 3 4 5 5 5 5 5 5 5 5 6 6 6 6 6 6 7 7 7 7 6 8 8 8 8 8 8 8 8 8 8 8 7 9 7 9 8 10 8 8 10 8 7 9 9 9 7 9 7 9 8 7 7 7 7 6 6 4
2 2 3 3 3 3 4 5 5 5 5 5 5 5 5 6 6 6 6 6 6 7 7 7 7 6 8 8 8 8 8 8 8 8 8 8 8 7 9 7 9 8 10 8 8 10 8 7 9 9 9 9 9 7 9 6 7 7 7 7 6 6 4
2 2 3 3 3 3 4 5 5 5 5 5 5 5 5 6 6 6 6 6 6 7 7 7 7 6 8 8 8 8 8 8 8 8 8 8 8 7 9 7 9 8 10 8 10 10 8 7 9 9 9 7 9 7 9 6 7 7 7 7 6 6 4
2 2 3 3 3 3 4 5 5 5 5 5 5 5 5 6 6 6 6 6 6 7 7 7 7 6 8 8 8 8 8 8 8 8 8 8 8 7 9 7 9 8 10 10 8 8 10 7 9 9 7 9 9 7 9 8 7 7 7 7 6 6 4
2 2 3 3 3 3 4 5 5 5 5 5 5 5 5 6 6 6 6 6 6 7 7 7 7 6 8 8 8 8 8 8 8 8 8 8 8 7 9 7 9 8 10 10 8 8 10 7 9 9 9 7 9 9 7 8 7 7 7 7 6 6 4
2 2 3 3 3 3 4 5 5 5 5 5 5 5 5 6 6 6 6 6 6 7 7 7 7 6 8 8 8 8 8 8 8 8 8 8 8 7 9 7 9 8 10 10 8 10 8 7 9 9 7 9 9 9 9 8 7 7 7 7 6 6 4
2 2 3 3 3 3 4 5 5 5 5 5 5 5 5 6 6 6 6 6 6 7 7 7 7 6 8 8 8 8 8 8 8 8 8 8 8 7 9 7 9 8 10 10 8 10 8 7 9 9 9 7 9 7 9 6 7 7 7 7 6 6 4
2 2 3 3 3 3 4 5 5 5 5 5 5 5 5 6 6 6 6 6 6 7 7 7 7 6 8 8 8 8 8 8 8 8 8 8 8 7 9 7 9 8 10 10 8 10 10 7 9 9 9 7 9 7 9 6 7 7 7 7 6 6 4
2 2 3 3 3 3 4 5 5 5 5 5 5 5 5 6 6 6 6 6 6 7 7 7 7 6 8 8 8 8 8 8 8 8 8 8 8 7 9 7 9 8 10 10 10 8 8 7 7 9 7 9 9 7 9 8 7 7 7 7 6 6 4
2 2 3 3 3 3 4 5 5 5 5 5 5 5 5 6 6 6 6 6 6 7 7 7 7 6 8 8 8 8 8 8 8 8 8 8 8 7 9 7 9 8 10 10 10 8 8 7 9 7 7 9 9 9 9 8 7 7 7 7 6 6 4
2 2 3 3 3 3 4 5 5 5 5 5 5 5 5 6 6 6 6 6 6 7 7 7 7 6 8 8 8 8 8 8 8 8 8 8 8 7 9 7 9 8 10 10 10 8 8 7 9 9 7 9 9 7 9 8 7 7 7 7 6 6 4
2 2 3 3 3 3 4 5 5 5 5 5 5 5 5 6 6 6 6 6 6 7 7 7 7 6 8 8 8 8 8 8 8 8 8 8 8 7 9 7 9 8 10 10 10 8 8 7 9 9 7 9 9 9 9 8 7 7 7 7 6 6 4
2 2 3 3 3 3 4 5 5 5 5 5 5 5 5 6 6 6 6 6 6 7 7 7 7 6 8 8 8 8 8 8 8 8 8 8 8 7 9 9 9 8 8 8 10 8 8 7 9 7 9 9 9 9 7 8 7 7 7 7 6 6 4
2 2 3 3 3 3 4 5 5 5 5 5 5 5 5 6 6 6 6 6 6 7 7 7 7 6 8 8 8 8 8 8 8 8 8 8 8 7 9 9 9 8 8 8 10 10 8 7 9 7 9 9 9 9 7 8 7 7 7 7 6 6 4
2 2 3 3 3 3 4 5 5 5 5 5 5 5 5 6 6 6 6 6 6 7 7 7 7 6 8 8 8 8 8 8 8 8 8 8 8 7 9 9 9 8 8 10 10 8 8 7 9 7 9 9 9 9 7 8 7 7 7 7 6 6 4
2 2 3 3 3 3 4 5 5 5 5 5 5 5 5 6 6 6 6 6 6 7 7 7 7 6 8 8 8 8 8 8 8 8 8 8 8 7 9 9 9 8 8 10 10 10 8 7 9 7 9 7 7 9 9 8 7 7 7 7 6 6 4
2 2 3 3 3 3 4 5 5 5 5 5 5 5 5 6 6 6 6 6 6 7 7 7 7 6 8 8 8 8 8 8 8 8 8 8 8 7 9 9 9 8 8 10 10 10 8 7 9 7 9 7 9 9 7 8 7 7 7 7 6 6 4
2 2 3 3 3 3 4 5 5 5 5 5 5 5 5 6 6 6 6 6 6 7 7 7 7 6 8 8 8 8 8 8 8 8 8 8 8 7 9 9 9 8 8 10 10 10 8 7 9 7 9 9 9 9 7 8 7 7 7 7 6 6 4
2 2 3 3 3 3 4 5 5 5 5 5 5 5 5 6 6 6 6 6 6 7 7 7 7 6 8 8 8 8 8 8 8 8 8 8 8 7 9 9 9 8 8 10 10 10 10 7 9 7 9 7 7 9 7 8 7 7 7 7 6 6 4
2 2 3 3 3 3 4 5 5 5 5 5 5 5 5 6 6 6 6 6 6 7 7 7 7 6 8 8 8 8 8 8 8 8 8 8 8 7 9 9 9 8 8 10 10 10 10 7 9 7 9 7 9 9 9 8 7 7 7 7 6 6 4
2 2 3 3 3 3 4 5 5 5 5 5 5 5 5 6 6 6 6 6 6 7 7 7 7 6 8 8 8 8 8 8 8 8 8 8 8 7 9 9 9 8 10 8 10 10 8 7 9 9 7 9 9 7 9 8 7 7 7 7 6 6 4
2 2 3 3 3 3 4 5 5 5 5 5 5 5 5 6 6 6 6 6 6 7 7 7 7 6 8 8 8 8 8 8 8 8 8 8 8 7 9 9 9 8 10 8 10 10 10 7 7 9 9 9 9 7 7 8 7 7 7 7 6 6 4
2 2 3 3 3 3 4 5 5 5 5 5 5 5 5 6 6 6 6 6 6 7 7 7 7 6 8 8 8 8 8 8 8 8 8 8 8 9 9 7 7 6 8 10 8 10 8 9 9 9 9 9 9 7 9 8 7 7 7 7 6 6 4
2 2 3 3 3 3 4 5 5 5 5 5 5 5 5 6 6 6 6 6 6 7 7 7 7 6 8 8 8 8 8 8 8 8 8 8 8 9 9 7 7 6 8 10 8 10 10 9 9 9 9 9 9 7 7 8 7 7 7 7 6 6 4
2 2 3 3 3 3 4 5 5 5 5 5 5 5 5 6 6 6 6 6 6 7 7 7 7 6 8 8 8 8 8 8 8 8 8 8 8 9 9 7 7 6 8 10 10 8 8 9 9 9 9 9 9 7 9 8 7 7 7 7 6 6 4
2 2 3 3 3 3 4 5 5 5 5 5 5 5 5 6 6 6 6 6 6 7 7 7 7 6 8 8 8 8 8 8 8 8 8 8 8 9 9 7 7 6 8 10 10 8 10 9 9 9 9 9 9 7 7 8 7 7 7 7 6 6 4
2 2 3 3 3 3 4 5 5 5 5 5 5 5 5 6 6 6 6 6 6 7 7 7 7 6 8 8 8 8 8 8 8 8 8 8 8 9 9 7 7 8 8 8 8 10 10 9 7 7 9 9 9 7 9 8 7 7 7 7 6 6 4
2 2 3 3 3 3 4 5 5 5 5 5 5 5 5 6 6 6 6 6 6 7 7 7 7 6 8 8 8 8 8 8 8 8 8 8 8 9 9 7 7 8 8 8 10 10 8 7 9 7 9 9 9 7 9 8 7 7 7 7 6 6 4
2 2 3 3 3 3 4 5 5 5 5 5 5 5 5 6 6 6 6 6 6 7 7 7 7 6 8 8 8 8 8 8 8 8 8 8 8 9 9 7 7 8 8 8 10 10 10 7 9 7 9 9 9 7 7 8 7 7 7 7 6 6 4
2 2 3 3 3 3 4 5 5 5 5 5 5 5 5 6 6 6 6 6 6 7 7 7 7 6 8 8 8 8 8 8 8 8 8 8 8 9 9 7 7 8 8 10 8 10 8 9 9 9 9 9 9 7 9 8 7 7 7 7 6 6 4
2 2 3 3 3 3 4 5 5 5 5 5 5 5 5 6 6 6 6 6 6 7 7 7 7 6 8 8 8 8 8 8 8 8 8 8 8 9 9 7 7 8 8 10 8 10 10 9 9 9 9 9 9 7 7 8 7 7 7 7 6 6 4
2 2 3 3 3 3 4 5 5 5 5 5 5 5 5 6 6 6 6 6 6 7 7 7 7 6 8 8 8 8 8 8 8 8 8 8 8 9 9 7 7 8 10 10 10 10 8 9 9 9 9 9 9 7 9 8 7 7 7 7 6 6 4
2 2 3 3 3 3 4 5 5 5 5 5 5 5 5 6 6 6 6 6 6 7 7 7 7 6 8 8 8 8 8 8 8 8 8 8 8 9 9 7 7 8 10 10 10 10 10 9 9 9 9 9 9 7 7 8 7 7 7 7 6 6 4
2 2 3 3 3 3 4 5 5 5 5 5 5 5 5 6 6 6 6 6 6 7 7 7 7 6 8 8 8 8 8 8 8 8 8 8 8 9 9 7 9 6 8 8 8 10 8 9 9 9 9 9 9 9 7 8 7 7 7 7 6 6 4
2 2 3 3 3 3 4 5 5 5 5 5 5 5 5 6 6 6 6 6 6 7 7 7 7 6 8 8 8 8 8 8 8 8 8 8 8 9 9 7 9 6 8 8 8 10 10 9 9 9 9 9 9 7 7 8 7 7 7 7 6 6 4
2 2 3 3 3 3 4 5 5 5 5 5 5 5 5 6 6 6 6 6 6 7 7 7 7 6 8 8 8 8 8 8 8 8 8 8 8 9 9 7 9 6 8 10 8 10 8 7 9 9 9 9 9 9 7 8 7 7 7 7 6 6 4
2 2 3 3 3 3 4 5 5 5 5 5 5 5 5 6 6 6 6 6 6 7 7 7 7 6 8 8 8 8 8 8 8 8 8 8 8 9 9 7 9 6 8 10 8 10 8 7 9 9 9 9 9 9 9 8 7 7 7 7 6 6 4
2 2 3 3 3 3 4 5 5 5 5 5 5 5 5 6 6 6 6 6 6 7 7 7 7 6 8 8 8 8 8 8 8 8 8 8 8 9 9 7 9 6 8 10 8 10 10 7 7 9 9 9 9 7 9 8 7 7 7 7 6 6 4
2 2 3 3 3 3 4 5 5 5 5 5 5 5 5 6 6 6 6 6 6 7 7 7 7 6 8 8 8 8 8 8 8 8 8 8 8 9 9 7 9 6 8 10 8 10 10 7 9 9 9 9 9 7 7 8 7 7 7 7 6 6 4
2 2 3 3 3 3 4 5 5 5 5 5 5 5 5 6 6 6 6 6 6 7 7 7 7 6 8 8 8 8 8 8 8 8 8 8 8 9 9 7 9 6 8 10 8 10 10 7 9 9 9 9 9 7 9 8 7 7 7 7 6 6 4
2 2 3 3 3 3 4 5 5 5 5 5 5 5 5 6 6 6 6 6 6 7 7 7 7 6 8 8 8 8 8 8 8 8 8 8 8 9 9 7 9 6 8 10 8 10 10 7 9 9 9 9 9 9 7 8 7 7 7 7 6 6 4
2 2 3 3 3 3 4 5 5 5 5 5 5 5 5 6 6 6 6 6 6 7 7 7 7 6 8 8 8 8 8 8 8 8 8 8 8 9 9 7 9 6 10 10 8 10 8 7 7 9 9 9 9 9 7 8 7 7 7 7 6 6 4
2 2 3 3 3 3 4 5 5 5 5 5 5 5 5 6 6 6 6 6 6 7 7 7 7 6 8 8 8 8 8 8 8 8 8 8 8 9 9 7 9 6 10 10 8 10 10 7 7 9 9 9 9 7 7 8 7 7 7 7 6 6 4
2 2 3 3 3 3 4 5 5 5 5 5 5 5 5 6 6 6 6 6 6 7 7 7 7 6 8 8 8 8 8 8 8 8 8 8 8 9 9 7 9 6 10 10 8 10 10 7 9 9 9 9 9 9 9 8 7 7 7 7 6 6 4
2 2 3 3 3 3 4 5 5 5 5 5 5 5 5 6 6 6 6 6 6 7 7 7 7 6 8 8 8 8 8 8 8 8 8 8 8 9 9 7 9 8 8 8 10 10 10 7 9 7 9 9 9 7 7 8 7 7 7 7 6 6 4
2 2 3 3 3 3 4 5 5 5 5 5 5 5 5 6 6 6 6 6 6 7 7 7 7 6 8 8 8 8 8 8 8 8 8 8 8 9 9 7 9 8 8 10 10 10 10 7 7 7 9 9 9 7 7 8 7 7 7 7 6 6 4
2 2 3 3 3 3 4 5 5 5 5 5 5 5 5 6 6 6 6 6 6 7 7 7 7 6 8 8 8 8 8 8 8 8 8 8 8 9 9 7 9 8 8 10 10 10 10 7 9 7 9 9 7 7 7 8 7 7 7 7 6 6 4
2 2 3 3 3 3 4 5 5 5 5 5 5 5 5 6 6 6 6 6 6 7 7 7 7 6 8 8 8 8 8 8 8 8 8 8 8 9 9 7 9 8 8 10 10 10 10 7 9 7 9 9 9 7 7 8 7 7 7 7 6 6 4
2 2 3 3 3 3 4 5 5 5 5 5 5 5 5 6 6 6 6 6 6 7 7 7 7 6 8 8 8 8 8 8 8 8 8 8 8 9 9 7 9 8 10 10 8 8 8 9 9 7 9 7 7 7 9 8 7 7 7 7 6 6 4
2 2 3 3 3 3 4 5 5 5 5 5 5 5 5 6 6 6 6 6 6 7 7 7 7 6 8 8 8 8 8 8 8 8 8 8 8 9 9 7 9 8 10 10 8 8 8 9 9 9 9 7 7 7 9 8 7 7 7 7 6 6 4
2 2 3 3 3 3 4 5 5 5 5 5 5 5 5 6 6 6 6 6 6 7 7 7 7 6 8 8 8 8 8 8 8 8 8 8 8 9 9 7 9 8 10 10 8 8 10 9 9 9 9 7 7 7 9 8 7 7 7 7 6 6 4
2 2 3 3 3 3 4 5 5 5 5 5 5 5 5 6 6 6 6 6 6 7 7 7 7 6 8 8 8 8 8 8 8 8 8 8 8 9 9 7 9 8 10 10 8 10 10 7 9 7 9 9 9 7 7 8 7 7 7 7 6 6 4
2 2 3 3 3 3 4 5 5 5 5 5 5 5 5 6 6 6 6 6 6 7 7 7 7 6 8 8 8 8 8 8 8 8 8 8 8 9 9 7 9 8 10 10 8 10 10 7 9 9 7 9 9 9 9 8 7 7 7 7 6 6 4
2 2 3 3 3 3 4 5 5 5 5 5 5 5 5 6 6 6 6 6 6 7 7 7 7 6 8 8 8 8 8 8 8 8 8 8 8 9 9 9 9 6 8 8 8 8 10 9 9 9 9 9 9 7 7 8 7 7 7 7 6 6 4
2 2 3 3 3 3 4 5 5 5 5 5 5 5 5 6 6 6 6 6 6 7 7 7 7 6 8 8 8 8 8 8 8 8 8 8 8 9 9 9 9 6 8 8 8 10 10 7 9 9 9 9 9 7 7 8 7 7 7 7 6 6 4
2 2 3 3 3 3 4 5 5 5 5 5 5 5 5 6 6 6 6 6 6 7 7 7 7 6 8 8 8 8 8 8 8 8 8 8 8 9 9 9 9 6 8 8 10 10 10 7 7 9 9 9 9 7 7 8 7 7 7 7 6 6 4
2 2 3 3 3 3 4 5 5 5 5 5 5 5 5 6 6 6 6 6 6 7 7 7 7 6 8 8 8 8 8 8 8 8 8 8 8 9 9 9 9 6 8 10 8 10 10 7 7 9 9 9 9 7 7 8 7 7 7 7 6 6 4
2 2 3 3 3 3 4 5 5 5 5 5 5 5 5 6 6 6 6 6 6 7 7 7 7 6 8 8 8 8 8 8 8 8 8 8 8 9 9 9 9 6 8 10 8 10 10 7 7 9 9 9 9 7 9 8 7 7 7 7 6 6 4
2 2 3 3 3 3 4 5 5 5 5 5 5 5 5 6 6 6 6 6 6 7 7 7 7 6 8 8 8 8 8 8 8 8 8 8 8 9 9 9 9 8 8 8 10 10 8 7 9 7 9 9 9 9 7 8 7 7 7 7 6 6 4
2 2 3 3 3 3 4 5 5 5 5 5 5 5 5 6 6 6 6 6 6 7 7 7 7 6 8 8 8 8 8 8 8 8 8 8 8 9 9 9 9 8 8 8 10 10 10 7 7 9 9 9 9 7 7 8 7 7 7 7 6 6 4
2 2 3 3 3 3 4 5 5 5 5 5 5 5 5 6 6 6 6 6 6 7 7 7 7 6 8 8 8 8 8 8 8 8 8 8 8 9 9 9 9 8 8 10 8 10 8 9 9 7 9 9 9 9 7 8 7 7 7 7 6 6 4
2 2 3 3 3 3 4 5 5 5 5 5 5 5 5 6 6 6 6 6 6 7 7 7 7 6 8 8 8 8 8 8 8 8 8 8 8 9 9 9 9 8 8 10 10 8 8 7 7 7 9 9 9 9 7 8 7 7 7 7 6 6 4
2 2 3 3 3 3 4 5 5 5 5 5 5 5 5 6 6 6 6 6 6 7 7 7 7 6 8 8 8 8 8 8 8 8 8 8 8 9 9 9 9 8 8 10 10 8 8 7 9 9 9 9 7 7 9 8 7 7 7 7 6 6 4
2 2 3 3 3 3 4 5 5 5 5 5 5 5 5 6 6 6 6 6 6 7 7 7 7 6 8 8 8 8 8 8 8 8 8 8 8 9 9 9 9 8 8 10 10 10 8 7 7 7 9 9 9 9 7 8 7 7 7 7 6 6 4
2 2 3 3 3 3 4 5 5 5 5 5 5 5 5 6 6 6 6 6 6 7 7 7 7 6 8 8 8 8 8 8 8 8 8 8 8 9 9 9 9 8 8 10 10 10 8 7 9 7 9 9 9 9 7 8 7 7 7 7 6 6 4
2 2 3 3 3 3 4 5 5 5 5 5 5 5 5 6 6 6 6 6 6 7 7 7 7 6 8 8 8 8 8 8 8 8 8 8 8 9 9 9 9 8 8 10 10 10 8 7 9 9 7 9 9 7 9 8 7 7 7 7 6 6 4
2 2 3 3 3 3 4 5 5 5 5 5 5 5 5 6 6 6 6 6 6 7 7 7 7 6 8 8 8 8 8 8 8 8 8 8 8 9 9 9 9 8 8 10 10 10 10 7 9 9 9 9 9 7 7 8 7 7 7 7 6 6 4
2 2 3 3 3 3 4 5 5 5 5 5 5 5 5 6 6 6 6 6 6 7 7 7 7 8 8 8 8 8 8 8 8 8 8 8 8 5 7 7 9 8 10 8 10 8 10 7 7 9 9 7 9 9 9 6 7 7 7 7 6 6 4
2 2 3 3 3 3 4 5 5 5 5 5 5 5 5 6 6 6 6 6 6 7 7 7 7 8 8 8 8 8 8 8 8 8 8 8 8 5 7 7 9 8 10 8 10 10 8 7 7 9 9 7 9 9 9 6 7 7 7 7 6 6 4
2 2 3 3 3 3 4 5 5 5 5 5 5 5 5 6 6 6 6 6 6 7 7 7 7 8 8 8 8 8 8 8 8 8 8 8 8 5 7 7 9 8 10 10 10 8 8 7 7 9 9 7 9 9 9 6 7 7 7 7 6 6 4
2 2 3 3 3 3 4 5 5 5 5 5 5 5 5 6 6 6 6 6 6 7 7 7 7 8 8 8 8 8 8 8 8 8 8 8 8 5 7 7 9 10 10 8 10 8 10 7 7 9 9 7 7 9 9 6 7 7 7 7 6 6 4
2 2 3 3 3 3 4 5 5 5 5 5 5 5 5 6 6 6 6 6 6 7 7 7 7 8 8 8 8 8 8 8 8 8 8 8 8 5 7 7 9 10 10 8 10 8 10 7 9 7 9 7 9 7 9 6 7 7 7 7 6 6 4
2 2 3 3 3 3 4 5 5 5 5 5 5 5 5 6 6 6 6 6 6 7 7 7 7 8 8 8 8 8 8 8 8 8 8 8 8 5 7 7 9 10 10 8 10 8 10 7 9 9 9 7 9 9 9 6 7 7 7 7 6 6 4
2 2 3 3 3 3 4 5 5 5 5 5 5 5 5 6 6 6 6 6 6 7 7 7 7 8 8 8 8 8 8 8 8 8 8 8 8 5 7 7 9 10 10 10 10 8 8 7 7 9 9 7 7 9 9 6 7 7 7 7 6 6 4
2 2 3 3 3 3 4 5 5 5 5 5 5 5 5 6 6 6 6 6 6 7 7 7 7 8 8 8 8 8 8 8 8 8 8 8 8 5 7 7 9 10 10 10 10 8 8 7 9 9 9 7 9 9 9 6 7 7 7 7 6 6 4
2 2 3 3 3 3 4 5 5 5 5 5 5 5 5 6 6 6 6 6 6 7 7 7 7 8 8 8 8 8 8 8 8 8 8 8 8 5 7 7 9 10 10 10 10 8 10 7 7 9 9 7 9 9 9 6 7 7 7 7 6 6 4
2 2 3 3 3 3 4 5 5 5 5 5 5 5 5 6 6 6 6 6 6 7 7 7 7 8 8 8 8 8 8 8 8 8 8 8 8 7 7 7 9 8 8 8 8 8 10 9 9 9 9 9 9 9 9 8 7 7 7 7 6 6 4
2 2 3 3 3 3 4 5 5 5 5 5 5 5 5 6 6 6 6 6 6 7 7 7 7 8 8 8 8 8 8 8 8 8 8 8 8 7 7 7 9 8 8 8 10 10 10 7 7 9 9 9 9 9 9 8 7 7 7 7 6 6 4
2 2 3 3 3 3 4 5 5 5 5 5 5 5 5 6 6 6 6 6 6 7 7 7 7 8 8 8 8 8 8 8 8 8 8 8 8 7 7 7 9 8 8 10 8 8 10 7 7 9 7 9 9 9 9 8 7 7 7 7 6 6 4
2 2 3 3 3 3 4 5 5 5 5 5 5 5 5 6 6 6 6 6 6 7 7 7 7 8 8 8 8 8 8 8 8 8 8 8 8 7 7 7 9 8 8 10 8 8 10 7 7 9 9 9 9 9 9 8 7 7 7 7 6 6 4
2 2 3 3 3 3 4 5 5 5 5 5 5 5 5 6 6 6 6 6 6 7 7 7 7 8 8 8 8 8 8 8 8 8 8 8 8 7 7 7 9 8 8 10 8 10 10 7 9 9 7 9 9 9 9 8 7 7 7 7 6 6 4
2 2 3 3 3 3 4 5 5 5 5 5 5 5 5 6 6 6 6 6 6 7 7 7 7 8 8 8 8 8 8 8 8 8 8 8 8 7 7 7 9 8 10 10 8 8 10 7 7 7 7 9 9 9 9 8 7 7 7 7 6 6 4
2 2 3 3 3 3 4 5 5 5 5 5 5 5 5 6 6 6 6 6 6 7 7 7 7 8 8 8 8 8 8 8 8 8 8 8 8 7 7 7 9 8 10 10 8 8 10 7 7 7 9 9 9 9 9 6 7 7 7 7 6 6 4
2 2 3 3 3 3 4 5 5 5 5 5 5 5 5 6 6 6 6 6 6 7 7 7 7 8 8 8 8 8 8 8 8 8 8 8 8 7 7 7 9 8 10 10 8 8 10 7 7 7 9 9 9 9 9 8 7 7 7 7 6 6 4
2 2 3 3 3 3 4 5 5 5 5 5 5 5 5 6 6 6 6 6 6 7 7 7 7 8 8 8 8 8 8 8 8 8 8 8 8 7 7 7 9 8 10 10 8 8 10 7 7 9 7 7 9 9 9 8 7 7 7 7 6 6 4
2 2 3 3 3 3 4 5 5 5 5 5 5 5 5 6 6 6 6 6 6 7 7 7 7 8 8 8 8 8 8 8 8 8 8 8 8 7 7 7 9 8 10 10 8 8 10 7 7 9 9 7 9 9 9 8 7 7 7 7 6 6 4
2 2 3 3 3 3 4 5 5 5 5 5 5 5 5 6 6 6 6 6 6 7 7 7 7 8 8 8 8 8 8 8 8 8 8 8 8 7 7 7 9 8 10 10 8 8 10 7 7 9 9 9 9 9 9 6 7 7 7 7 6 6 4
2 2 3 3 3 3 4 5 5 5 5 5 5 5 5 6 6 6 6 6 6 7 7 7 7 8 8 8 8 8 8 8 8 8 8 8 8 7 7 7 9 8 10 10 8 8 10 7 7 9 9 9 9 9 9 8 7 7 7 7 6 6 4
2 2 3 3 3 3 4 5 5 5 5 5 5 5 5 6 6 6 6 6 6 7 7 7 7 8 8 8 8 8 8 8 8 8 8 8 8 7 7 7 9 8 10 10 8 10 8 7 7 7 9 9 9 9 9 6 7 7 7 7 6 6 4
2 2 3 3 3 3 4 5 5 5 5 5 5 5 5 6 6 6 6 6 6 7 7 7 7 8 8 8 8 8 8 8 8 8 8 8 8 7 7 7 9 8 10 10 8 10 10 7 7 7 9 9 9 7 9 6 7 7 7 7 6 6 4
2 2 3 3 3 3 4 5 5 5 5 5 5 5 5 6 6 6 6 6 6 7 7 7 7 8 8 8 8 8 8 8 8 8 8 8 8 7 7 7 9 8 10 10 8 10 10 7 7 9 9 7 7 9 9 6 7 7 7 7 6 6 4
2 2 3 3 3 3 4 5 5 5 5 5 5 5 5 6 6 6 6 6 6 7 7 7 7 8 8 8 8 8 8 8 8 8 8 8 8 7 7 7 9 8 10 10 8 10 10 7 7 9 9 7 9 9 7 8 7 7 7 7 6 6 4
2 2 3 3 3 3 4 5 5 5 5 5 5 5 5 6 6 6 6 6 6 7 7 7 7 8 8 8 8 8 8 8 8 8 8 8 8 7 7 7 9 8 10 10 8 10 10 7 9 9 7 7 9 9 9 8 7 7 7 7 6 6 4
2 2 3 3 3 3 4 5 5 5 5 5 5 5 5 6 6 6 6 6 6 7 7 7 7 8 8 8 8 8 8 8 8 8 8 8 8 7 7 7 9 8 10 10 8 10 10 7 9 9 7 9 9 9 9 8 7 7 7 7 6 6 4
2 2 3 3 3 3 4 5 5 5 5 5 5 5 5 6 6 6 6 6 6 7 7 7 7 8 8 8 8 8 8 8 8 8 8 8 8 7 7 7 9 8 10 10 10 10 8 7 7 7 7 9 9 9 9 8 7 7 7 7 6 6 4
2 2 3 3 3 3 4 5 5 5 5 5 5 5 5 6 6 6 6 6 6 7 7 7 7 8 8 8 8 8 8 8 8 8 8 8 8 7 7 7 9 8 10 10 10 10 10 7 7 7 7 9 9 9 9 8 7 7 7 7 6 6 4
2 2 3 3 3 3 4 5 5 5 5 5 5 5 5 6 6 6 6 6 6 7 7 7 7 8 8 8 8 8 8 8 8 8 8 8 8 7 7 7 9 8 10 10 10 10 10 7 7 7 9 7 7 9 9 6 7 7 7 7 6 6 4
2 2 3 3 3 3 4 5 5 5 5 5 5 5 5 6 6 6 6 6 6 7 7 7 7 8 8 8 8 8 8 8 8 8 8 8 8 7 7 7 9 8 10 10 10 10 10 7 7 9 9 7 7 9 9 6 7 7 7 7 6 6 4
2 2 3 3 3 3 4 5 5 5 5 5 5 5 5 6 6 6 6 6 6 7 7 7 7 8 8 8 8 8 8 8 8 8 8 8 8 7 7 7 9 8 10 10 10 10 10 7 7 9 9 9 9 9 9 6 7 7 7 7 6 6 4
2 2 3 3 3 3 4 5 5 5 5 5 5 5 5 6 6 6 6 6 6 7 7 7 7 8 8 8 8 8 8 8 8 8 8 8 8 7 7 7 9 8 10 10 10 10 10 7 9 7 9 9 9 9 9 6 7 7 7 7 6 6 4
2 2 3 3 3 3 4 5 5 5 5 5 5 5 5 6 6 6 6 6 6 7 7 7 7 8 8 8 8 8 8 8 8 8 8 8 8 7 7 7 9 10 10 10 8 8 10 7 7 7 9 7 9 9 9 6 7 7 7 7 6 6 4
2 2 3 3 3 3 4 5 5 5 5 5 5 5 5 6 6 6 6 6 6 7 7 7 7 8 8 8 8 8 8 8 8 8 8 8 8 7 7 7 9 10 10 10 8 8 10 7 9 9 7 9 7 9 9 8 7 7 7 7 6 6 4
2 2 3 3 3 3 4 5 5 5 5 5 5 5 5 6 6 6 6 6 6 7 7 7 7 8 8 8 8 8 8 8 8 8 8 8 8 7 7 7 9 10 10 10 8 8 10 7 9 9 7 9 9 9 9 8 7 7 7 7 6 6 4
2 2 3 3 3 3 4 5 5 5 5 5 5 5 5 6 6 6 6 6 6 7 7 7 7 8 8 8 8 8 8 8 8 8 8 8 8 7 7 7 9 10 10 10 8 8 10 9 9 7 7 9 9 9 9 8 7 7 7 7 6 6 4
2 2 3 3 3 3 4 5 5 5 5 5 5 5 5 6 6 6 6 6 6 7 7 7 7 8 8 8 8 8 8 8 8 8 8 8 8 7 7 7 9 10 10 10 8 8 10 9 9 9 7 9 9 9 9 8 7 7 7 7 6 6 4
2 2 3 3 3 3 4 5 5 5 5 5 5 5 5 6 6 6 6 6 6 7 7 7 7 8 8 8 8 8 8 8 8 8 8 8 8 7 7 7 9 10 10 10 8 10 10 7 7 7 7 9 9 9 9 8 7 7 7 7 6 6 4
2 2 3 3 3 3 4 5 5 5 5 5 5 5 5 6 6 6 6 6 6 7 7 7 7 8 8 8 8 8 8 8 8 8 8 8 8 7 7 7 9 10 10 10 8 10 10 7 7 9 7 9 9 9 9 8 7 7 7 7 6 6 4
2 2 3 3 3 3 4 5 5 5 5 5 5 5 5 6 6 6 6 6 6 7 7 7 7 8 8 8 8 8 8 8 8 8 8 8 8 7 7 7 9 10 10 10 8 10 10 7 7 9 9 9 9 9 9 6 7 7 7 7 6 6 4
2 2 3 3 3 3 4 5 5 5 5 5 5 5 5 6 6 6 6 6 6 7 7 7 7 8 8 8 8 8 8 8 8 8 8 8 8 7 7 7 9 10 10 10 8 10 10 7 9 9 7 7 9 9 9 8 7 7 7 7 6 6 4
2 2 3 3 3 3 4 5 5 5 5 5 5 5 5 6 6 6 6 6 6 7 7 7 7 8 8 8 8 8 8 8 8 8 8 8 8 7 7 7 9 10 10 10 8 10 10 7 9 9 7 9 9 9 9 8 7 7 7 7 6 6 4
2 2 3 3 3 3 4 5 5 5 5 5 5 5 5 6 6 6 6 6 6 7 7 7 7 8 8 8 8 8 8 8 8 8 8 8 8 7 7 7 9 10 10 10 10 10 10 7 7 7 7 7 9 9 9 8 7 7 7 7 6 6 4
2 2 3 3 3 3 4 5 5 5 5 5 5 5 5 6 6 6 6 6 6 7 7 7 7 8 8 8 8 8 8 8 8 8 8 8 8 7 7 7 9 10 10 10 10 10 10 7 7 7 7 9 9 9 9 8 7 7 7 7 6 6 4
2 2 3 3 3 3 4 5 5 5 5 5 5 5 5 6 6 6 6 6 6 7 7 7 7 8 8 8 8 8 8 8 8 8 8 8 8 7 7 7 9 10 10 10 10 10 10 7 7 9 9 9 9 9 9 6 7 7 7 7 6 6 4
2 2 3 3 3 3 4 5 5 5 5 5 5 5 5 6 6 6 6 6 6 7 7 7 7 8 8 8 8 8 8 8 8 8 8 8 8 7 7 9 9 8 8 8 10 10 6 7 7 9 9 9 9 9 9 8 7 7 7 7 6 6 4
2 2 3 3 3 3 4 5 5 5 5 5 5 5 5 6 6 6 6 6 6 7 7 7 7 8 8 8 8 8 8 8 8 8 8 8 8 7 7 9 9 8 8 8 10 10 10 7 7 9 9 7 7 9 9 6 7 7 7 7 6 6 4
2 2 3 3 3 3 4 5 5 5 5 5 5 5 5 6 6 6 6 6 6 7 7 7 7 8 8 8 8 8 8 8 8 8 8 8 8 7 7 9 9 8 8 8 10 10 10 7 7 9 9 9 9 9 9 6 7 7 7 7 6 6 4
2 2 3 3 3 3 4 5 5 5 5 5 5 5 5 6 6 6 6 6 6 7 7 7 7 8 8 8 8 8 8 8 8 8 8 8 8 7 7 9 9 8 8 10 8 10 8 7 7 9 9 7 9 7 9 8 7 7 7 7 6 6 4
2 2 3 3 3 3 4 5 5 5 5 5 5 5 5 6 6 6 6 6 6 7 7 7 7 8 8 8 8 8 8 8 8 8 8 8 8 7 7 9 9 8 8 10 8 10 8 7 9 7 9 7 9 9 9 8 7 7 7 7 6 6 4
2 2 3 3 3 3 4 5 5 5 5 5 5 5 5 6 6 6 6 6 6 7 7 7 7 8 8 8 8 8 8 8 8 8 8 8 8 7 7 9 9 8 8 10 10 8 6 7 7 9 9 9 9 9 9 8 7 7 7 7 6 6 4
2 2 3 3 3 3 4 5 5 5 5 5 5 5 5 6 6 6 6 6 6 7 7 7 7 8 8 8 8 8 8 8 8 8 8 8 8 7 7 9 9 8 8 10 10 10 10 7 7 9 9 7 7 9 9 6 7 7 7 7 6 6 4
2 2 3 3 3 3 4 5 5 5 5 5 5 5 5 6 6 6 6 6 6 7 7 7 7 8 8 8 8 8 8 8 8 8 8 8 8 7 7 9 9 8 10 10 10 10 10 7 7 9 9 7 7 9 9 6 7 7 7 7 6 6 4
2 2 3 3 3 3 4 5 5 5 5 5 5 5 5 6 6 6 6 6 6 7 7 7 7 8 8 8 8 8 8 8 8 8 8 8 8 7 7 9 9 10 8 8 8 8 8 7 9 7 9 9 7 9 9 8 7 7 7 7 6 6 4
2 2 3 3 3 3 4 5 5 5 5 5 5 5 5 6 6 6 6 6 6 7 7 7 7 8 8 8 8 8 8 8 8 8 8 8 8 7 7 9 9 10 8 8 8 8 8 7 9 7 9 9 9 9 9 8 7 7 7 7 6 6 4
2 2 3 3 3 3 4 5 5 5 5 5 5 5 5 6 6 6 6 6 6 7 7 7 7 8 8 8 8 8 8 8 8 8 8 8 8 7 7 9 9 10 8 8 8 8 8 7 9 9 9 9 9 7 7 8 7 7 7 7 6 6 4
2 2 3 3 3 3 4 5 5 5 5 5 5 5 5 6 6 6 6 6 6 7 7 7 7 8 8 8 8 8 8 8 8 8 8 8 8 7 7 9 9 10 8 8 8 8 8 9 9 7 7 9 9 9 9 8 7 7 7 7 6 6 4
2 2 3 3 3 3 4 5 5 5 5 5 5 5 5 6 6 6 6 6 6 7 7 7 7 8 8 8 8 8 8 8 8 8 8 8 8 7 7 9 9 10 8 8 8 10 8 7 9 7 9 9 7 9 9 8 7 7 7 7 6 6 4
2 2 3 3 3 3 4 5 5 5 5 5 5 5 5 6 6 6 6 6 6 7 7 7 7 8 8 8 8 8 8 8 8 8 8 8 8 7 7 9 9 10 8 8 8 10 8 7 9 7 9 9 9 9 9 8 7 7 7 7 6 6 4
2 2 3 3 3 3 4 5 5 5 5 5 5 5 5 6 6 6 6 6 6 7 7 7 7 8 8 8 8 8 8 8 8 8 8 8 8 7 7 9 9 10 8 8 10 10 6 7 9 9 9 7 9 9 9 6 7 7 7 7 6 6 4
2 2 3 3 3 3 4 5 5 5 5 5 5 5 5 6 6 6 6 6 6 7 7 7 7 8 8 8 8 8 8 8 8 8 8 8 8 7 7 9 9 10 8 10 10 8 6 7 9 9 9 7 9 9 9 6 7 7 7 7 6 6 4
2 2 3 3 3 3 4 5 5 5 5 5 5 5 5 6 6 6 6 6 6 7 7 7 7 8 8 8 8 8 8 8 8 8 8 8 8 7 7 9 9 10 8 10 10 10 10 7 7 7 9 9 9 9 9 8 7 7 7 7 6 6 4
2 2 3 3 3 3 4 5 5 5 5 5 5 5 5 6 6 6 6 6 6 7 7 7 7 8 8 8 8 8 8 8 8 8 8 8 8 7 7 9 9 10 8 10 10 10 10 7 9 7 9 7 9 9 9 8 7 7 7 7 6 6 4
2 2 3 3 3 3 4 5 5 5 5 5 5 5 5 6 6 6 6 6 6 7 7 7 7 8 8 8 8 8 8 8 8 8 8 8 8 7 7 9 9 10 8 10 10 10 10 7 9 7 9 9 9 9 9 8 7 7 7 7 6 6 4
2 2 3 3 3 3 4 5 5 5 5 5 5 5 5 6 6 6 6 6 6 7 7 7 7 8 8 8 8 8 8 8 8 8 8 8 8 7 7 9 9 10 10 10 10 10 8 7 9 7 7 9 9 9 9 8 7 7 7 7 6 6 4
2 2 3 3 3 3 4 5 5 5 5 5 5 5 5 6 6 6 6 6 6 7 7 7 7 8 8 8 8 8 8 8 8 8 8 8 8 7 9 9 9 8 8 8 10 8 8 9 7 7 9 9 9 9 9 8 7 7 7 7 6 6 4
2 2 3 3 3 3 4 5 5 5 5 5 5 5 5 6 6 6 6 6 6 7 7 7 7 8 8 8 8 8 8 8 8 8 8 8 8 7 9 9 9 8 8 10 10 10 10 7 7 9 9 7 9 7 9 8 7 7 7 7 6 6 4
2 2 3 3 3 3 4 5 5 5 5 5 5 5 5 6 6 6 6 6 6 7 7 7 7 8 8 8 8 8 8 8 8 8 8 8 8 7 9 9 9 8 10 8 10 10 8 7 7 9 9 9 9 7 7 8 7 7 7 7 6 6 4
2 2 3 3 3 3 4 5 5 5 5 5 5 5 5 6 6 6 6 6 6 7 7 7 7 8 8 8 8 8 8 8 8 8 8 8 8 7 9 9 9 8 10 8 10 10 10 9 7 7 9 9 9 9 9 8 7 7 7 7 6 6 4
2 2 3 3 3 3 4 5 5 5 5 5 5 5 5 6 6 6 6 6 6 7 7 7 7 8 8 8 8 8 8 8 8 8 8 8 8 7 9 9 9 10 10 8 10 8 10 7 7 7 9 9 9 9 9 8 7 7 7 7 6 6 4
2 2 3 3 3 3 4 5 5 5 5 5 5 5 5 6 6 6 6 6 6 7 7 7 7 8 8 8 8 8 8 8 8 8 8 8 8 7 9 9 9 10 10 8 10 8 10 9 7 7 9 9 9 9 9 8 7 7 7 7 6 6 4
2 2 3 3 3 3 4 5 5 5 5 5 5 5 5 6 6 6 6 6 6 7 7 7 7 8 8 8 8 8 8 8 8 8 8 8 8 7 9 9 9 10 10 8 10 10 10 9 7 7 9 9 9 9 9 8 7 7 7 7 6 6 4
2 2 3 3 3 3 4 5 5 5 5 5 5 5 5 6 6 6 6 6 6 7 7 7 7 8 8 8 8 8 8 8 8 8 8 8 8 9 9 9 9 8 8 8 8 10 10 7 9 9 7 9 7 7 9 8 7 7 7 7 6 6 4
2 2 3 3 3 3 4 5 5 5 5 5 5 5 5 6 6 6 6 6 6 7 7 7 7 8 8 8 8 8 8 8 8 8 8 8 8 9 9 9 9 8 8 10 8 10 10 9 9 9 11 11 11 11 11 10 9 9 9 9 8 8 6
2 2 3 3 3 3 4 5 5 5 5 5 5 5 5 6 6 6 6 6 6 7 7 7 7 8 8 8 8 8 8 8 8 8 8 8 8 9 9 9 9 8 8 10 10 10 10 7 7 9 9 9 9 7 9 8 7 7 7 7 6 6 4
2 2 3 3 3 3 4 5 5 5 5 5 5 5 5 6 6 6 6 6 6 7 7 7 7 8 8 8 8 8 8 8 8 8 8 8 8 9 9 9 9 8 10 10 10 10 10 7 7 9 9 9 9 7 7 8 7 7 7 7 6 6 4
2 2 3 3 3 4 4 5 5 5 6 5 5 5 6 6 6 7 6 7 7 5 7 7 8 6 8 7 8 9 9 8 8 9 8 9 9 9 10 10 10 6 8 7 10 11 11 9 8 10 10 11 10 10 10 9 9 8 8 8 7 7 5
2 2 3 3 3 4 4 5 5 5 6 5 5 5 6 6 6 7 6 7 7 5 7 7 8 6 8 9 8 9 9 6 8 9 8 9 9 9 10 8 10 6 8 9 10 11 11 9 10 10 10 9 10 10 10 9 9 8 8 8 7 7 5
2 2 3 3 3 4 4 5 5 5 6 5 5 5 6 6 6 7 6 7 7 5 7 7 8 8 8 7 8 9 9 8 8 7 8 9 9 9 10 10 10 8 8 7 10 9 11 9 8 10 10 11 10 10 10 9 9 8 8 8 7 7 5
2 2 3 3 3 4 4 5 5 5 6 5 5 5 6 6 6 7 6 7 7 7 7 7 8 6 8 9 8 9 7 8 8 9 8 9 7 9 10 8 10 8 8 11 10 11 7 9 10 8 10 11 10 8 10 9 9 8 8 8 7 7 5
2 2 3 3 3 4 4 5 5 5 6 5 5 5 6 6 6 7 6 7 7 7 7 7 8 6 8 9 8 9 9 8 8 9 8 9 9 9 8 10 10 8 10 11 10 11 9 9 8 8 10 11 10 10 8 9 9 8 8 8 7 7 5
2 2 3 3 3 4 4 5 5 5 6 5 5 5 6 6 6 7 6 7 7 7 7 7 8 6 8 9 8 9 9 8 8 9 8 9 9 9 10 8 8 8 10 11 10 11 9 9 10 10 10 11 10 8 10 9 9 8 8 8 7 7 5
2 2 3 3 3 4 4 5 5 5 6 5 5 5 6 6 6 7 6 7 7 7 7 7 8 6 8 9 8 9 9 8 8 9 8 9 9 9 10 8 8 8 10 11 10 11 11 9 10 10 10 11 10 8 8 9 9 8 8 8 7 7 5
2 2 3 3 3 4 4 5 5 5 6 5 5 5 6 6 6 7 6 7 7 7 7 7 8 6 8 9 8 9 9 8 8 9 8 9 9 9 10 10 10 8 8 11 10 9 9 9 10 8 10 9 10 10 8 9 9 8 8 8 7 7 5
2 2 3 3 3 4 4 5 5 5 6 5 5 5 6 6 6 7 6 7 7 7 7 7 8 6 8 9 8 9 9 8 8 9 8 9 9 9 10 10 10 8 10 9 10 11 11 9 8 10 10 11 10 8 8 9 9 8 8 8 7 7 5
2 2 3 3 3 4 4 5 5 5 6 5 5 5 6 6 6 7 6 7 7 7 7 7 8 8 8 7 8 9 9 8 8 9 8 9 9 9 6 8 10 10 10 9 8 11 11 11 6 8 10 11 8 10 10 7 9 8 8 8 7 7 5
2 2 3 3 3 4 4 5 5 5 6 5 5 5 6 6 6 7 6 7 7 7 7 7 8 8 8 7 8 9 9 8 8 9 8 9 9 9 8 8 10 10 10 9 8 9 11 11 8 8 8 11 10 10 10 9 9 8 8 8 7 7 5
2 2 3 3 3 4 4 5 5 5 6 5 5 5 6 6 6 7 6 7 7 7 7 7 8 8 8 7 8 9 9 8 8 9 8 9 9 9 8 10 10 10 10 9 8 9 9 11 8 8 8 11 10 10 10 9 9 8 8 8 7 7 5
2 2 3 3 3 4 4 5 5 5 6 5 5 5 6 6 6 7 6 7 7 7 7 7 8 8 8 7 8 9 9 8 8 9 8 9 9 9 10 10 10 8 10 9 8 9 11 9 10 10 10 11 10 10 8 9 9 8 8 8 7 7 5
2 2 3 3 3 4 4 5 5 5 6 5 5 5 6 6 6 7 6 7 7 7 7 7 8 8 8 7 8 9 9 8 8 9 8 9 9 9 10 10 10 8 10 9 8 9 11 11 8 10 10 11 10 10 8 9 9 8 8 8 7 7 5
2 2 3 3 3 4 4 5 5 5 6 5 5 5 6 6 6 7 6 7 7 7 7 7 8 8 8 7 8 9 9 8 8 9 8 9 9 9 10 10 10 8 10 9 8 11 11 9 8 10 10 11 10 10 8 9 9 8 8 8 7 7 5
2 2 3 3 3 4 4 5 5 5 6 5 5 5 6 6 6 7 6 7 7 7 7 7 8 8 8 7 8 9 9 8 8 9 8 9 9 9 10 10 10 10 10 9 10 9 11 11 10 10 10 11 8 10 8 9 9 8 8 8 7 7 5
2 2 3 3 3 4 4 5 5 5 6 5 5 5 6 6 6 7 6 7 7 7 7 7 8 8 8 9 8 9 9 8 8 9 8 9 9 7 8 8 10 10 10 11 8 9 11 9 10 10 8 9 10 10 10 9 9 8 8 8 7 7 5
2 2 3 3 3 4 4 5 5 5 6 5 5 5 6 6 6 7 6 7 7 7 7 7 8 8 8 9 8 9 9 8 8 9 8 9 9 7 8 8 10 10 10 11 10 11 11 7 8 8 8 9 10 10 10 9 9 8 8 8 7 7 5
2 2 3 3 3 4 4 5 5 5 6 5 5 5 6 6 6 7 6 7 7 7 7 7 8 8 8 9 8 9 9 8 8 9 8 9 9 9 6 10 10 10 8 11 8 11 11 11 8 10 10 11 8 10 10 9 9 8 8 8 7 7 5
2 2 3 3 3 4 4 5 5 5 6 5 5 5 6 6 6 7 6 7 7 7 7 7 8 8 8 9 8 9 9 8 8 9 8 9 9 9 8 8 8 8 10 9 10 11 11 9 8 10 10 9 8 10 10 9 9 8 8 8 7 7 5
2 2 3 3 3 4 4 5 5 5 6 5 5 5 6 6 6 7 6 7 7 7 7 7 8 8 8 9 8 9 9 8 8 9 8 9 9 9 8 8 8 10 10 11 10 11 11 7 8 8 8 11 10 10 10 9 9 8 8 8 7 7 5
2 2 3 3 3 4 4 5 5 5 6 5 5 5 6 6 6 7 6 7 7 7 7 7 8 8 8 9 8 9 9 8 8 9 8 9 9 9 8 8 10 8 8 11 8 11 11 9 8 10 10 11 10 10 10 9 9 8 8 8 7 7 5
2 2 3 3 3 4 4 5 5 5 6 5 5 5 6 6 6 7 6 7 7 7 7 7 8 8 8 9 8 9 9 8 8 9 8 9 9 9 8 8 10 8 8 11 8 11 11 9 10 10 10 11 8 10 10 9 9 8 8 8 7 7 5
2 2 3 3 3 4 4 5 5 5 6 5 5 5 6 6 6 7 6 7 7 7 7 7 8 8 8 9 8 9 9 8 8 9 8 9 9 9 8 8 10 8 8 11 8 11 11 9 10 10 10 11 10 10 10 9 9 8 8 8 7 7 5
2 2 3 3 3 4 4 5 5 5 6 5 5 5 6 6 6 7 6 7 7 7 7 7 8 8 8 9 8 9 9 8 8 9 8 9 9 9 8 8 10 10 10 9 8 9 9 11 8 8 8 11 10 10 10 9 9 8 8 8 7 7 5
2 2 3 3 3 4 4 5 5 5 6 5 5 5 6 6 6 7 6 7 7 7 7 7 8 8 8 9 8 9 9 8 8 9 8 9 9 9 8 8 10 10 10 11 10 9 11 11 8 10 8 11 8 10 10 9 9 8 8 8 7 7 5
2 2 3 3 3 4 4 5 5 5 6 5 5 5 6 6 6 7 6 7 7 7 7 7 8 8 8 9 8 9 9 8 8 9 8 9 9 9 8 8 10 10 10 11 10 11 11 11 8 8 10 11 10 10 10 7 9 8 8 8 7 7 5
2 2 3 3 3 4 4 5 5 5 6 5 5 5 6 6 6 7 6 7 7 7 7 7 8 8 8 9 8 9 9 8 8 9 8 9 9 9 8 10 10 10 8 11 8 11 11 9 10 8 10 11 10 10 10 9 9 8 8 8 7 7 5
2 2 3 3 3 4 4 5 5 5 6 5 5 5 6 6 6 7 6 7 7 7 7 7 8 8 8 9 8 9 9 8 8 9 8 9 9 9 10 10 10 10 10 11 10 11 11 11 8 8 8 11 10 10 10 9 9 8 8 8 7 7 5
2 2 3 3 3 4 4 5 5 5 6 5 5 5 6 6 6 7 6 7 7 7 7 7 8 8 8 9 8 9 9 8 8 9 8 9 9 9 10 10 10 10 10 11 10 11 11 11 8 8 10 11 10 10 10 9 9 8 8 8 7 7 5
2 2 3 3 4 4 4 5 5 6 6 5 5 6 6 6 7 7 7 7 8 7 7 6 8 8 7 9 9 9 8 8 7 9 9 9 8 10 10 9 11 10 7 11 9 11 8 8 10 9 9 10 10 9 9 8 8 8 7 7 6 6 4
2 2 3 3 4 4 4 5 5 6 6 5 5 6 6 6 7 7 7 7 8 7 7 6 8 8 7 9 9 9 8 8 7 9 9 9 8 10 10 9 11 10 7 11 9 11 8 10 10 9 9 10 10 9 9 8 8 8 7 7 6 6 4
2 2 3 3 4 4 4 5 5 6 6 5 5 6 6 6 7 7 7 7 8 7 7 6 8 8 7 9 9 9 10 8 7 9 9 9 10 10 10 9 11 8 7 11 9 11 10 8 10 9 9 10 10 9 9 8 8 8 7 7 6 6 4
2 2 3 3 4 4 4 5 5 6 6 5 5 6 6 6 7 7 7 7 8 7 7 8 8 6 7 9 9 9 8 8 9 9 9 9 8 8 10 11 9 8 9 11 11 9 8 8 10 9 9 10 10 9 9 8 8 8 7 7 6 6 4
2 2 3 3 4 4 4 5 5 6 6 5 5 6 6 6 7 7 7 7 8 7 7 8 8 6 7 9 9 9 10 8 9 7 9 9 8 8 10 9 11 8 9 9 11 11 10 8 10 9 9 10 10 9 9 8 8 8 7 7 6 6 4
2 2 3 3 4 4 4 5 5 6 6 5 5 6 6 6 7 7 7 7 8 7 7 8 8 6 7 9 9 9 10 8 9 9 9 7 8 8 10 11 11 8 9 11 11 9 8 8 10 9 9 10 10 9 9 8 8 8 7 7 6 6 4
2 2 3 3 4 4 4 5 5 6 6 5 5 6 6 6 7 7 7 7 8 7 7 8 8 6 7 9 9 9 10 8 9 9 9 9 8 6 10 11 11 8 9 11 11 9 8 6 10 9 9 8 10 9 9 8 8 8 7 7 6 6 4
2 2 3 3 4 4 4 5 5 6 6 5 5 6 6 6 7 7 7 7 8 7 7 8 8 6 7 9 9 9 10 8 9 9 9 9 8 8 10 9 11 8 9 11 11 11 10 8 10 9 9 10 10 9 9 8 8 8 7 7 6 6 4
2 2 3 3 4 4 4 5 5 6 6 5 5 6 6 6 7 7 7 7 8 7 7 8 8 6 9 9 9 9 8 6 9 9 9 9 8 8 10 9 11 6 11 11 9 11 8 8 10 9 9 8 10 9 9 8 8 8 7 7 6 6 4
2 2 3 3 4 4 4 5 5 6 6 5 5 6 6 6 7 7 7 7 8 7 7 8 8 6 9 9 9 9 8 6 9 9 9 9 8 10 10 9 11 6 11 11 11 11 8 10 10 9 9 10 10 9 9 8 8 8 7 7 6 6 4
2 2 3 3 4 4 4 5 5 6 6 5 5 6 6 6 7 7 7 7 8 7 7 8 8 8 7 7 9 9 8 8 9 9 9 9 10 10 10 11 11 8 9 9 9 11 10 8 8 9 9 10 10 9 9 8 8 8 7 7 6 6 4
2 2 3 3 4 4 4 5 5 6 6 5 5 6 6 6 7 7 7 7 8 7 7 8 8 8 7 7 9 9 8 8 9 9 9 9 10 10 10 11 11 10 7 9 9 11 8 8 10 9 9 10 10 9 9 8 8 8 7 7 6 6 4
2 2 3 3 4 4 4 5 5 6 6 5 5 6 6 6 7 7 7 7 8 7 7 8 8 8 7 7 9 9 10 8 7 7 9 9 10 10 10 7 11 10 7 7 11 11 10 10 10 7 9 10 10 7 9 8 8 8 7 7 6 6 4
2 2 3 3 4 4 4 5 5 6 6 5 5 6 6 6 7 7 7 7 8 7 7 8 8 8 7 7 9 9 10 8 7 9 9 7 10 10 10 7 11 10 7 9 11 9 10 10 10 7 9 10 10 7 9 8 8 8 7 7 6 6 4
2 2 3 3 4 4 4 5 5 6 6 5 5 6 6 6 7 7 7 7 8 7 7 8 8 8 7 7 9 9 10 8 9 9 9 9 8 8 10 9 11 8 9 9 11 11 10 8 10 9 9 8 10 9 9 8 8 8 7 7 6 6 4
2 2 3 3 4 4 4 5 5 6 6 5 5 6 6 6 7 7 7 7 8 7 7 8 8 8 7 7 9 9 10 8 9 9 9 9 10 10 10 9 11 10 7 9 9 11 8 8 10 9 9 10 10 9 9 8 8 8 7 7 6 6 4
2 2 3 3 4 4 4 5 5 6 6 5 5 6 6 6 7 7 7 7 8 7 7 8 8 8 7 9 7 9 8 8 9 7 9 9 10 8 8 9 9 10 9 9 9 11 10 8 10 9 9 8 8 9 9 8 8 8 7 7 6 6 4
2 2 3 3 4 4 4 5 5 6 6 5 5 6 6 6 7 7 7 7 8 7 7 8 8 8 7 9 7 9 8 8 9 9 9 9 10 10 8 9 11 10 9 11 7 11 10 8 10 9 9 10 10 9 9 8 8 8 7 7 6 6 4
2 2 3 3 4 4 4 5 5 6 6 5 5 6 6 6 7 7 7 7 8 7 7 8 8 8 7 9 9 7 10 8 7 9 9 7 10 8 8 11 11 10 7 9 9 7 10 8 8 9 9 8 8 9 9 8 8 8 7 7 6 6 4
2 2 3 3 4 4 4 5 5 6 6 5 5 6 6 6 7 7 7 7 8 7 7 8 8 8 7 9 9 7 10 8 7 9 9 7 10 8 10 11 9 8 7 11 11 7 10 8 10 9 9 8 10 9 9 8 8 8 7 7 6 6 4
2 2 3 3 4 4 4 5 5 6 6 5 5 6 6 6 7 7 7 7 8 7 7 8 8 8 7 9 9 7 10 8 7 9 9 7 10 8 10 11 9 10 7 11 11 7 8 8 10 9 9 8 10 9 9 8 8 8 7 7 6 6 4
2 2 3 3 4 4 4 5 5 6 6 5 5 6 6 6 7 7 7 7 8 7 7 8 8 8 7 9 9 7 10 8 7 9 9 7 10 10 10 9 9 8 7 11 11 7 10 10 10 9 9 10 10 9 9 8 8 8 7 7 6 6 4
2 2 3 3 4 4 4 5 5 6 6 5 5 6 6 6 7 7 7 7 8 7 7 8 8 8 7 9 9 7 10 8 7 9 9 7 10 10 10 9 9 10 7 11 11 7 8 10 10 9 9 10 10 9 9 8 8 8 7 7 6 6 4
2 2 3 3 4 4 4 5 5 6 6 5 5 6 6 6 7 7 7 7 8 7 7 8 8 8 7 9 9 7 10 8 7 9 9 7 10 10 10 11 11 10 7 11 11 7 10 10 10 9 9 10 10 9 9 8 8 8 7 7 6 6 4
2 2 3 3 4 4 4 5 5 6 6 5 5 6 6 6 7 7 7 7 8 7 7 8 8 8 7 9 9 7 10 8 7 9 9 9 10 10 8 11 9 10 7 11 11 9 8 10 8 9 9 10 8 9 9 8 8 8 7 7 6 6 4
2 2 3 3 4 4 4 5 5 6 6 5 5 6 6 6 7 7 7 7 8 7 7 8 8 8 7 9 9 7 10 8 9 9 9 9 10 10 10 11 11 10 9 9 9 9 10 10 10 9 9 8 8 9 9 8 8 8 7 7 6 6 4
2 2 3 3 4 4 4 5 5 6 6 5 5 6 6 6 7 7 7 7 8 7 7 8 8 8 7 9 9 9 6 8 9 9 9 9 8 10 8 9 11 10 9 9 11 11 6 10 10 7 9 10 10 9 9 8 8 8 7 7 6 6 4
2 2 3 3 4 4 4 5 5 6 6 5 5 6 6 6 7 7 7 7 8 7 7 8 8 8 7 9 9 9 8 8 7 9 9 9 10 10 8 9 11 10 7 11 9 11 10 10 10 9 9 8 10 9 9 8 8 8 7 7 6 6 4
2 2 3 3 4 4 4 5 5 6 6 5 5 6 6 6 7 7 7 7 8 7 7 8 8 8 7 9 9 9 8 8 7 9 9 9 10 10 10 9 9 10 7 11 9 11 10 10 10 9 9 8 10 9 9 8 8 8 7 7 6 6 4
2 2 3 3 4 4 4 5 5 6 6 5 5 6 6 6 7 7 7 7 8 7 7 8 8 8 7 9 9 9 8 8 9 9 7 9 10 10 10 9 11 10 9 9 9 11 10 10 8 9 9 10 10 9 9 8 8 8 7 7 6 6 4
2 2 3 3 4 4 4 5 5 6 6 5 5 6 6 6 7 7 7 7 8 7 7 8 8 8 7 9 9 9 8 8 9 9 9 7 8 10 10 11 11 8 9 11 11 9 8 8 10 9 9 10 8 9 9 8 8 8 7 7 6 6 4
2 2 3 3 4 4 4 5 5 6 6 5 5 6 6 6 7 7 7 7 8 7 7 8 8 8 7 9 9 9 8 8 9 9 9 7 10 10 8 11 9 8 7 11 11 9 10 10 10 9 9 10 8 9 9 8 8 8 7 7 6 6 4
2 2 3 3 4 4 4 5 5 6 6 5 5 6 6 6 7 7 7 7 8 7 7 8 8 8 7 9 9 9 8 8 9 9 9 7 10 10 8 11 9 10 7 11 11 9 8 10 10 9 9 10 8 9 9 8 8 8 7 7 6 6 4
2 2 3 3 4 4 4 5 5 6 6 5 5 6 6 6 7 7 7 7 8 7 7 8 8 8 7 9 9 9 8 8 9 9 9 7 10 10 8 11 9 10 7 11 11 9 10 8 10 9 9 10 8 9 9 8 8 8 7 7 6 6 4
2 2 3 3 4 4 4 5 5 6 6 5 5 6 6 6 7 7 7 7 8 7 7 8 8 8 7 9 9 9 8 8 9 9 9 9 8 10 8 9 11 10 9 11 11 11 8 10 10 9 9 10 10 9 9 8 8 8 7 7 6 6 4
2 2 3 3 4 4 4 5 5 6 6 5 5 6 6 6 7 7 7 7 8 7 7 8 8 8 7 9 9 9 8 8 9 9 9 9 10 8 8 9 11 10 9 11 9 11 10 8 10 9 9 8 10 9 9 8 8 8 7 7 6 6 4
2 2 3 3 4 4 4 5 5 6 6 5 5 6 6 6 7 7 7 7 8 7 7 8 8 8 7 9 9 9 8 8 9 9 9 9 10 10 8 9 9 8 7 11 9 11 10 10 10 9 9 10 10 9 9 8 8 8 7 7 6 6 4
2 2 3 3 4 4 4 5 5 6 6 5 5 6 6 6 7 7 7 7 8 7 7 8 8 8 7 9 9 9 8 8 9 9 9 9 10 10 8 9 11 8 9 11 9 11 10 8 10 9 9 10 10 9 9 8 8 8 7 7 6 6 4
2 2 3 3 4 4 4 5 5 6 6 5 5 6 6 6 7 7 7 7 8 7 7 8 8 8 7 9 9 9 8 8 9 9 9 9 10 10 8 9 11 10 7 9 11 9 8 10 10 7 9 10 10 9 9 8 8 8 7 7 6 6 4
2 2 3 3 4 4 4 5 5 6 6 5 5 6 6 6 7 7 7 7 8 7 7 8 8 8 7 9 9 9 8 8 9 9 9 9 10 10 8 9 11 10 7 11 9 11 10 8 10 9 9 10 10 9 9 8 8 8 7 7 6 6 4
2 2 3 3 4 4 4 5 5 6 6 5 5 6 6 6 7 7 7 7 8 7 7 8 8 8 7 9 9 9 8 8 9 9 9 9 10 10 8 9 11 10 9 11 11 11 8 10 10 9 9 10 10 9 9 8 8 8 7 7 6 6 4
2 2 3 3 4 4 4 5 5 6 6 5 5 6 6 6 7 7 7 7 8 7 7 8 8 8 7 9 9 9 8 8 9 9 9 9 10 10 8 9 11 10 9 11 11 11 10 10 10 9 9 10 10 9 9 8 8 8 7 7 6 6 4
2 2 3 3 4 4 4 5 5 6 6 5 5 6 6 6 7 7 7 7 8 7 7 8 8 8 7 9 9 9 8 8 9 9 9 9 10 10 8 11 9 8 7 11 9 11 10 8 10 9 9 10 10 9 9 8 8 8 7 7 6 6 4
2 2 3 3 4 4 4 5 5 6 6 5 5 6 6 6 7 7 7 7 8 7 7 8 8 8 7 9 9 9 8 8 9 9 9 9 10 10 8 11 11 8 7 11 9 11 10 8 10 9 9 10 8 9 9 8 8 8 7 7 6 6 4
2 2 3 3 4 4 4 5 5 6 6 5 5 6 6 6 7 7 7 7 8 7 7 8 8 8 7 9 9 9 8 8 9 9 9 9 10 10 10 9 9 10 9 11 9 11 10 10 10 9 9 8 8 9 9 8 8 8 7 7 6 6 4
2 2 3 3 4 4 4 5 5 6 6 5 5 6 6 6 7 7 7 7 8 7 7 8 8 8 7 9 9 9 8 8 9 9 9 9 10 10 10 9 11 8 9 11 9 11 10 8 8 9 9 10 10 9 9 8 8 8 7 7 6 6 4
2 2 3 3 4 4 4 5 5 6 6 5 5 6 6 6 7 7 7 7 8 7 7 8 8 8 7 9 9 9 8 8 9 9 9 9 10 10 10 9 11 8 9 11 11 9 10 8 8 9 9 10 10 9 9 8 8 8 7 7 6 6 4
2 2 3 3 4 4 4 5 5 6 6 5 5 6 6 6 7 7 7 7 8 7 7 8 8 8 7 9 9 9 8 8 9 9 9 9 10 10 10 9 11 8 9 11 11 9 10 8 10 9 9 10 10 9 9 8 8 8 7 7 6 6 4
2 2 3 3 4 4 4 5 5 6 6 5 5 6 6 6 7 7 7 7 8 7 7 8 8 8 7 9 9 9 8 8 9 9 9 9 10 10 10 11 9 8 7 11 9 11 10 8 10 9 9 10 8 9 9 8 8 8 7 7 6 6 4
2 2 3 3 4 4 4 5 5 6 6 5 5 6 6 6 7 7 7 7 8 7 7 8 8 8 7 9 9 9 10 8 9 9 9 9 8 6 8 9 11 10 9 11 11 9 10 6 10 9 9 8 10 9 9 8 8 8 7 7 6 6 4
2 2 3 3 4 4 4 5 5 6 6 5 5 6 6 6 7 7 7 7 8 7 7 8 8 8 7 9 9 9 10 8 9 9 9 9 10 8 10 9 7 10 7 11 9 11 10 8 10 9 9 10 10 9 9 8 8 8 7 7 6 6 4
2 2 3 3 4 4 4 5 5 6 6 5 5 6 6 6 7 7 7 7 8 7 7 8 8 8 9 9 9 9 8 8 9 9 9 9 8 8 8 11 11 10 9 9 11 11 6 10 10 9 9 10 10 9 9 8 8 8 7 7 6 6 4
2 2 3 3 4 4 4 5 5 6 6 5 5 6 6 6 7 7 7 7 8 7 7 8 8 8 9 9 9 9 8 8 9 9 9 9 8 8 8 11 11 10 9 11 11 9 6 10 10 9 9 10 10 9 9 8 8 8 7 7 6 6 4
2 2 3 3 4 4 4 5 5 6 6 5 5 6 6 6 7 7 7 7 8 7 7 8 8 8 9 9 9 9 8 8 9 9 9 9 8 8 10 9 11 8 11 11 11 7 8 10 10 9 9 10 10 9 9 8 8 8 7 7 6 6 4
2 2 3 3 4 4 4 5 5 6 6 5 5 6 6 6 7 7 7 7 8 7 7 8 8 8 9 9 9 9 8 8 9 9 9 9 8 10 10 9 11 8 11 11 9 11 8 8 10 9 9 10 8 9 9 8 8 8 7 7 6 6 4
2 2 3 3 4 4 4 5 5 6 6 5 5 6 6 6 7 7 7 7 8 7 7 8 8 8 9 9 9 9 8 8 9 9 9 9 8 10 10 11 11 8 9 11 11 9 8 8 10 9 9 10 8 9 9 8 8 8 7 7 6 6 4
2 2 3 3 4 4 4 5 5 6 6 5 5 6 6 6 7 7 7 7 8 7 7 8 8 8 9 9 9 9 8 8 9 9 9 9 8 10 10 11 11 8 11 11 11 11 8 8 10 9 9 10 8 9 9 8 8 8 7 7 6 6 4
2 2 3 3 4 4 4 5 5 6 6 5 5 6 6 6 7 7 7 7 8 7 7 8 8 8 9 9 9 9 8 8 9 9 9 9 10 8 10 9 9 8 11 7 11 11 8 10 10 9 9 10 10 9 9 8 8 8 7 7 6 6 4
2 2 3 3 4 5 4 5 5 6 7 5 5 6 7 6 7 8 7 8 9 7 7 8 7 8 9 8 9 8 11 8 9 10 9 10 11 10 11 12 12 8 11 8 11 8 11 12 9 10 10 12 11 10 10 9 10 9 8 8 7 7 5
2 2 3 3 4 5 4 5 5 6 7 5 5 6 7 6 7 8 7 8 9 7 7 8 7 8 9 8 9 8 11 8 9 10 9 10 11 10 11 12 12 10 11 8 11 8 11 12 9 10 10 12 11 10 10 9 10 9 8 8 7 7 5
2 2 3 3 4 5 4 5 5 6 7 5 5 6 7 6 7 8 7 8 9 7 7 8 9 8 7 10 7 10 9 8 9 8 9 10 11 8 9 10 10 10 9 10 9 12 11 8 11 10 10 10 9 10 10 9 10 9 8 8 7 7 5
2 2 3 3 5 5 4 5 5 7 7 5 5 7 7 6 8 8 8 8 10 7 7 9 9 8 8 10 8 10 10 8 10 10 10 10 12 11 11 13 13 10 10 12 10 12 12 9 13 11 11 13 13 11 11 10 11 11 9 9 8 8 6
2 2 3 3 5 5 4 5 5 7 7 5 5 7 7 6 8 8 8 8 10 7 7 9 9 8 10 10 10 10 12 8 10 10 10 10 12 11 11 13 13 8 10 10 10 10 12 13 13 11 11 13 13 11 11 10 11 11 9 9 8 8 6
2 2 3 4 4 4 4 5 6 6 6 5 6 6 6 7 7 7 8 8 8 7 8 8 8 7 9 9 10 10 10 7 9 9 10 10 10 9 9 11 12 7 9 9 12 12 12 9 9 11 10 9 9 11 10 9 9 9 9 8 7 7 5
2 2 3 4 4 4 4 5 6 6 6 5 6 6 6 7 7 7 8 8 8 7 8 8 8 7 9 9 10 10 10 7 9 9 10 10 10 9 11 11 12 7 9 11 12 12 12 9 11 11 10 9 11 11 10 9 9 9 9 8 7 7 5
2 2 3 4 4 4 4 5 6 6 6 5 6 6 6 7 7 7 8 8 8 7 8 8 8 9 9 9 10 10 10 9 9 9 10 10 10 9 9 11 12 9 9 9 12 12 12 9 9 11 10 9 9 11 10 9 9 9 9 8 7 7 5
2 2 3 4 4 5 4 5 6 6 7 5 6 6 7 7 7 8 8 9 9 7 8 8 9 9 9 8 10 11 11 9 9 8 10 11 11 11 10 12 13 9 11 8 12 13 13 13 10 12 11 13 10 12 11 10 11 10 10 9 8 8 6
2 2 3 4 4 5 4 5 6 6 7 5 6 6 7 7 7 8 8 9 9 7 8 8 9 9 9 8 10 11 11 9 9 10 10 11 11 11 12 12 13 9 11 8 12 13 13 13 10 12 11 13 12 12 11 10 11 10 10 9 8 8 6
2 2 3 4 4 5 4 5 6 6 7 5 6 6 7 7 7 8 8 9 9 7 8 8 9 9 9 8 10 11 11 9 9 10 10 11 11 11 12 12 13 11 11 8 12 13 13 13 10 12 11 13 12 12 11 10 11 10 10 9 8 8 6
2 2 3 4 4 5 4 5 6 6 7 5 6 6 7 7 7 8 8 9 9 7 8 8 9 9 9 10 10 11 11 9 9 10 10 11 11 11 12 12 13 9 9 8 12 13 13 13 12 12 11 13 12 12 11 10 11 10 10 9 8 8 6
2 3 3 3 3 3 5 5 5 5 5 6 6 6 6 6 6 6 6 6 6 6 6 6 8 6 6 8 8 8 8 7 9 9 9 9 9 9 9 9 7 5 7 9 7 9 9 7 9 9 9 8 8 8 8 8 6 6 6 6 6 5 3
2 3 3 3 3 3 5 5 5 5 5 6 6 6 6 6 6 6 6 6 6 6 6 6 8 6 8 8 8 8 8 7 7 9 9 9 9 9 9 7 9 5 7 9 7 9 9 7 9 9 9 8 8 8 8 8 6 6 6 6 6 5 3
2 3 3 3 3 3 5 5 5 5 5 6 6 6 6 6 6 6 6 6 6 6 6 6 8 6 8 8 8 8 8 7 7 9 9 9 9 9 9 9 7 5 7 9 7 9 9 7 9 9 9 8 8 8 8 8 6 6 6 6 6 5 3
2 3 3 3 3 3 5 5 5 5 5 6 6 6 6 6 6 6 6 6 6 6 6 6 8 6 8 8 8 8 8 7 7 9 9 9 9 9 9 9 7 5 7 9 7 9 9 9 9 9 9 8 8 8 8 8 6 6 6 6 6 5 3
2 3 3 3 3 3 5 5 5 5 5 6 6 6 6 6 6 6 6 6 6 6 6 6 8 8 8 8 8 8 8 7 7 9 9 9 9 9 7 9 7 7 5 9 7 9 9 9 9 9 9 8 8 8 8 8 6 6 6 6 6 5 3
2 3 3 3 3 3 5 5 5 5 5 6 6 6 6 6 6 6 6 6 6 6 6 6 8 8 8 8 8 8 8 7 7 9 9 9 9 9 7 9 9 7 5 7 7 9 9 9 9 9 9 8 8 8 8 8 6 6 6 6 6 5 3
2 3 3 3 3 3 5 5 5 5 5 6 6 6 6 6 6 6 6 6 6 6 6 8 8 6 8 8 8 8 8 7 7 9 7 9 7 9 9 9 9 5 7 9 7 9 9 7 9 9 9 8 8 8 8 8 6 6 6 6 6 5 3
2 3 3 3 3 3 5 5 5 5 5 6 6 6 6 6 6 6 6 6 6 6 6 8 8 6 8 8 8 8 8 7 7 9 7 9 7 9 9 9 9 5 7 9 7 9 9 9 9 9 9 8 8 8 8 8 6 6 6 6 6 5 3
2 3 3 3 3 3 5 5 5 5 5 6 6 6 6 6 6 6 6 6 6 6 6 8 8 6 8 8 8 8 8 7 7 9 7 9 9 9 9 7 9 5 7 9 7 9 9 7 9 9 9 8 8 8 8 8 6 6 6 6 6 5 3
2 3 3 3 3 3 5 5 5 5 5 6 6 6 6 6 6 6 6 6 6 6 6 8 8 6 8 8 8 8 8 7 7 9 7 9 9 9 9 7 9 5 7 9 7 9 9 9 9 9 9 8 8 8 8 8 6 6 6 6 6 5 3
2 3 3 3 3 3 5 5 5 5 5 6 6 6 6 6 6 6 6 6 6 6 6 8 8 6 8 8 8 8 8 9 7 7 9 9 7 9 9 9 9 7 7 7 7 7 9 9 9 9 9 8 8 8 8 8 6 6 6 6 6 5 3
2 3 3 3 3 3 5 5 5 5 5 6 6 6 6 6 6 6 6 6 6 6 6 8 8 6 8 8 8 8 8 9 7 7 9 9 7 9 9 9 9 7 7 7 7 9 7 9 9 9 9 8 8 8 8 8 6 6 6 6 6 5 3
2 3 3 3 3 3 5 5 5 5 5 6 6 6 6 6 6 6 6 6 6 6 6 8 8 6 8 8 8 8 8 9 7 7 9 9 7 9 9 9 9 7 7 7 9 9 9 7 9 9 9 8 8 8 8 8 6 6 6 6 6 5 3
2 3 3 3 3 3 5 5 5 5 5 6 6 6 6 6 6 6 6 6 6 6 6 8 8 6 8 8 8 8 8 9 7 7 9 9 7 9 9 9 9 7 7 7 9 9 9 9 9 9 9 8 8 8 8 8 6 6 6 6 6 5 3
2 3 3 3 3 3 5 5 5 5 5 6 6 6 6 6 6 6 6 6 6 6 6 8 8 6 8 8 8 8 8 9 7 7 9 9 9 9 9 9 9 7 7 7 7 7 9 7 7 9 9 8 8 8 8 8 6 6 6 6 6 5 3
2 3 3 3 3 3 5 5 5 5 5 6 6 6 6 6 6 6 6 6 6 6 6 8 8 6 8 8 8 8 8 9 7 9 9 7 7 9 9 7 9 7 7 9 9 7 9 7 9 9 9 8 8 8 8 8 6 6 6 6 6 5 3
2 3 3 3 3 3 5 5 5 5 5 6 6 6 6 6 6 6 6 6 6 6 6 8 8 6 8 8 8 8 8 9 7 9 9 7 7 9 9 9 9 7 7 9 9 7 9 7 9 9 9 8 8 8 8 8 6 6 6 6 6 5 3
2 3 3 3 3 3 5 5 5 5 5 6 6 6 6 6 6 6 6 6 6 6 6 8 8 6 8 8 8 8 8 9 7 9 9 9 7 9 9 7 9 7 7 9 7 7 9 9 9 9 9 8 8 8 8 8 6 6 6 6 6 5 3
2 3 3 3 3 3 5 5 5 5 5 6 6 6 6 6 6 6 6 6 6 6 6 8 8 6 8 8 8 8 8 9 7 9 9 9 7 9 9 7 9 7 7 9 9 7 9 9 9 9 9 8 8 8 8 8 6 6 6 6 6 5 3
2 3 3 3 3 3 5 5 5 5 5 6 6 6 6 6 6 6 6 6 6 6 6 8 8 6 8 8 8 8 8 9 7 9 9 9 7 9 9 7 9 7 7 9 9 9 9 9 9 9 9 8 8 8 8 8 6 6 6 6 6 5 3
2 3 3 3 3 3 5 5 5 5 5 6 6 6 6 6 6 6 6 6 6 6 6 8 8 6 8 8 8 8 8 9 7 9 9 9 7 9 9 9 7 7 7 9 9 9 9 9 9 9 9 8 8 8 8 8 6 6 6 6 6 5 3
2 3 3 3 3 3 5 5 5 5 5 6 6 6 6 6 6 6 6 6 6 6 6 8 8 6 8 8 8 8 8 9 9 9 9 9 7 9 9 7 9 7 9 9 7 9 9 7 9 9 9 8 8 8 8 8 6 6 6 6 6 5 3
2 3 3 3 3 3 5 5 5 5 5 6 6 6 6 6 6 6 6 6 6 6 6 8 8 6 8 8 8 8 8 9 9 9 9 9 7 9 9 7 9 7 9 9 9 9 9 9 9 9 9 8 8 8 8 8 6 6 6 6 6 5 3
2 3 3 3 3 3 5 5 5 5 5 6 6 6 6 6 6 6 6 6 6 6 6 8 8 8 6 8 8 6 8 9 7 9 9 7 9 9 9 9 9 7 7 7 9 7 7 9 9 9 9 8 8 8 8 8 6 6 6 6 6 5 3
2 3 3 3 3 3 5 5 5 5 5 6 6 6 6 6 6 6 6 6 6 6 6 8 8 8 8 8 8 8 6 5 7 9 7 9 9 9 9 9 9 5 7 9 7 9 9 9 9 9 9 6 8 8 8 8 6 6 6 6 6 5 3
2 3 3 3 3 3 5 5 5 5 5 6 6 6 6 6 6 6 6 6 6 6 6 8 8 8 8 8 8 8 6 5 7 9 9 9 9 7 9 9 9 5 7 9 9 9 9 9 9 9 9 6 8 8 8 8 6 6 6 6 6 5 3
2 3 3 3 3 3 5 5 5 5 5 6 6 6 6 6 6 6 6 6 6 6 6 8 8 8 8 8 8 8 6 5 9 9 9 9 9 9 9 7 7 5 7 9 9 9 9 9 9 7 7 8 8 8 8 8 6 6 6 6 6 5 3
2 3 3 3 3 3 5 5 5 5 5 6 6 6 6 6 6 6 6 6 6 6 6 8 8 8 8 8 8 8 6 5 9 9 9 9 9 9 9 7 9 5 7 9 9 9 7 9 9 7 9 8 8 8 8 8 6 6 6 6 6 5 3
2 3 3 3 3 3 5 5 5 5 5 6 6 6 6 6 6 6 6 6 6 6 6 8 8 8 8 8 8 8 6 7 7 9 9 9 9 9 7 9 9 7 7 9 9 9 7 9 9 9 9 6 8 8 8 8 6 6 6 6 6 5 3
2 3 3 3 3 3 5 5 5 5 5 6 6 6 6 6 6 6 6 6 6 6 6 8 8 8 8 8 8 8 6 7 9 9 9 9 9 9 9 7 9 7 7 9 9 9 9 7 9 7 9 8 8 8 8 8 6 6 6 6 6 5 3
2 3 3 3 3 3 5 5 5 5 5 6 6 6 6 6 6 6 6 6 6 6 6 8 8 8 8 8 8 8 8 7 7 7 9 9 9 9 9 9 9 7 7 7 7 7 9 7 9 9 9 8 8 8 8 8 6 6 6 6 6 5 3
2 3 3 3 3 3 5 5 5 5 5 6 6 6 6 6 6 6 6 6 6 6 6 8 8 8 8 8 8 8 8 7 7 7 9 9 9 9 9 9 9 7 7 7 7 9 7 9 9 9 9 8 8 8 8 8 6 6 6 6 6 5 3
2 3 3 3 3 3 5 5 5 5 5 6 6 6 6 6 6 6 6 6 6 6 6 8 8 8 8 8 8 8 8 7 7 9 7 9 9 9 9 7 7 5 7 9 7 9 9 9 9 9 9 8 8 8 8 8 6 6 6 6 6 5 3
2 3 3 3 3 3 5 5 5 5 5 6 6 6 6 6 6 6 6 6 6 6 6 8 8 8 8 8 8 8 8 7 7 9 9 7 7 9 9 7 9 7 7 9 9 7 9 9 9 9 9 8 8 8 8 8 6 6 6 6 6 5 3
2 3 3 3 3 3 5 5 5 5 5 6 6 6 6 6 6 6 6 6 6 6 6 8 8 8 8 8 8 8 8 7 7 9 9 9 7 9 7 7 9 7 7 9 7 9 9 9 9 9 9 8 8 8 8 8 6 6 6 6 6 5 3
2 3 3 3 3 3 5 5 5 5 5 6 6 6 6 6 6 6 6 6 6 6 6 8 8 8 8 8 8 8 8 7 7 9 9 9 7 9 7 7 9 7 7 9 9 9 7 9 9 9 9 8 8 8 8 8 6 6 6 6 6 5 3
2 3 3 3 3 3 5 5 5 5 5 6 6 6 6 6 6 6 6 6 6 6 6 8 8 8 8 8 8 8 8 7 7 9 9 9 7 9 9 7 9 7 7 7 9 7 7 9 9 9 9 8 8 8 8 8 6 6 6 6 6 5 3
2 3 3 3 3 3 5 5 5 5 5 6 6 6 6 6 6 6 6 6 6 6 6 8 8 8 8 8 8 8 8 7 7 9 9 9 7 9 9 7 9 7 7 9 7 7 9 9 9 9 9 8 8 8 8 8 6 6 6 6 6 5 3
2 3 3 3 3 3 5 5 5 5 5 6 6 6 6 6 6 6 6 6 6 6 6 8 8 8 8 8 8 8 8 7 7 9 9 9 7 9 9 7 9 7 7 9 9 7 7 9 9 9 9 8 8 8 8 8 6 6 6 6 6 5 3
2 3 3 3 3 3 5 5 5 5 5 6 6 6 6 6 6 6 6 6 6 6 6 8 8 8 8 8 8 8 8 7 7 9 9 9 7 9 9 7 9 7 7 9 9 7 9 9 9 9 9 8 8 8 8 8 6 6 6 6 6 5 3
2 3 3 3 3 3 5 5 5 5 5 6 6 6 6 6 6 6 6 6 6 6 6 8 8 8 8 8 8 8 8 7 7 9 9 9 7 9 9 7 9 7 7 9 9 9 9 9 9 9 9 8 8 8 8 8 6 6 6 6 6 5 3
2 3 3 3 3 3 5 5 5 5 5 6 6 6 6 6 6 6 6 6 6 6 6 8 8 8 8 8 8 8 8 7 7 9 9 9 9 9 7 7 7 7 7 9 9 7 9 9 9 9 9 8 8 8 8 8 6 6 6 6 6 5 3
2 3 3 3 3 3 5 5 5 5 5 6 6 6 6 6 6 6 6 6 6 6 6 8 8 8 8 8 8 8 8 7 7 9 9 9 9 9 7 7 9 7 7 9 9 9 7 9 9 9 9 8 8 8 8 8 6 6 6 6 6 5 3
2 3 3 3 3 3 5 5 5 5 5 6 6 6 6 6 6 6 6 6 6 6 6 8 8 8 8 8 8 8 8 7 9 9 9 9 7 7 7 7 9 7 9 9 9 9 9 7 9 9 9 8 8 8 8 8 6 6 6 6 6 5 3
2 3 3 3 3 3 5 5 5 5 5 6 6 6 6 6 6 6 6 6 6 6 6 8 8 8 8 8 8 8 8 7 9 9 9 9 7 7 9 7 9 7 9 9 9 7 7 9 9 9 9 8 8 8 8 8 6 6 6 6 6 5 3
2 3 3 3 3 3 5 5 5 5 5 6 6 6 6 6 6 6 6 6 6 6 6 8 8 8 8 8 8 8 8 7 9 9 9 9 9 9 9 7 7 5 7 9 9 7 9 9 9 9 9 8 8 8 8 8 6 6 6 6 6 5 3
2 3 3 3 3 3 5 5 5 5 5 6 6 6 6 6 6 6 6 6 6 6 6 8 8 8 8 8 8 8 8 7 9 9 9 9 9 9 9 9 9 7 9 9 9 9 11 11 11 11 11 8 10 8 10 10 8 8 8 8 8 7 5
2 3 3 3 3 3 5 5 5 5 5 6 6 6 6 6 6 6 6 6 6 6 6 8 8 8 8 8 8 8 8 7 9 9 9 9 9 9 9 9 9 7 9 9 9 9 11 11 11 11 11 8 10 10 10 8 8 8 8 8 8 7 5
2 3 3 3 3 3 5 5 5 5 5 6 6 6 6 6 6 6 6 6 6 6 6 8 8 8 8 8 8 8 8 9 7 7 9 9 9 9 9 7 9 7 7 7 9 9 9 7 7 9 9 8 8 8 8 8 6 6 6 6 6 5 3
2 3 3 3 3 3 5 5 5 5 5 6 6 6 6 6 6 6 6 6 6 6 6 8 8 8 8 8 8 8 8 9 7 7 9 9 9 9 9 7 9 7 7 7 9 9 9 7 9 7 9 8 8 8 8 8 6 6 6 6 6 5 3
2 3 3 3 3 3 5 5 5 5 5 6 6 6 6 6 6 6 6 6 6 6 8 8 8 8 8 8 8 8 8 7 7 7 7 9 9 9 9 9 9 7 7 7 7 7 9 9 9 9 9 8 8 8 8 8 6 6 6 6 6 5 3
2 3 3 3 3 3 5 5 5 5 5 6 6 6 6 6 6 6 6 6 6 6 8 8 8 8 8 8 8 8 8 7 7 7 7 9 9 9 9 9 9 7 7 7 9 7 7 9 9 9 9 8 8 8 8 8 6 6 6 6 6 5 3
2 3 3 3 3 3 5 5 5 5 5 6 6 6 6 6 6 6 6 6 6 6 8 8 8 8 8 8 8 8 8 7 7 9 7 9 9 9 7 9 7 7 7 7 9 9 7 9 9 9 9 8 8 8 8 8 6 6 6 6 6 5 3
2 3 3 3 3 3 5 5 5 5 5 6 6 6 6 6 6 6 6 6 6 6 8 8 8 8 8 8 8 8 8 7 7 9 9 7 7 9 7 9 9 7 7 9 9 9 9 9 7 9 9 8 8 8 8 8 6 6 6 6 6 5 3
2 3 3 3 3 3 5 5 5 5 5 6 6 6 6 6 6 6 6 6 6 6 8 8 8 8 8 8 8 8 8 7 7 9 9 7 7 9 9 9 9 7 7 9 9 9 9 9 7 9 9 8 8 8 8 8 6 6 6 6 6 5 3
2 3 3 3 3 3 5 5 5 5 5 6 6 6 6 6 6 6 6 6 6 6 8 8 8 8 8 8 8 8 8 7 7 9 9 9 9 9 9 9 9 7 7 9 9 11 11 11 11 11 11 8 10 10 10 10 8 8 8 8 8 7 5
2 3 3 3 3 3 5 5 5 5 5 6 6 6 6 6 6 6 6 6 6 6 8 8 8 8 8 8 8 8 8 7 9 9 9 9 7 9 9 9 9 7 9 9 11 11 9 9 11 11 9 8 10 10 8 10 8 8 8 8 8 7 5
2 3 3 3 3 3 5 5 5 5 5 6 6 6 6 6 6 6 6 6 6 6 8 8 8 8 8 8 8 8 8 9 9 9 9 9 9 9 9 9 9 7 9 9 9 9 11 9 11 11 11 10 10 10 8 8 8 8 8 8 8 7 5
2 3 3 3 3 3 5 5 5 5 5 6 6 6 6 6 6 6 6 6 6 8 8 8 8 8 8 8 8 8 8 5 7 7 7 7 9 9 9 9 9 7 9 9 9 9 11 11 11 11 11 6 6 8 8 10 8 8 8 8 8 7 5
2 3 3 3 3 3 5 5 5 5 5 6 6 6 6 6 6 6 6 6 6 8 8 8 8 8 8 8 8 8 8 5 7 9 7 9 9 9 9 9 9 7 9 11 9 11 11 11 11 9 9 6 8 10 10 10 8 8 8 8 8 7 5
2 3 3 3 3 3 5 5 5 5 5 6 6 6 6 6 6 6 6 6 6 8 8 8 8 8 8 8 8 8 8 7 7 7 7 9 9 9 9 9 7 7 9 7 7 9 9 7 9 9 9 8 8 8 8 8 6 6 6 6 6 5 3
2 3 3 3 3 3 5 5 5 5 5 6 6 6 6 6 6 6 6 6 6 8 8 8 8 8 8 8 8 8 8 7 7 7 7 9 9 9 9 9 9 9 9 7 7 7 7 7 9 9 9 8 8 8 8 8 6 6 6 6 6 5 3
2 3 3 3 3 3 5 5 5 5 5 6 6 6 6 6 6 6 6 6 6 8 8 8 8 8 8 8 8 8 8 7 7 7 7 9 9 9 9 9 9 9 9 7 7 7 7 9 9 9 9 8 8 8 8 8 6 6 6 6 6 5 3
2 3 3 3 3 3 5 5 5 5 5 6 6 6 6 6 6 6 6 6 6 8 8 8 8 8 8 8 8 8 8 7 7 7 7 9 9 9 9 9 9 9 9 7 9 7 9 9 9 9 9 8 8 8 8 8 6 6 6 6 6 5 3
2 3 3 3 3 3 5 5 5 5 5 6 6 6 6 6 6 6 6 6 6 8 8 8 8 8 8 8 8 8 8 7 7 7 9 9 9 9 9 9 9 9 9 9 7 7 7 7 7 7 9 8 8 8 8 8 6 6 6 6 6 5 3
2 3 3 3 3 3 5 5 5 5 5 6 6 6 6 6 6 6 6 6 6 8 8 8 8 8 8 8 8 8 8 7 7 9 7 9 9 9 9 9 9 7 9 9 9 9 11 9 9 11 11 8 10 10 10 10 8 8 8 8 8 7 5
2 3 3 3 3 3 5 5 5 5 5 6 6 6 6 6 6 6 6 6 6 8 8 8 8 8 8 8 8 8 8 7 7 9 7 9 9 9 9 9 9 7 9 9 9 9 11 11 9 11 11 8 10 10 10 10 8 8 8 8 8 7 5
2 3 3 3 3 3 5 5 5 5 5 6 6 6 6 6 6 6 6 6 6 8 8 8 8 8 8 8 8 8 8 7 7 9 7 9 9 9 9 9 9 7 9 9 9 11 11 9 9 11 11 8 8 10 10 10 8 8 8 8 8 7 5
2 3 3 3 3 3 5 5 5 5 5 6 6 6 6 6 6 6 6 6 6 8 8 8 8 8 8 8 8 8 8 7 7 9 7 9 9 9 9 9 9 7 9 9 9 11 11 11 9 11 11 8 8 10 10 10 8 8 8 8 8 7 5
2 3 3 3 3 3 5 5 5 5 5 6 6 6 6 6 6 6 6 6 6 8 8 8 8 8 8 8 8 8 8 7 7 9 7 9 9 9 9 9 9 9 9 11 9 11 11 9 9 9 11 8 10 10 10 8 8 8 8 8 8 7 5
2 3 3 3 3 3 5 5 5 5 5 6 6 6 6 6 6 6 6 6 6 8 8 8 8 8 8 8 8 8 8 7 7 9 7 9 9 9 9 9 9 9 9 11 9 11 11 11 9 11 11 8 8 10 10 8 8 8 8 8 8 7 5
2 3 3 3 3 3 5 5 5 5 5 6 6 6 6 6 6 6 6 6 6 8 8 8 8 8 8 8 8 8 8 7 7 9 9 9 9 9 9 9 9 7 9 9 9 9 11 11 9 11 9 8 8 10 10 10 8 8 8 8 8 7 5
2 3 3 3 3 3 5 5 5 5 5 6 6 6 6 6 6 6 6 6 6 8 8 8 8 8 8 8 8 8 8 7 7 9 9 9 9 9 9 9 9 7 9 9 9 9 11 11 9 11 11 8 8 10 10 10 8 8 8 8 8 7 5
2 3 3 3 3 3 5 5 5 5 5 6 6 6 6 6 6 6 6 6 6 8 8 8 8 8 8 8 8 8 8 7 7 9 9 9 9 9 9 9 9 9 9 11 11 9 9 11 11 11 7 8 10 10 10 10 8 8 8 8 8 7 5
2 3 3 3 3 3 5 5 5 5 5 6 6 6 6 6 6 6 6 6 6 8 8 8 8 8 8 8 8 8 8 7 7 9 9 9 9 9 9 9 9 9 9 11 11 9 11 11 11 9 7 8 10 10 10 10 8 8 8 8 8 7 5
2 3 3 3 3 3 5 5 5 5 5 6 6 6 6 6 6 6 6 6 6 8 8 8 8 8 8 8 8 8 8 7 9 9 9 9 7 9 9 9 9 7 9 11 11 11 9 9 11 9 11 8 10 10 10 10 8 8 8 8 8 7 5
2 3 3 3 3 3 5 5 5 5 5 6 6 6 6 6 6 6 6 6 6 8 8 8 8 8 8 8 8 8 8 7 9 9 9 9 9 9 9 9 9 7 9 9 9 9 11 9 11 11 11 8 8 10 10 10 8 8 8 8 8 7 5
2 3 3 3 3 3 5 5 5 5 5 6 6 6 6 6 6 6 6 6 6 8 8 8 8 8 8 8 8 8 8 7 9 9 9 9 9 9 9 9 9 7 9 9 9 9 11 11 11 11 11 8 8 10 10 10 8 8 8 8 8 7 5
2 3 3 3 3 3 5 5 5 5 5 6 6 6 6 6 6 6 6 6 6 8 8 8 8 8 8 8 8 8 8 7 9 9 9 9 9 9 9 9 9 9 9 11 9 11 7 9 11 9 11 10 10 10 10 10 8 8 8 8 8 7 5
2 3 3 3 3 3 5 5 5 5 5 6 6 6 6 6 6 6 6 6 6 8 8 8 8 8 8 8 8 8 8 7 9 9 9 9 9 9 9 9 9 9 9 11 9 11 7 11 11 9 11 8 10 10 10 10 8 8 8 8 8 7 5
2 3 3 3 3 3 5 5 5 5 5 6 6 6 6 6 6 6 6 6 6 8 8 8 8 8 8 8 8 8 8 7 9 9 9 9 9 9 9 9 9 9 9 11 9 11 7 11 11 9 11 10 10 10 10 10 8 8 8 8 8 7 5
2 3 3 3 3 3 5 5 5 5 5 6 6 6 6 6 6 6 6 6 6 8 8 8 8 8 8 8 8 8 8 7 9 9 9 9 9 9 9 9 9 9 9 11 9 11 9 11 11 9 11 8 10 8 10 10 8 8 8 8 8 7 5
2 3 3 3 3 3 5 5 5 5 5 6 6 6 6 6 6 6 6 6 6 8 8 8 8 8 8 8 8 8 8 9 9 9 9 9 9 9 9 9 9 7 9 9 9 9 11 11 11 11 11 10 10 8 10 10 8 8 8 8 8 7 5
2 3 3 3 3 3 5 5 5 5 5 6 6 6 6 6 6 6 6 6 6 8 8 8 8 8 8 8 8 8 8 9 9 9 9 9 9 9 9 9 9 7 9 9 9 9 11 11 11 11 11 10 10 10 10 10 8 8 8 8 8 7 5
2 3 3 3 3 3 5 5 5 5 5 6 6 6 6 6 6 6 6 6 6 8 8 8 8 8 8 8 8 8 8 9 9 9 9 9 9 9 9 9 9 7 9 9 9 11 9 9 11 11 11 10 10 8 8 10 8 8 8 8 8 7 5
2 3 3 3 3 3 5 5 5 5 5 6 6 6 6 6 6 6 6 6 6 8 8 8 8 8 8 8 8 8 8 9 9 9 9 9 9 9 9 9 9 9 9 9 9 9 11 11 11 11 11 8 8 8 10 10 8 8 8 8 8 7 5
2 3 3 3 3 3 5 5 5 5 5 6 6 6 6 6 6 6 6 6 6 8 8 8 8 8 8 8 8 8 8 9 9 9 9 9 9 9 9 9 9 9 9 9 9 9 11 11 11 11 11 8 8 10 10 10 8 8 8 8 8 7 5
2 3 3 3 3 3 5 5 5 5 5 6 6 6 6 6 6 6 6 6 6 8 8 8 8 8 8 8 8 8 8 9 9 9 9 9 9 9 9 9 9 9 9 9 9 11 11 11 11 11 11 8 8 10 10 10 8 8 8 8 8 7 5
2 3 3 3 3 3 5 5 5 5 5 6 6 6 6 6 6 6 6 6 6 8 8 8 8 8 8 8 8 8 8 9 9 9 9 9 9 9 9 9 9 9 9 9 11 11 11 11 11 11 11 8 8 10 8 10 8 8 8 8 8 7 5
2 3 3 3 3 3 5 5 5 5 5 6 6 6 6 6 6 6 6 6 6 8 8 8 8 8 8 8 8 8 8 9 9 9 9 9 9 9 9 9 9 9 9 9 11 11 11 11 11 11 11 8 8 10 10 10 8 8 8 8 8 7 5
2 3 3 3 3 4 5 5 5 5 6 6 6 6 7 6 6 7 6 7 7 6 6 6 9 8 8 9 8 9 9 7 9 10 9 10 10 9 8 8 8 7 7 8 7 8 8 11 10 10 10 10 9 9 9 9 8 7 7 7 7 6 4
2 3 3 3 3 4 5 5 5 5 6 6 6 6 7 6 6 7 6 7 7 6 6 6 9 8 8 9 8 9 9 9 9 10 9 10 10 9 10 10 10 7 7 10 7 10 10 11 10 10 10 10 9 9 9 9 8 7 7 7 7 6 4
2 3 3 3 3 4 5 5 5 5 6 6 6 6 7 6 6 7 6 7 7 6 6 8 9 8 8 9 8 9 9 7 9 8 9 10 8 9 10 8 10 7 9 8 9 10 10 11 10 10 10 10 9 9 9 9 8 7 7 7 7 6 4
2 3 3 3 3 4 5 5 5 5 6 6 6 6 7 6 6 7 6 7 7 6 6 8 9 8 8 9 8 9 9 7 9 10 9 10 8 9 10 8 8 7 9 10 9 10 10 11 8 10 10 10 9 9 9 9 8 7 7 7 7 6 4
2 3 3 3 3 4 5 5 5 5 6 6 6 6 7 6 6 7 6 7 7 6 8 8 7 8 8 7 8 9 9 9 9 10 9 10 10 9 10 10 10 7 9 8 9 8 10 9 10 10 10 10 9 9 9 9 8 7 7 7 7 6 4
2 3 3 3 3 4 5 5 5 5 6 6 6 6 7 6 6 7 6 7 7 6 8 8 7 8 8 7 8 9 9 9 9 10 9 10 10 9 10 10 10 7 9 8 9 8 10 11 8 10 10 10 9 9 9 9 8 7 7 7 7 6 4
2 3 3 3 3 4 5 5 5 5 6 6 6 6 7 6 6 7 6 7 7 6 8 8 7 8 8 9 8 9 9 7 9 6 9 8 10 9 10 10 10 7 9 6 11 8 10 11 10 10 10 10 7 9 9 9 8 7 7 7 7 6 4
2 3 3 3 3 4 5 5 5 5 6 6 6 6 7 6 6 7 6 7 7 6 8 8 7 8 8 9 8 9 9 7 9 8 9 8 10 9 10 8 10 7 9 8 11 8 10 11 10 10 10 10 7 9 9 9 8 7 7 7 7 6 4
2 3 3 3 3 4 5 5 5 5 6 6 6 6 7 6 6 7 6 7 7 6 8 8 7 8 8 9 8 9 9 9 9 8 9 10 10 9 8 10 10 9 7 8 11 10 8 11 10 8 10 10 9 9 9 9 8 7 7 7 7 6 4
2 3 3 3 3 4 5 5 5 5 6 6 6 6 7 6 6 7 6 7 7 6 8 8 7 8 8 9 8 9 9 9 9 8 9 10 10 9 10 10 10 9 9 8 11 8 8 11 8 8 10 10 9 9 9 9 8 7 7 7 7 6 4
2 3 3 3 3 4 5 5 5 5 6 6 6 6 7 6 6 7 6 7 7 8 8 8 5 8 8 7 8 7 9 9 9 8 9 8 10 9 10 10 10 11 11 6 11 6 8 11 8 10 10 10 9 9 9 9 8 7 7 7 7 6 4
2 3 3 3 3 4 5 5 5 5 6 6 6 6 7 6 6 7 6 7 7 8 8 8 7 8 8 7 8 9 9 9 9 6 7 8 10 9 8 10 10 11 11 6 9 8 10 9 8 10 10 10 7 9 9 9 8 7 7 7 7 6 4
2 3 3 3 3 4 5 5 5 5 6 6 6 6 7 6 6 7 6 7 7 8 8 8 7 8 8 7 8 9 9 9 9 6 7 10 10 9 8 10 10 9 11 6 9 10 10 11 8 10 10 10 7 9 9 9 8 7 7 7 7 6 4
2 3 3 3 3 4 5 5 5 5 6 6 6 6 7 6 6 7 6 7 7 8 8 8 7 8 8 7 8 9 9 9 9 6 9 8 8 9 8 8 10 11 11 6 11 8 8 11 8 8 10 10 7 7 9 9 8 7 7 7 7 6 4
2 3 3 3 3 4 5 5 5 5 6 6 6 6 7 6 6 7 6 7 7 8 8 8 7 8 8 7 8 9 9 9 9 6 9 8 8 9 10 10 10 9 9 6 11 8 8 11 10 10 10 10 7 7 9 9 8 7 7 7 7 6 4
2 3 3 3 3 4 5 5 5 5 6 6 6 6 7 6 6 7 6 7 7 8 8 8 7 8 8 7 8 9 9 9 9 6 9 8 10 9 8 10 10 11 11 6 9 8 8 9 8 10 10 10 7 9 9 9 8 7 7 7 7 6 4
2 3 3 3 3 4 5 5 5 5 6 6 6 6 7 6 6 7 6 7 7 8 8 8 7 8 8 7 8 9 9 9 9 6 9 8 10 9 8 10 10 11 11 6 9 8 10 9 8 10 10 10 7 9 9 9 8 7 7 7 7 6 4
2 3 3 3 3 4 5 5 5 5 6 6 6 6 7 6 6 7 6 7 7 8 8 8 7 8 8 7 8 9 9 9 9 6 9 8 10 9 10 10 8 9 11 6 11 8 10 9 10 10 10 10 7 9 9 9 8 7 7 7 7 6 4
2 3 3 3 3 4 5 5 5 5 6 6 6 6 7 6 6 7 6 7 7 8 8 8 7 8 8 7 8 9 9 9 9 8 9 10 10 9 10 10 8 7 11 8 11 8 10 11 8 10 10 10 9 9 9 9 8 7 7 7 7 6 4
2 3 3 3 3 4 5 5 5 5 6 6 6 6 7 6 6 7 6 7 7 8 8 8 7 8 8 7 8 9 9 9 9 8 9 10 10 9 10 10 8 9 11 6 9 8 10 11 8 10 10 8 9 9 9 9 8 7 7 7 7 6 4
2 3 3 3 3 4 5 5 5 5 6 6 6 6 7 6 6 7 6 7 7 8 8 8 7 8 8 7 8 9 9 9 9 8 9 10 10 9 10 10 10 7 11 8 9 8 10 11 8 10 10 10 9 9 9 9 8 7 7 7 7 6 4
2 3 3 3 3 4 5 5 5 5 6 6 6 6 7 6 6 7 6 7 7 8 8 8 7 8 8 7 8 9 9 9 9 8 9 10 10 9 10 10 10 9 11 6 9 8 8 11 8 10 10 8 9 9 9 9 8 7 7 7 7 6 4
2 3 3 3 3 4 5 5 5 5 6 6 6 6 7 6 6 7 6 7 7 8 8 8 7 8 8 7 8 9 9 9 9 8 9 10 10 9 10 10 10 9 11 6 9 8 10 11 8 8 10 8 9 9 9 9 8 7 7 7 7 6 4
2 3 3 3 3 4 5 5 5 5 6 6 6 6 7 6 6 7 6 7 7 8 8 8 7 8 8 7 8 9 9 9 9 10 7 8 10 9 10 10 8 11 11 8 9 8 10 9 10 8 10 8 9 9 9 9 8 7 7 7 7 6 4
2 3 3 3 3 4 5 5 5 5 6 6 6 6 7 6 6 7 6 7 7 8 8 8 7 8 8 7 8 9 9 9 9 10 9 10 10 9 10 10 10 11 11 8 9 8 8 11 8 10 8 8 9 9 9 9 8 7 7 7 7 6 4
2 3 3 3 3 4 5 5 5 5 6 6 6 6 7 6 6 7 6 7 7 8 8 8 7 8 8 9 8 9 9 7 9 6 9 8 10 9 10 10 8 9 11 6 11 8 10 9 10 10 10 10 7 9 9 9 8 7 7 7 7 6 4
2 3 3 3 3 4 5 5 5 5 6 6 6 6 7 6 6 7 6 7 7 8 8 8 7 8 8 9 8 9 9 7 9 6 9 8 10 9 10 10 10 9 11 6 11 8 8 9 10 10 10 10 7 9 9 9 8 7 7 7 7 6 4
2 3 3 3 3 4 5 5 5 5 6 6 6 6 7 6 6 7 6 7 7 8 8 8 7 8 8 9 8 9 9 7 9 8 9 10 10 9 8 10 10 9 11 8 9 10 8 9 10 10 10 10 9 9 9 7 8 7 7 7 7 6 4
2 3 3 3 3 4 5 5 5 5 6 6 6 6 7 6 6 7 6 7 7 8 8 8 7 8 8 9 8 9 9 7 9 8 9 10 10 9 8 10 10 9 11 8 9 10 8 11 10 10 10 8 9 9 9 7 8 7 7 7 7 6 4
2 3 3 3 3 4 5 5 5 5 6 6 6 6 7 6 6 7 6 7 7 8 8 8 7 8 8 9 8 9 9 7 9 8 9 10 10 9 8 10 10 9 11 8 11 10 10 9 10 10 10 10 9 9 9 7 8 7 7 7 7 6 4
2 3 3 3 3 4 5 5 5 5 6 6 6 6 7 6 6 7 6 7 7 8 8 8 7 8 8 9 8 9 9 7 9 8 9 10 10 9 8 10 10 9 11 8 11 10 10 11 10 10 10 8 9 9 9 7 8 7 7 7 7 6 4
2 3 3 3 3 4 5 5 5 5 6 6 6 6 7 6 6 7 6 7 7 8 8 8 7 8 8 9 8 9 9 7 9 8 9 10 10 9 10 10 10 9 11 8 9 10 8 9 10 8 10 8 9 9 9 9 8 7 7 7 7 6 4
2 3 3 3 3 4 5 5 5 5 6 6 6 6 7 6 6 7 6 7 7 8 8 8 7 8 8 9 8 9 9 7 9 10 9 10 10 9 10 10 10 9 9 10 11 10 10 9 10 8 8 8 9 9 9 9 8 7 7 7 7 6 4
2 3 3 3 3 4 5 5 5 5 6 6 6 6 7 6 6 7 6 7 7 8 8 8 7 8 8 9 8 9 9 9 9 6 9 8 10 9 8 10 8 9 11 6 11 8 10 9 10 10 10 10 7 9 9 9 8 7 7 7 7 6 4
2 3 3 3 3 4 5 5 5 5 6 6 6 6 7 6 6 7 6 7 7 8 8 8 7 8 8 9 8 9 9 9 9 6 9 8 10 9 10 10 8 9 11 6 9 8 10 9 10 10 10 10 7 9 9 9 8 7 7 7 7 6 4
2 3 3 3 3 4 5 5 5 5 6 6 6 6 7 6 6 7 6 7 7 8 8 8 7 8 8 9 8 9 9 9 9 6 9 8 10 9 10 10 8 9 11 6 11 8 10 9 10 10 8 10 7 9 9 9 8 7 7 7 7 6 4
2 3 3 3 3 4 5 5 5 5 6 6 6 6 7 6 6 7 6 7 7 8 8 8 7 8 8 9 8 9 9 9 9 8 9 8 10 7 10 8 8 11 9 8 11 8 10 7 10 10 10 10 9 9 9 9 8 7 7 7 7 6 4
2 3 3 3 3 4 5 5 5 5 6 6 6 6 7 6 6 7 6 7 7 8 8 8 7 8 8 9 8 9 9 9 9 8 9 8 10 7 10 8 8 11 11 8 11 8 10 7 10 8 10 10 9 9 9 9 8 7 7 7 7 6 4
2 3 3 3 3 4 5 5 5 5 6 6 6 6 7 6 6 7 6 7 7 8 8 8 7 8 8 9 8 9 9 9 9 8 9 8 10 7 10 8 8 11 11 8 11 8 10 7 10 10 10 8 9 9 9 9 8 7 7 7 7 6 4
2 3 3 3 3 4 5 5 5 5 6 6 6 6 7 6 6 7 6 7 7 8 8 8 7 8 8 9 8 9 9 9 9 8 9 8 10 7 10 8 8 11 11 8 11 8 10 7 10 10 10 10 9 9 9 7 8 7 7 7 7 6 4
2 3 3 3 3 4 5 5 5 5 6 6 6 6 7 6 6 7 6 7 7 8 8 8 7 8 8 9 8 9 9 9 9 8 9 8 10 7 10 8 8 11 11 8 11 8 10 7 10 10 10 10 9 9 9 9 8 7 7 7 7 6 4
2 3 3 3 3 4 5 5 5 5 6 6 6 6 7 6 6 7 6 7 7 8 8 8 7 8 8 9 8 9 9 9 9 8 9 8 10 7 10 8 10 9 11 8 11 8 10 7 10 10 8 10 9 9 9 9 8 7 7 7 7 6 4
2 3 3 3 3 4 5 5 5 5 6 6 6 6 7 6 6 7 6 7 7 8 8 8 7 8 8 9 8 9 9 9 9 8 9 8 10 7 10 8 10 9 11 8 11 8 10 7 10 10 10 10 9 9 9 7 8 7 7 7 7 6 4
2 3 3 3 3 4 5 5 5 5 6 6 6 6 7 6 6 7 6 7 7 8 8 8 7 8 8 9 8 9 9 9 9 8 9 8 10 9 8 8 8 11 11 8 11 8 10 11 10 10 10 8 9 9 9 7 8 7 7 7 7 6 4
2 3 3 3 3 4 5 5 5 5 6 6 6 6 7 6 6 7 6 7 7 8 8 8 7 8 8 9 8 9 9 9 9 8 9 8 10 9 8 10 10 11 9 8 9 8 10 11 10 10 10 8 9 9 9 7 8 7 7 7 7 6 4
2 3 3 3 3 4 5 5 5 5 6 6 6 6 7 6 6 7 6 7 7 8 8 8 7 8 8 9 8 9 9 9 9 8 9 8 10 9 8 10 10 11 11 8 11 8 8 11 8 8 10 10 9 9 9 9 8 7 7 7 7 6 4
2 3 3 3 3 4 5 5 5 5 6 6 6 6 7 6 6 7 6 7 7 8 8 8 7 8 8 9 8 9 9 9 9 8 9 8 10 9 8 10 10 11 11 8 11 8 8 11 10 8 8 10 9 9 9 9 8 7 7 7 7 6 4
2 3 3 3 3 4 5 5 5 5 6 6 6 6 7 6 6 7 6 7 7 8 8 8 7 8 8 9 8 9 9 9 9 8 9 8 10 9 8 10 10 11 11 8 11 8 10 11 10 10 10 8 9 9 9 7 8 7 7 7 7 6 4
2 3 3 3 3 4 5 5 5 5 6 6 6 6 7 6 6 7 6 7 7 8 8 8 7 8 8 9 8 9 9 9 9 8 9 8 10 9 10 10 10 11 9 8 9 8 10 9 10 8 10 8 9 9 9 9 8 7 7 7 7 6 4
2 3 3 3 3 4 5 5 5 5 6 6 6 6 7 6 6 7 6 7 7 8 8 8 7 8 8 9 8 9 9 9 9 8 9 10 10 7 8 10 10 11 9 8 9 10 10 7 10 10 10 10 9 9 9 7 8 7 7 7 7 6 4
2 3 3 3 3 4 5 5 5 5 6 6 6 6 7 6 6 7 6 7 7 8 8 8 7 8 8 9 8 9 9 9 9 8 9 10 10 7 10 10 10 11 11 8 11 8 10 7 8 10 10 10 9 9 9 9 8 7 7 7 7 6 4
2 3 3 3 3 4 5 5 5 5 6 6 6 6 7 6 6 7 6 7 7 8 8 8 7 8 8 9 8 9 9 9 9 8 9 10 10 9 10 10 10 11 11 8 9 8 8 9 8 10 8 10 9 9 9 9 8 7 7 7 7 6 4
2 3 3 3 3 4 5 5 5 5 6 6 6 6 7 6 6 7 6 7 7 8 8 8 7 8 8 9 8 9 9 9 9 8 9 10 10 9 10 10 10 11 11 8 11 8 10 9 8 10 8 8 9 9 9 9 8 7 7 7 7 6 4
2 3 3 3 3 4 5 5 5 5 6 6 6 6 7 6 6 7 6 7 7 8 8 8 7 8 8 9 8 9 9 9 9 10 9 10 10 9 8 8 8 9 9 10 11 10 10 9 10 10 10 8 9 9 9 9 8 7 7 7 7 6 4
2 3 3 3 3 4 5 5 5 5 6 6 6 6 7 6 6 7 6 7 7 8 8 8 7 8 8 9 8 9 9 9 9 10 9 10 10 9 10 10 10 9 11 8 11 10 10 9 8 8 10 8 9 9 9 9 8 7 7 7 7 6 4
2 3 3 3 3 4 5 5 5 5 6 6 6 6 7 6 6 7 6 7 7 8 8 8 7 8 8 9 8 9 9 9 9 10 9 10 10 9 10 10 10 11 11 8 11 8 8 9 8 8 10 8 9 9 9 9 8 7 7 7 7 6 4
2 3 3 3 3 4 5 5 5 5 6 6 6 6 7 6 6 7 6 7 7 8 8 8 7 8 8 9 8 9 9 9 9 10 9 10 10 9 10 10 10 11 11 8 11 10 10 9 8 8 10 8 9 9 9 9 8 7 7 7 7 6 4
2 3 3 3 3 4 5 5 5 5 6 6 6 6 7 6 6 7 6 7 7 8 8 8 9 8 8 9 8 9 9 7 7 8 9 8 10 9 10 10 8 9 7 10 9 10 10 11 10 10 10 8 9 9 9 9 8 7 7 7 7 6 4
2 3 3 3 3 4 5 5 5 5 6 6 6 6 7 6 6 7 6 7 7 8 8 8 9 8 8 9 8 9 9 7 7 10 9 8 8 9 8 10 10 9 9 10 11 8 8 11 8 10 10 8 9 9 9 9 8 7 7 7 7 6 4
2 3 3 3 3 4 5 5 5 5 6 6 6 6 7 6 6 7 6 7 7 8 8 8 9 8 8 9 8 9 9 7 9 8 9 8 8 9 10 10 10 7 11 8 11 8 10 11 8 10 10 10 9 9 9 9 8 7 7 7 7 6 4
2 3 3 3 3 4 5 5 5 5 6 6 6 6 7 6 6 7 6 7 7 8 8 8 9 8 8 9 8 9 9 7 9 8 9 8 10 9 10 8 8 9 11 8 11 8 10 9 10 8 10 10 9 9 9 9 8 7 7 7 7 6 4
2 3 3 3 3 4 5 5 5 5 6 6 6 6 7 6 6 7 6 7 7 8 8 8 9 8 8 9 8 9 9 7 9 8 9 8 10 9 10 8 10 7 11 8 11 8 10 11 8 10 10 10 9 9 9 9 8 7 7 7 7 6 4
2 3 3 3 3 4 5 5 5 5 6 6 6 6 7 6 6 7 6 7 7 8 8 8 9 8 8 9 8 9 9 7 9 8 9 8 10 9 10 10 10 9 11 8 11 8 10 11 8 8 10 10 9 9 9 9 8 7 7 7 7 6 4
2 3 3 3 3 4 5 5 5 5 6 6 6 6 7 6 6 7 6 7 7 8 8 8 9 8 8 9 8 9 9 7 9 8 9 8 10 9 10 10 10 9 11 8 11 10 10 11 8 8 10 10 9 9 9 9 8 7 7 7 7 6 4
2 3 3 3 3 4 5 5 5 5 6 6 6 6 7 6 6 7 6 7 7 8 8 8 9 8 8 9 8 9 9 9 9 8 9 8 8 9 8 10 10 7 11 8 11 8 10 11 8 10 10 10 9 9 9 9 8 7 7 7 7 6 4
2 3 3 3 3 4 5 5 5 5 6 6 6 6 7 6 6 7 6 7 7 8 8 8 9 8 8 9 8 9 9 9 9 8 9 8 8 9 8 10 10 11 9 10 11 10 8 9 10 8 10 10 9 9 9 9 8 7 7 7 7 6 4
2 3 3 3 3 4 5 5 5 5 6 6 6 6 7 6 6 7 6 7 7 8 8 8 9 8 8 9 8 9 9 9 9 8 9 8 8 9 8 10 10 11 11 8 11 10 8 11 8 8 10 10 9 9 9 9 8 7 7 7 7 6 4
2 3 3 3 3 4 5 5 5 5 6 6 6 6 7 6 6 7 6 7 7 8 8 8 9 8 8 9 8 9 9 9 9 8 9 8 8 9 8 10 10 11 11 10 11 10 8 11 10 8 8 10 9 9 9 9 8 7 7 7 7 6 4
2 3 3 3 3 4 5 5 5 5 6 6 6 6 7 6 6 7 6 7 7 8 8 8 9 8 8 9 8 9 9 9 9 8 9 8 10 9 8 10 10 11 9 10 9 10 8 11 10 10 10 8 9 9 9 9 8 7 7 7 7 6 4
2 3 3 3 3 4 5 5 5 5 6 6 6 6 7 6 6 7 6 7 7 8 8 8 9 8 8 9 8 9 9 9 9 8 9 8 10 9 8 10 10 11 9 10 9 10 8 11 10 10 10 10 9 9 9 9 8 7 7 7 7 6 4
2 3 3 3 3 4 5 5 5 5 6 6 6 6 7 6 6 7 6 7 7 8 8 8 9 8 8 9 8 9 9 9 9 8 9 8 10 9 8 10 10 11 9 10 11 10 8 11 10 8 8 10 9 9 9 9 8 7 7 7 7 6 4
2 3 3 3 3 4 5 5 5 5 6 6 6 6 7 6 6 7 6 7 7 8 8 8 9 8 8 9 8 9 9 9 9 8 9 8 10 9 8 10 10 11 11 8 11 8 8 11 10 10 10 10 9 9 9 9 8 7 7 7 7 6 4
2 3 3 3 3 4 5 5 5 5 6 6 6 6 7 6 6 7 6 7 7 8 8 8 9 8 8 9 8 9 9 9 9 8 9 8 10 9 8 10 10 11 11 10 11 10 8 11 10 8 8 10 9 9 9 9 8 7 7 7 7 6 4
2 3 3 3 3 4 5 5 5 5 6 6 6 6 7 6 6 7 6 7 7 8 8 8 9 8 8 9 8 9 9 9 9 10 9 10 10 9 10 10 10 9 9 8 11 12 12 11 12 12 12 12 11 11 11 11 10 9 9 9 9 8 6
2 3 3 3 3 4 5 5 5 5 6 6 6 6 7 6 6 7 6 7 7 8 8 8 9 8 8 9 8 9 9 9 9 10 9 10 10 9 10 10 10 9 9 10 9 10 12 11 12 12 12 10 9 11 11 11 10 9 9 9 9 8 6
2 3 3 3 4 4 5 5 5 6 6 6 6 7 7 6 7 7 7 7 8 6 6 7 9 8 9 9 9 9 10 7 8 10 8 10 11 10 10 11 11 7 8 10 8 10 11 12 12 11 11 9 11 10 10 10 9 9 8 8 8 7 5
2 3 3 3 4 4 5 5 5 6 6 6 6 7 7 6 7 7 7 7 8 6 6 7 9 8 9 9 9 9 10 9 10 10 10 10 11 10 10 11 11 7 8 10 8 10 11 12 12 11 11 11 11 10 10 10 9 9 8 8 8 7 5
2 3 3 3 4 4 5 5 5 6 6 6 6 7 7 6 7 7 7 7 8 6 8 7 9 8 9 9 9 9 10 9 6 8 10 10 9 10 10 11 11 9 6 8 10 12 9 12 12 11 11 9 11 8 10 10 9 9 8 8 8 7 5
2 3 3 3 4 4 5 5 5 6 6 6 6 7 7 6 7 7 7 7 8 8 8 7 9 8 9 9 9 9 10 9 8 8 10 8 9 10 8 9 9 11 8 10 10 10 9 12 8 11 11 11 9 8 10 10 9 9 8 8 8 7 5
2 3 3 3 4 4 5 5 5 6 6 6 6 7 7 6 7 7 7 7 8 8 8 7 9 8 9 9 9 9 10 9 8 10 10 10 7 10 10 11 11 11 8 12 10 12 7 12 12 11 11 11 11 8 10 10 9 9 8 8 8 7 5
2 3 3 3 4 4 5 5 5 6 6 6 6 7 7 6 7 7 7 7 8 8 8 7 9 8 9 9 9 9 10 9 8 10 10 10 11 10 8 11 9 11 8 12 10 12 11 12 8 11 9 11 11 10 10 8 9 9 8 8 8 7 5
2 3 3 3 4 4 5 5 5 6 6 6 6 7 7 6 7 7 7 7 8 8 8 9 9 8 9 9 9 9 8 7 8 10 10 10 11 10 10 11 9 9 10 12 12 10 9 12 12 11 7 9 11 10 10 10 9 9 8 8 8 7 5
2 3 3 3 4 4 5 5 5 6 6 6 6 7 7 6 7 7 7 7 8 8 8 9 9 8 9 9 9 9 8 7 10 10 10 10 9 10 10 9 11 7 12 12 10 12 9 10 12 9 11 9 11 10 10 10 9 9 8 8 8 7 5
2 3 3 3 4 4 5 5 5 6 6 6 6 7 7 6 7 7 7 7 8 8 8 9 9 8 9 9 9 9 10 9 6 8 10 10 9 10 10 11 11 11 8 10 12 12 11 12 10 11 9 9 11 8 10 10 9 9 8 8 8 7 5
2 3 3 3 4 4 5 5 5 6 6 6 6 7 7 6 7 7 7 7 8 8 8 9 9 8 9 9 9 9 10 9 8 8 8 10 7 8 10 9 9 11 10 10 10 12 9 8 12 11 11 9 11 6 8 10 9 9 8 8 8 7 5
2 3 3 3 4 5 5 5 5 6 7 6 6 7 8 6 7 8 7 8 9 6 6 9 8 8 9 10 9 10 11 9 10 11 10 11 12 10 11 12 12 7 10 9 10 9 12 12 13 12 12 13 12 11 11 11 11 10 9 9 9 8 6
2 3 3 3 5 5 5 5 5 7 7 6 6 8 8 6 8 8 8 8 10 8 8 10 10 8 10 10 10 10 8 7 9 11 11 11 11 11 11 13 9 9 11 13 13 11 9 13 13 11 7 10 12 10 10 10 10 10 8 8 8 7 5
2 3 3 3 5 6 5 5 5 7 8 6 6 8 9 6 8 9 8 9 11 8 8 10 9 8 10 11 10 11 13 9 11 12 11 12 14 11 12 14 14 9 11 10 11 10 12 13 14 12 12 14 13 11 11 11 12 11 9 9 9 8 6
2 3 3 4 4 4 5 5 6 6 6 6 7 7 7 7 7 7 8 8 8 6 9 9 9 9 9 9 10 10 10 8 8 10 11 11 11 11 11 11 12 8 8 10 11 13 13 13 13 13 12 10 12 12 11 11 10 10 10 9 9 8 6
2 3 3 4 4 4 5 5 6 6 6 6 7 7 7 7 7 7 8 8 8 8 7 9 9 7 9 9 6 10 10 8 10 8 9 11 9 9 11 9 10 8 12 10 7 9 11 7 9 11 8 10 10 10 9 9 8 8 8 7 7 6 4
2 3 3 4 4 4 5 5 6 6 6 6 7 7 7 7 7 7 8 8 8 8 7 9 9 7 9 9 10 10 8 6 10 10 9 11 9 9 11 9 12 6 12 12 9 11 9 9 11 9 10 8 10 10 9 9 8 8 8 7 7 6 4
2 3 3 4 4 4 5 5 6 6 6 6 7 7 7 7 7 7 8 8 8 8 7 9 9 9 9 9 8 10 10 8 10 10 7 9 11 9 11 11 10 8 12 12 7 9 11 9 11 11 10 8 10 10 9 9 8 8 8 7 7 6 4
2 3 3 4 4 4 5 5 6 6 6 6 7 7 7 7 7 7 8 8 8 8 9 9 9 9 9 9 10 10 10 6 8 10 9 11 11 11 11 11 12 8 10 12 11 13 13 13 13 11 10 8 10 12 11 11 10 10 10 9 9 8 6
2 3 3 4 4 5 5 5 6 6 7 6 7 7 8 7 7 8 8 9 9 8 7 9 8 9 9 10 10 11 11 8 10 9 11 8 12 11 12 12 13 8 12 9 11 8 12 13 12 12 11 12 9 11 10 10 10 9 9 8 8 7 5
2 3 3 4 4 5 5 5 6 6 7 6 7 7 8 7 7 8 8 9 9 8 9 9 8 9 9 10 10 11 11 10 10 7 11 10 10 11 12 12 13 10 10 7 13 10 10 13 12 12 11 12 9 9 10 10 10 9 9 8 8 7 5
2 3 3 4 4 5 5 5 6 6 7 6 7 7 8 7 7 8 8 9 9 8 9 9 8 9 9 10 10 11 11 10 10 11 11 10 12 9 8 12 11 12 12 11 13 10 10 9 10 10 9 12 9 11 10 10 10 9 9 8 8 7 5
2 3 3 5 5 5 5 5 7 7 7 6 8 8 8 8 8 8 10 10 10 8 8 10 10 10 10 10 12 12 12 9 11 11 11 13 13 13 13 13 15 9 11 13 11 13 15 15 15 15 13 12 14 14 12 12 12 12 12 10 10 9 7
2 3 3 5 5 5 5 5 7 7 7 6 8 8 8 8 8 8 10 10 10 8 10 10 10 10 10 10 12 12 12 9 11 11 13 13 13 13 13 13 15 9 11 11 13 13 15 15 15 15 13 12 12 14 12 12 12 12 12 10 10 9 7
2 3 3 5 5 5 5 5 7 7 7 6 8 8 8 8 8 8 10 10 10 8 10 10 10 10 10 10 12 12 12 11 11 11 13 13 13 13 13 13 15 9 11 11 13 13 15 15 15 15 13 14 14 14 12 12 12 12 12 10 10 9 7
2 3 3 5 5 6 5 5 7 7 8 6 8 8 9 8 8 9 10 11 11 8 10 10 11 10 10 11 12 13 13 11 11 12 13 14 14 13 14 14 16 11 11 10 15 16 16 15 16 16 14 16 15 15 13 13 14 13 13 11 11 10 8
2 3 4 4 4 4 5 6 6 6 6 7 7 7 7 8 8 8 8 8 8 7 9 9 9 8 10 10 10 10 10 7 9 9 11 11 11 10 10 12 12 7 9 9 13 13 13 10 10 12 12 9 9 11 11 10 9 9 9 9 8 7 5
2 3 4 4 4 4 5 6 6 6 6 7 7 7 7 8 8 8 8 8 8 9 9 9 9 8 10 10 10 10 8 7 11 11 11 11 9 10 12 10 12 7 13 13 11 13 9 10 12 10 12 9 11 11 11 10 9 9 9 9 8 7 5
2 3 4 4 4 4 5 6 6 6 6 7 7 7 7 8 8 8 8 8 8 9 9 9 9 10 10 10 10 10 10 7 9 9 9 9 11 8 8 10 10 9 11 11 11 11 13 10 10 12 12 7 7 11 11 8 9 9 9 9 8 7 5
2 3 4 4 4 4 5 6 6 6 6 7 7 7 7 8 8 8 8 8 8 9 9 9 9 10 10 10 10 10 10 11 11 11 11 11 11 8 10 10 12 11 11 13 13 13 13 8 10 10 12 9 11 11 11 8 9 9 9 9 8 7 5
2 3 4 4 4 5 5 6 6 6 7 7 7 7 8 8 8 9 8 9 9 7 9 9 10 10 10 11 10 11 11 9 11 8 11 12 12 12 13 13 13 9 11 8 13 14 14 14 13 13 13 13 10 12 12 11 11 10 10 10 9 8 6
2 3 4 4 5 5 5 6 6 7 7 7 7 8 8 8 9 9 9 9 10 9 9 10 10 10 9 11 11 9 12 11 8 12 12 10 13 11 13 14 10 11 8 14 14 10 13 11 13 12 10 10 12 11 11 10 10 10 9 9 8 7 5
2 3 4 5 6 6 5 6 7 8 8 7 8 9 9 9 10 10 11 11 12 9 8 11 11 11 12 12 13 13 14 10 13 13 12 14 15 15 15 16 17 10 13 15 12 14 17 17 17 16 15 14 16 15 14 13 14 14 13 12 11 10 8
2 3 5 5 7 7 5 7 7 9 9 8 8 10 10 10 12 12 12 12 14 10 10 12 12 12 14 14 14 14 16 13 15 15 15 15 17 17 17 19 19 11 15 15 15 15 19 19 19 17 17 18 18 16 16 14 16 16 14 14 12 11 9
2 4 4 4 4 5 6 6 6 6 7 8 8 8 9 8 8 9 8 9 9 8 10 10 9 10 10 11 10 11 11 10 10 7 12 11 11 12 13 13 13 10 10 7 14 11 11 14 13 13 13 12 9 9 11 11 10 9 9 9 9 7 5
2 4 4 5 5 5 6 6 7 7 7 8 9 9 9 9 9 9 10 10 10 8 11 11 11 11 11 11 12 12 12 9 11 11 14 14 14 14 14 14 15 9 11 11 14 14 16 16 16 16 15 12 12 14 13 13 12 12 12 11 11 9 7
2 4 4 5 5 5 6 6 7 7 7 8 9 9 9 9 9 9 10 10 10 10 9 11 11 11 9 11 12 10 12 11 11 13 14 8 14 14 12 10 15 11 11 15 14 8 14 14 12 10 13 12 10 12 11 11 10 10 10 9 9 7 5
2 4 4 5 6 6 6 6 7 8 8 8 9 10 10 9 10 10 11 11 12 10 11 12 12 11 12 12 13 13 14 13 10 12 15 15 14 15 15 16 17 13 10 12 15 17 14 17 17 16 15 13 15 12 13 13 13 13 12 11 11 9 7
2 4 5 5 5 5 6 7 7 7 7 9 9 9 9 10 10 10 10 10 10 11 11 11 11 10 12 12 12 12 12 12 14 14 14 14 14 9 11 13 15 12 14 16 16 16 16 9 11 13 15 11 13 13 13 10 11 11 11 11 10 8 6
2 5 5 5 6 6 7 7 7 8 8 10 10 11 11 10 11 11 11 11 12 10 12 13 13 12 13 13 13 13 14 13 10 12 16 16 15 16 16 17 17 13 10 12 16 18 15 18 18 17 17 13 15 12 14 14 13 13 12 12 12 9 7
3 3 3 3 3 3 6 6 6 6 6 6 6 6 6 6 6 6 6 6 6 5 7 9 9 7 9 9 9 9 9 9 9 9 9 9 9 9 9 9 9 6 8 8 10 10 12 10 10 12 12 12 12 12 10 10 9 9 9 9 9 9 6
3 3 3 3 3 3 6 6 6 6 6 6 6 6 6 6 6 6 6 6 6 7 7 7 7 9 9 9 9 9 9 9 9 9 9 9 9 9 9 9 9 8 8 8 8 8 8 12 12 12 12 12 12 12 12 12 9 9 9 9 9 9 6
3 3 3 3 3 3 6 6 6 6 6 6 6 6 6 6 6 6 6 6 6 7 7 7 9 9 9 9 9 9 9 9 9 9 9 9 9 9 9 9 9 8 8 10 8 10 10 10 12 12 12 12 12 12 12 12 9 9 9 9 9 9 6
3 3 3 3 3 3 6 6 6 6 6 6 6 6 6 6 6 6 6 6 6 7 7 9 9 7 9 9 9 9 9 9 7 9 9 9 7 9 9 9 9 8 8 10 10 8 10 10 8 10 10 10 10 8 8 10 7 7 7 7 7 7 4
3 3 3 3 3 3 6 6 6 6 6 6 6 6 6 6 6 6 6 6 6 7 7 9 9 7 9 9 9 9 9 9 9 9 9 9 7 9 9 9 9 6 8 10 8 10 10 8 10 10 10 10 10 8 10 8 7 7 7 7 7 7 4
3 3 3 3 3 3 6 6 6 6 6 6 6 6 6 6 6 6 6 6 6 7 7 9 9 7 9 9 9 9 9 9 9 9 9 9 9 9 9 9 9 6 8 8 8 10 10 8 10 10 10 10 10 8 8 10 7 7 7 7 7 7 4
3 3 3 3 3 3 6 6 6 6 6 6 6 6 6 6 6 6 6 6 6 7 7 9 9 7 9 9 9 9 9 9 9 9 9 9 9 9 9 9 9 6 8 8 8 10 10 8 10 10 10 10 10 10 8 8 7 7 7 7 7 7 4
3 3 3 3 3 3 6 6 6 6 6 6 6 6 6 6 6 6 6 6 6 7 7 9 9 7 9 9 9 9 9 9 9 9 9 9 9 9 9 9 9 8 8 10 8 10 10 10 10 10 10 8 10 8 10 10 7 7 7 7 7 7 4
3 3 3 3 3 3 6 6 6 6 6 6 6 6 6 6 6 6 6 6 6 7 7 9 9 9 7 9 9 9 9 9 9 9 9 7 9 9 9 9 9 8 8 10 10 8 10 10 10 8 8 10 10 8 8 10 7 7 7 7 7 7 4
3 3 3 3 3 3 6 6 6 6 6 6 6 6 6 6 6 6 6 6 6 7 7 9 9 9 9 9 9 9 9 9 9 9 9 9 9 9 9 9 9 8 10 10 10 10 12 12 12 10 10 12 12 12 12 8 9 9 9 9 9 9 6
3 3 3 3 3 3 6 6 6 6 6 6 6 6 6 6 6 6 6 6 6 7 9 9 9 9 9 9 7 9 9 9 9 9 9 9 9 9 9 9 9 8 10 8 10 10 10 10 10 12 10 12 12 12 12 12 9 9 9 9 9 9 6
3 3 3 3 3 3 6 6 6 6 6 6 6 6 6 6 6 6 6 6 6 7 9 9 9 9 9 9 9 9 9 9 9 9 9 9 9 9 9 9 9 8 8 8 10 10 10 10 10 10 12 12 12 12 12 12 9 9 9 9 9 9 6
3 3 3 3 3 3 6 6 6 6 6 6 6 6 6 6 6 6 6 6 6 9 9 9 9 9 9 9 9 9 9 9 9 9 9 9 9 9 9 9 9 8 10 10 10 10 12 10 10 12 12 12 12 12 12 12 9 9 9 9 9 9 6
3 3 3 3 3 3 6 6 6 6 6 6 6 6 6 6 6 6 6 6 6 9 9 9 9 9 9 9 9 9 9 9 9 9 9 9 9 9 9 9 9 8 10 10 10 10 12 10 12 12 12 12 10 12 12 12 9 9 9 9 9 9 6
3 3 3 3 3 3 6 6 6 6 6 6 6 6 6 6 6 6 6 6 6 9 9 9 9 9 9 9 9 9 9 9 9 9 9 9 9 9 9 9 9 8 10 10 10 10 12 12 12 12 12 12 12 12 12 12 9 9 9 9 9 9 6
3 3 3 3 3 4 6 6 6 6 7 6 6 6 7 6 6 7 6 7 7 7 7 9 10 9 9 10 9 10 10 9 9 10 9 10 10 9 10 8 8 8 10 11 10 11 11 12 11 9 9 12 11 11 11 7 9 8 8 8 8 8 5
3 3 3 3 3 4 6 6 6 6 7 6 6 6 7 6 6 7 6 7 7 7 9 9 6 9 9 10 9 8 8 9 9 10 9 8 8 9 10 10 8 10 10 7 12 7 7 10 11 11 9 12 11 11 9 11 9 8 8 8 8 8 5
3 3 3 3 3 4 6 6 6 6 7 6 6 6 7 6 6 7 6 7 7 9 9 9 6 9 9 8 9 8 8 9 9 8 9 8 8 9 10 10 10 12 12 7 12 7 7 12 9 9 9 12 9 9 9 11 9 8 8 8 8 8 5
3 3 3 3 3 4 6 6 6 6 7 6 6 6 7 6 6 7 6 7 7 9 9 9 6 9 9 8 9 8 10 9 9 8 9 8 10 9 8 10 10 12 12 7 12 7 9 12 9 9 11 12 9 11 11 9 9 8 8 8 8 8 5
3 3 3 3 3 4 6 6 6 6 7 6 6 6 7 6 6 7 6 7 7 9 9 9 6 9 9 8 9 8 10 9 9 8 9 8 10 9 10 10 10 12 12 7 12 7 9 10 9 11 11 10 9 11 11 11 9 8 8 8 8 8 5
3 3 3 3 3 4 6 6 6 6 7 6 6 6 7 6 6 7 6 7 7 9 9 9 6 9 9 8 9 8 10 9 9 8 9 8 10 9 10 10 10 12 12 7 12 7 9 12 9 11 11 12 9 11 11 11 9 8 8 8 8 8 5
3 3 3 3 3 4 6 6 6 6 7 6 6 6 7 6 6 7 6 7 7 9 9 9 8 9 9 8 9 8 8 9 9 8 9 8 10 9 8 10 10 12 12 7 12 9 9 12 9 9 7 12 9 9 11 11 9 8 8 8 8 8 5
3 3 3 3 3 4 6 6 6 6 7 6 6 6 7 6 6 7 6 7 7 9 9 9 8 9 9 8 9 8 10 9 9 8 9 8 10 9 8 10 10 12 12 7 12 9 9 12 9 9 11 12 9 11 11 11 9 8 8 8 8 8 5
3 3 3 3 3 4 6 6 6 6 7 6 6 6 7 6 6 7 6 7 7 9 9 9 8 9 9 8 9 10 10 9 9 10 9 10 10 9 10 10 10 10 10 7 12 9 9 12 9 9 11 12 11 11 11 11 9 8 8 8 8 8 5
3 3 3 3 3 4 6 6 6 6 7 6 6 6 7 6 6 7 6 7 7 9 9 9 8 9 9 8 9 10 10 9 9 10 9 10 10 9 10 10 10 12 12 7 12 9 11 12 9 11 11 12 11 11 11 11 9 8 8 8 8 8 5
3 3 3 3 4 4 6 6 6 7 7 6 6 7 7 6 7 7 7 7 8 9 9 6 10 9 8 10 10 10 9 9 8 10 10 10 9 10 10 9 11 12 7 13 9 13 8 11 13 10 10 11 13 10 12 10 10 10 9 9 9 9 6
3 3 3 3 4 4 6 6 6 7 7 6 6 7 7 6 7 7 7 7 8 9 9 8 10 9 8 10 8 10 7 9 10 10 10 10 11 10 10 11 11 12 9 13 9 13 8 9 13 8 8 13 13 12 12 12 10 10 9 9 9 9 6
3 3 3 3 4 4 6 6 6 7 7 6 6 7 7 6 7 7 7 7 8 9 9 8 10 9 8 10 8 10 9 9 8 10 10 10 9 10 10 9 11 12 9 13 9 11 8 9 13 10 10 11 13 10 12 12 10 10 9 9 9 9 6
3 3 3 3 4 4 6 6 6 7 7 6 6 7 7 6 7 7 7 7 8 9 9 8 10 9 8 10 8 10 9 9 8 10 10 10 9 10 10 9 11 12 9 13 9 13 8 9 13 10 10 11 13 10 10 12 10 10 9 9 9 9 6
3 3 3 3 4 4 6 6 6 7 7 6 6 7 7 6 7 7 7 7 8 9 9 8 10 9 8 10 8 10 11 9 10 10 10 10 11 10 10 11 11 10 9 13 9 13 12 9 13 12 12 13 13 12 12 12 10 10 9 9 9 9 6
3 3 3 3 4 4 6 6 6 7 7 6 6 7 7 6 7 7 7 7 8 9 9 8 10 9 8 10 8 10 11 9 10 10 10 10 11 10 10 11 11 12 9 13 9 13 12 9 13 12 12 13 13 12 12 12 10 10 9 9 9 9 6
3 3 3 3 4 4 6 6 6 7 7 6 6 7 7 6 7 7 7 7 8 9 9 8 10 9 8 10 10 10 7 9 10 10 10 10 9 10 10 9 11 12 9 13 11 13 8 11 13 8 10 13 13 10 12 12 10 10 9 9 9 9 6
3 3 3 3 4 4 6 6 6 7 7 6 6 7 7 6 7 7 7 7 8 9 9 8 10 9 8 10 10 10 9 9 8 10 10 10 9 10 10 9 11 12 9 13 9 13 8 11 13 10 10 11 13 10 10 12 10 10 9 9 9 9 6
3 3 3 3 4 4 6 6 6 7 7 6 6 7 7 6 7 7 7 7 8 9 9 10 10 9 10 10 10 10 9 9 10 10 10 10 9 10 10 9 11 8 13 13 11 13 10 11 13 10 12 11 13 10 12 12 10 10 9 9 9 9 6
3 3 3 3 4 4 6 6 6 7 7 6 6 7 7 6 7 7 7 7 8 9 9 10 10 9 10 10 10 10 9 9 10 10 10 10 9 10 10 11 11 12 11 13 11 13 8 13 13 10 10 13 13 10 10 12 10 10 9 9 9 9 6
3 3 3 3 4 4 6 6 6 7 7 6 6 7 7 6 7 7 7 7 8 9 9 10 10 9 10 10 10 10 11 9 10 10 10 10 11 10 10 11 11 12 9 13 11 13 10 11 13 10 12 13 13 12 12 12 10 10 9 9 9 9 6
3 3 3 3 4 5 6 6 6 7 8 6 6 7 8 6 7 8 7 8 9 7 7 10 7 9 10 9 10 9 12 9 10 11 10 11 12 10 11 12 12 8 11 8 11 8 11 13 10 11 11 13 12 11 11 11 10 9 8 8 8 8 5
3 3 3 3 4 5 6 6 6 7 8 6 6 7 8 6 7 8 7 8 9 9 9 8 9 9 8 11 10 9 10 9 10 11 10 9 10 10 11 12 12 12 9 12 11 10 9 9 12 9 9 11 12 11 11 11 10 9 8 8 8 8 5
3 3 3 3 4 5 6 6 6 7 8 6 6 7 8 6 7 8 7 8 9 9 9 8 11 9 8 11 10 11 10 9 8 11 10 11 10 10 11 10 12 12 9 14 11 14 9 11 14 11 11 11 14 11 11 13 12 11 10 10 10 10 7
3 3 3 3 5 5 6 6 6 8 8 6 6 8 8 6 8 8 8 8 10 9 9 11 11 9 11 11 11 11 11 9 11 11 11 11 13 11 11 13 13 12 10 14 12 14 10 12 14 10 12 14 14 12 12 12 11 11 9 9 9 9 6
3 3 3 3 6 6 6 6 6 9 9 6 6 9 9 6 9 9 9 9 12 9 9 10 10 9 12 12 12 12 15 9 12 12 12 12 15 12 12 15 15 10 11 11 11 11 12 15 15 12 12 15 15 12 12 12 12 12 9 9 9 9 6
3 3 3 3 6 6 6 6 6 9 9 6 6 9 9 6 9 9 9 9 12 9 9 10 12 9 10 12 10 12 11 9 12 12 12 12 15 12 12 15 15 12 11 15 11 15 12 11 15 12 12 15 15 12 12 12 12 12 9 9 9 9 6
3 3 3 3 6 6 6 6 6 9 9 6 6 9 9 6 9 9 9 9 12 9 9 10 12 9 10 12 10 12 15 9 12 12 12 12 15 12 12 15 15 10 11 15 11 15 12 11 15 12 12 15 15 12 12 12 12 12 9 9 9 9 6
3 3 3 3 6 6 6 6 6 9 9 6 6 9 9 6 9 9 9 9 12 9 9 10 12 9 10 12 12 12 11 9 12 12 12 12 13 12 12 13 15 12 11 15 13 15 12 13 15 12 12 15 15 12 12 12 12 12 9 9 9 9 6
3 3 3 4 4 4 6 6 7 7 7 6 7 7 7 7 7 7 8 8 8 9 8 10 10 8 10 10 9 11 11 10 10 10 11 11 11 11 11 11 12 9 11 13 10 12 14 10 12 14 13 14 14 14 13 13 11 11 11 10 10 10 7
3 3 3 4 4 4 6 6 7 7 7 6 7 7 7 7 7 7 8 8 8 9 10 10 10 10 10 10 9 9 11 10 10 10 9 9 11 9 9 11 6 13 13 13 10 10 12 10 10 12 7 10 10 12 7 7 9 9 9 8 8 8 5
3 3 3 4 4 4 6 6 7 7 7 6 7 7 7 7 7 7 8 8 8 9 10 10 10 10 10 10 9 9 11 10 10 10 11 11 11 11 11 11 12 11 13 13 10 10 14 10 10 14 9 14 14 14 13 13 11 11 11 10 10 10 7
3 3 3 4 4 5 6 6 7 7 8 6 7 7 8 7 7 8 8 9 9 9 10 10 11 10 10 11 11 10 10 10 10 11 11 10 10 11 12 12 7 11 11 14 14 11 11 14 13 13 8 14 13 13 8 10 11 10 10 9 9 9 6
3 3 3 4 5 5 6 6 7 8 8 6 7 8 8 7 8 8 9 9 10 9 8 11 11 8 11 11 8 10 13 10 11 11 10 12 13 10 12 13 12 9 14 14 9 11 12 9 11 12 11 11 13 12 11 11 10 10 9 8 8 8 5
3 3 3 4 5 6 6 6 7 8 9 6 7 8 9 7 8 9 9 10 11 9 8 11 12 8 11 12 10 9 14 10 11 12 12 13 14 12 13 14 15 9 14 15 11 10 13 11 10 13 12 15 14 13 12 12 12 11 10 9 9 9 6
3 3 3 4 6 6 6 6 7 9 9 6 7 9 9 7 9 9 10 10 12 9 10 12 12 10 12 12 11 13 15 10 12 12 13 13 11 13 13 11 16 11 15 15 12 16 14 12 16 14 13 16 16 10 13 13 13 13 11 10 10 10 7
3 3 3 5 5 6 6 6 8 8 9 6 8 8 9 8 8 9 10 11 11 9 11 11 10 11 11 10 13 14 14 11 11 12 13 14 14 13 14 14 16 12 12 9 16 13 13 16 13 13 13 16 15 15 13 13 13 12 12 10 10 10 7
3 3 3 5 6 6 6 6 8 9 9 6 8 9 9 8 9 9 11 11 12 9 11 10 12 11 10 12 12 14 11 11 12 12 14 14 15 14 14 15 17 14 11 15 13 17 12 13 17 12 14 17 17 16 14 14 14 14 13 11 11 11 8
3 3 3 5 6 6 6 6 8 9 9 6 8 9 9 8 9 9 11 11 12 9 11 10 12 11 10 12 12 14 15 11 12 12 14 14 15 14 14 15 17 12 11 15 13 17 16 13 17 16 14 17 17 16 14 14 14 14 13 11 11 11 8
3 3 3 6 6 6 6 6 9 9 9 6 9 9 9 9 9 9 12 12 12 9 10 12 12 10 12 12 13 15 15 12 12 12 15 15 15 15 15 15 18 11 13 15 14 16 18 14 16 18 15 18 18 18 15 15 15 15 15 12 12 12 9
3 3 3 6 6 6 6 6 9 9 9 6 9 9 9 9 9 9 12 12 12 9 12 12 12 12 12 12 13 13 15 12 12 12 15 15 15 15 15 15 18 13 15 15 14 14 18 14 14 18 15 18 18 18 15 15 15 15 15 12 12 12 9
3 3 3 6 6 6 6 6 9 9 9 6 9 9 9 9 9 9 12 12 12 9 12 12 12 12 12 12 15 15 15 12 12 12 15 15 15 15 15 15 18 11 13 13 16 16 18 16 16 18 15 18 18 18 15 15 15 15 15 12 12 12 9
3 3 3 6 6 6 6 6 9 9 9 6 9 9 9 9 9 9 12 12 12 9 12 12 12 12 12 12 15 15 15 12 12 12 15 15 15 15 15 15 18 11 13 13 16 16 18 18 18 18 15 18 18 18 15 15 15 15 15 12 12 12 9
3 3 4 4 4 4 6 7 7 7 7 7 7 7 7 8 8 8 8 8 8 6 10 10 10 9 9 11 11 11 11 9 9 11 11 11 11 12 12 12 12 8 8 10 14 14 14 11 13 13 13 11 13 13 13 12 10 10 10 10 9 9 6
3 3 4 4 4 4 6 7 7 7 7 7 7 7 7 8 8 8 8 8 8 8 10 10 10 7 9 11 11 11 11 9 11 11 11 11 11 10 12 12 12 8 10 12 14 14 12 9 11 13 13 11 13 13 11 12 10 10 10 10 9 9 6
3 3 4 4 4 4 6 7 7 7 7 7 7 7 7 8 8 8 8 8 8 10 10 10 10 9 11 11 11 11 9 9 11 11 11 11 9 10 12 12 12 10 14 12 14 14 8 11 13 11 13 11 13 11 13 12 10 10 10 10 9 9 6
3 3 4 4 4 4 6 7 7 7 7 7 7 7 7 8 8 8 8 8 8 10 10 10 10 9 11 11 11 11 11 9 11 11 11 11 11 8 12 12 12 10 12 14 14 14 14 9 13 13 13 9 13 13 13 12 10 10 10 10 9 9 6
3 3 4 4 4 4 6 7 7 7 7 7 7 7 7 8 8 8 8 8 8 10 10 10 10 11 11 11 11 11 11 11 11 11 11 11 11 8 10 10 12 12 12 14 14 14 14 9 11 11 13 9 11 11 13 8 10 10 10 10 9 9 6
3 3 4 4 4 5 6 7 7 7 8 7 7 7 8 8 8 9 8 9 9 10 10 10 7 11 11 8 11 10 10 11 11 8 11 10 10 12 11 11 13 14 14 7 14 9 9 13 10 10 12 13 10 10 12 11 10 9 9 9 8 8 5
3 3 4 4 5 5 6 7 7 8 8 7 7 8 8 8 9 9 9 9 10 10 10 9 11 11 10 12 12 10 13 11 10 12 12 12 13 13 9 14 14 14 11 13 11 11 12 14 10 11 11 14 12 13 13 12 11 11 10 10 9 9 6
3 3 4 4 5 5 6 7 7 8 8 7 7 8 8 8 9 9 9 9 10 10 10 11 11 9 12 12 12 12 9 9 12 12 12 12 9 11 13 12 14 10 15 13 15 15 8 12 14 11 13 12 14 11 13 12 11 11 10 10 9 9 6
3 3 4 4 5 5 6 7 7 8 8 7 7 8 8 8 9 9 9 9 10 10 10 11 11 11 10 12 12 12 13 11 10 12 12 12 13 9 13 8 12 14 11 15 15 15 14 10 14 9 13 10 14 9 13 8 11 11 10 10 9 9 6
3 3 4 4 5 5 6 7 7 8 8 7 7 8 8 8 9 9 9 9 10 10 10 11 11 11 10 12 12 12 13 11 10 12 12 12 13 13 13 8 14 14 11 15 15 15 14 14 14 9 13 14 14 9 13 12 11 11 10 10 9 9 6
3 3 4 4 6 6 6 7 7 9 9 7 7 9 9 8 10 10 10 10 12 8 8 10 12 11 13 13 13 13 15 11 13 13 13 13 15 14 14 16 16 10 12 14 12 14 16 15 17 15 15 17 17 15 15 14 14 14 12 12 11 11 8
3 3 4 5 5 6 6 7 8 8 9 7 8 8 9 9 9 10 10 11 11 10 11 11 12 10 12 13 13 12 12 10 12 13 13 12 12 14 9 15 16 11 13 16 16 13 11 15 10 14 13 15 10 14 13 12 12 11 11 10 9 9 6
3 3 4 5 6 6 6 7 8 9 9 7 8 9 9 9 10 10 11 11 12 10 11 12 12 10 13 13 14 14 11 10 13 13 14 14 11 11 15 16 17 11 16 16 17 17 10 12 16 15 14 12 16 15 14 13 13 13 12 11 10 10 7
3 3 5 5 6 6 6 8 8 9 9 8 8 9 9 10 11 11 11 11 12 11 11 12 12 13 10 14 14 12 15 13 10 14 14 12 15 16 14 17 17 16 9 17 17 13 16 15 15 14 14 15 15 14 14 12 12 12 11 11 9 9 6
3 3 5 5 8 8 6 8 8 11 11 8 8 11 11 10 13 13 13 13 16 11 11 12 14 13 14 16 14 16 19 13 16 16 16 16 19 18 18 21 21 14 15 19 15 19 20 17 21 18 18 21 21 18 18 16 18 18 15 15 13 13 10
3 3 6 6 6 7 6 9 9 9 10 9 9 9 10 12 12 13 12 13 13 12 12 12 13 11 15 16 15 16 14 11 15 16 15 16 14 18 19 15 19 10 18 19 18 19 15 17 16 16 16 17 16 16 16 13 14 13 13 13 10 10 7
3 3 6 6 6 9 6 9 9 9 12 9 9 9 12 12 12 15 12 15 15 12 12 12 15 15 15 14 15 18 18 15 15 14 15 18 18 18 17 21 21 14 18 13 18 21 21 21 16 18 18 21 16 18 18 15 18 15 15 15 12 12 9
3 3 6 6 9 9 6 9 9 12 12 9 9 12 12 12 15 15 15 15 18 12 12 15 15 15 18 18 18 18 21 15 18 18 18 18 21 21 21 24 24 14 19 19 19 19 24 24 24 21 21 24 24 21 21 18 21 21 18 18 15 15 12
3 4 4 4 4 4 7 7 7 7 7 8 8 8 8 8 8 8 8 8 8 9 11 11 11 11 11 11 11 11 11 8 10 10 12 12 12 12 12 12 12 9 11 11 13 13 15 15 15 15 15 10 10 12 14 14 11 11 11 11 11 10 7
3 4 4 4 4 5 7 7 7 7 8 8 8 8 9 8 8 9 8 9 9 9 9 11 12 11 11 12 11 12 12 10 12 11 12 11 13 12 11 11 11 11 13 10 13 12 12 15 14 14 14 14 11 11 13 13 11 10 10 10 10 9 6
3 4 4 4 4 6 7 7 7 7 9 8 8 8 10 8 8 10 8 10 10 9 11 11 13 11 11 13 11 13 13 10 12 12 12 12 12 12 12 14 12 11 11 11 15 15 15 13 13 13 15 14 12 12 14 14 13 11 11 11 11 10 7
3 4 4 4 4 7 7 7 7 7 10 8 8 8 11 8 8 11 8 11 11 9 9 11 14 11 11 14 11 14 14 10 12 13 12 13 15 12 13 13 13 11 13 12 13 14 14 15 16 16 16 14 13 13 15 15 15 12 12 12 12 11 8
3 4 4 4 5 5 7 7 7 8 8 8 8 9 9 8 9 9 9 9 10 11 11 10 12 11 12 12 12 12 11 12 11 13 13 13 8 13 13 12 14 13 12 16 14 16 9 16 12 13 15 15 15 10 12 14 12 12 11 11 11 10 7
3 4 4 5 5 5 7 7 8 8 8 8 9 9 9 9 9 9 10 10 10 11 10 12 12 12 12 12 13 13 13 9 13 13 12 12 14 14 14 14 15 10 14 14 13 13 17 17 17 17 16 12 12 16 15 15 13 13 13 12 12 11 8
3 4 4 5 5 6 7 7 8 8 9 8 9 9 10 9 9 10 10 11 11 11 10 12 13 12 12 13 13 14 14 13 11 14 10 15 13 14 11 13 16 14 14 17 11 16 16 15 14 16 13 12 15 15 14 14 13 12 12 11 11 10 7
3 4 4 7 7 7 7 7 10 10 10 8 11 11 11 11 11 11 14 14 14 11 12 14 14 14 14 14 17 17 17 11 15 15 16 16 18 18 18 18 21 12 16 16 17 17 21 21 21 21 18 16 16 20 17 17 17 17 17 14 14 13 10
3 4 5 5 5 5 7 8 8 8 8 9 9 9 9 10 10 10 10 10 10 12 12 12 12 11 13 13 13 13 13 12 14 14 14 14 14 9 11 13 15 13 15 17 17 17 17 10 12 14 16 11 13 15 15 10 12 12 12 12 11 10 7
3 5 5 5 6 6 8 8 8 9 9 10 10 11 11 10 11 11 11 11 12 13 13 12 14 13 14 14 14 14 15 15 10 14 14 16 13 16 16 17 17 16 11 15 15 19 14 19 19 18 18 13 17 12 16 16 14 14 13 13 13 11 8
3 5 5 7 8 8 8 8 10 11 11 10 12 13 13 12 13 13 15 15 16 13 15 14 16 15 16 16 18 18 19 17 12 16 18 20 17 20 20 21 23 18 13 17 19 23 18 23 23 22 20 17 21 16 18 18 18 18 17 15 15 13 10
4 4 4 4 4 5 8 8 8 8 9 8 8 8 9 8 8 9 8 9 9 12 12 12 9 12 12 9 12 11 13 12 12 11 12 13 13 12 13 13 13 16 16 9 16 11 13 16 11 13 15 16 13 15 15 15 12 11 11 11 11 11 7
4 4 4 4 5 6 8 8 8 9 10 8 8 9 10 8 9 10 9 10 11 12 12 9 14 12 11 12 11 12 11 12 11 14 13 14 15 13 12 15 15 16 11 16 11 14 11 13 14 11 11 15 16 15 15 15 13 12 11 11 11 11 7
4 4 4 5 5 5 8 8 9 9 9 8 9 9 9 9 9 9 10 10 10 12 11 13 13 11 13 13 10 10 14 13 13 13 14 14 14 14 14 14 15 13 17 17 12 12 18 12 12 18 11 18 18 18 17 17 14 14 14 13 13 13 9
4 4 4 5 5 5 8 8 9 9 9 8 9 9 9 9 9 9 10 10 10 12 11 13 13 11 13 13 14 14 14 13 13 13 14 14 14 14 14 14 15 11 15 15 14 14 18 14 14 18 17 18 18 18 17 17 14 14 14 13 13 13 9
4 4 5 5 5 5 8 9 9 9 9 9 9 9 9 10 10 10 10 10 10 13 13 13 13 12 14 14 14 14 14 12 14 14 14 14 14 9 11 13 15 14 16 18 18 18 18 11 13 15 17 11 13 15 17 10 13 13 13 13 12 12 8
4 4 5 5 5 6 8 9 9 9 10 9 9 9 10 10 10 11 10 11 11 11 13 13 14 12 14 13 14 13 13 12 14 15 14 15 15 15 14 16 14 14 16 15 18 17 17 17 14 16 16 17 12 14 16 13 13 12 12 12 11 11 7
4 5 6 6 6 9 9 10 10 10 13 11 11 11 14 12 12 15 12 15 15 11 13 13 18 16 16 19 16 19 19 15 17 18 17 18 20 18 17 17 17 15 15 16 17 18 18 22 21 21 21 21 18 18 20 19 19 16 16 16 15 14 10
5 5 5 5 5 5 10 10 10 10 10 10 10 10 10 10 10 10 10 10 10 9 13 13 13 13 13 13 15 15 15 15 15 15 15 15 15 15 15 15 15 12 12 12 16 16 16 16 16 16 20 20 20 20 20 20 15 15 15 15 15 15 10
5 5 5 5 5 5 10 10 10 10 10 10 10 10 10 10 10 10 10 10 10 11 11 13 13 15 15 15 15 15 15 15 15 15 15 15 15 15 15 15 15 12 14 14 14 14 16 18 18 20 20 20 20 20 20 20 15 15 15 15 15 15 10
5 5 5 5 5 7 10 10 10 10 12 10 10 10 12 10 10 12 10 12 12 15 15 15 11 15 15 13 15 13 13 15 15 13 15 15 15 15 15 15 17 20 20 12 20 12 12 20 14 14 14 20 16 16 16 18 15 13 13 13 13 13 8
5 5 5 5 6 7 10 10 10 11 12 10 10 11 12 10 11 12 11 12 13 15 15 14 13 15 14 13 16 11 14 15 14 15 16 13 18 16 15 18 18 20 17 14 19 12 13 17 12 13 13 19 16 17 17 17 14 13 12 12 12 12 7
5 5 5 7 7 7 10 10 12 12 12 10 12 12 12 12 12 12 14 14 14 15 13 17 17 13 17 17 17 17 19 17 17 17 19 19 19 19 19 19 21 14 20 20 18 18 24 18 18 24 22 24 24 24 22 22 19 19 19 17 17 17 12
5 5 5 10 10 10 10 10 15 15 15 10 15 15 15 15 15 15 20 20 20 15 16 20 20 16 20 20 23 23 25 20 20 20 25 25 25 25 25 25 30 17 23 23 24 24 30 24 24 30 25 30 30 30 25 25 25 25 25 20 20 20 15
5 6 6 6 7 8 11 11 11 12 13 12 12 13 14 12 13 14 13 14 15 17 17 18 13 17 18 13 18 15 20 18 17 14 17 16 19 17 16 19 21 23 22 13 22 15 16 22 15 18 18 21 16 17 17 19 16 15 14 14 14 13 8
5 7 7 7 7 9 12 12 12 12 14 14 14 14 16 14 14 16 14 16 16 13 15 15 21 19 19 21 19 21 21 17 19 21 19 21 23 21 19 19 19 16 16 18 18 20 20 26 24 24 24 22 20 20 22 22 19 17 17 17 17 15 10
-0 0.0721687836 0.1443375673 0.0721687836 0.0721687836 0.0721687836 0.0721687836 0.1443375673 0.0721687836 0.0721687836 0.0721687836 0.1443375673 0.1443375673 0.1443375673 0.1443375673 0.1443375673 0.1443375673 0.1443375673 0.1443375673 0.1443375673 0.1443375673 0.1443375673 0.1443375673 0.1443375673 0.1443375673 0.1443375673 0.1443375673 0.1443375673 0.1443375673 0.1443375673 0.1443375673 0.1443375673 0.1443375673 0.1443375673 0.1443375673 0.1443375673 0.1443375673 0.1443375673 0.1443375673 0.1443375673 0.1443375673 0.1443375673 0.1443375673 0.1443375673 0.1443375673 0.1443375673 0.1443375673 0.1443375673 0.1443375673 0.1443375673 0.1443375673 0.0721687836 0.0721687836 0.0721687836 0.1443375673 0.0721687836 0.0721687836 0.0721687836 0.0721687836 0.1443375673 0.0721687836 -0 0
0 0.0953462589 0.0953462589 0.0953462589 0.0953462589 0.0953462589 0.0953462589 0.0953462589 0.0953462589 0.0953462589 0.0953462589 0.1430193884 0.1430193884 0.1430193884 0.1430193884 0.1430193884 0.1430193884 0.1430193884 0.1430193884 0.1430193884 0.1430193884 0.1430193884 0.1430193884 0.1430193884 0.1430193884 0.1430193884 0.1430193884 0.1430193884 0.1430193884 0.1430193884 0.1430193884 0.1430193884 0.1430193884 0.1430193884 0.1430193884 0.1430193884 0.1430193884 0.1430193884 0.1430193884 0.1430193884 0.1430193884 0.1430193884 0.1430193884 0.1430193884 0.1430193884 0.1430193884 0.1430193884 0.1430193884 0.1430193884 0.1430193884 0.1430193884 0.0953462589 0.0953462589 0.0953462589 0.0953462589 0.0953462589 0.0953462589 0.0953462589 0.0953462589 0.0953462589 0.0953462589 0 0
0.1460377151 0.0486792384 0.0486792384 0.0486792384 0.0486792384 0.0486792384 0.1460377151 0.1460377151 0.1460377151 0.1460377151 0.1460377151 0.0973584767 0.0973584767 0.0973584767 0.0973584767 0.0973584767 0.0973584767 0.0973584767 0.0973584767 0.0973584767 0.0973584767 0.1460377151 0.1460377151 0.1460377151 0.1460377151 0.1460377151 0.1460377151 0.1460377151 0.1460377151 0.1460377151 0.1460377151 0.1460377151 0.1216980959 0.1460377151 0.1460377151 0.1216980959 0.1460377151 0.1216980959 0.1460377151 0.1460377151 0.1216980959 0.1460377151 0.1216980959 0.1460377151 0.1460377151 0.1216980959 0.1460377151 0.1216980959 0.1460377151 0.1460377151 0.1216980959 0.1460377151 0.1460377151 0.1460377151 0.1460377151 0.1460377151 0.0973584767 0.0973584767 0.0973584767 0.0973584767 0.0973584767 0.1460377151 0.0486792384
-0 0 0 0.1443375673 -0 0.1443375673 -0 -0 0.1443375673 -0 0.1443375673 -0 0.1443375673 -0 0.1443375673 0.1443375673 -0 0.1443375673 0.1443375673 0.1443375673 0.1443375673 -0 0.1443375673 0 0.1443375673 0.1443375673 0 0.1443375673 0.1443375673 0.1443375673 0.1443375673 0.1443375673 -0 0.1443375673 0.1443375673 0.1443375673 0.1443375673 0.1443375673 0.1443375673 0.1443375673 0.1443375673 0.1443375673 -0 0.1443375673 0.1443375673 0.1443375673 0.1443375673 0.1443375673 0.1443375673 0.1443375673 0.1443375673 0.1443375673 0.1443375673 0.1443375673 0.1443375673 0.1443375673 0.1443375673 0.1443375673 0.1443375673 0.1443375673 0.1443375673 0.1443375673 0.1443375673
0.0749795006 0.0562346254 0.0749795006 0.0749795006 0.0749795006 0.0562346254 0.1124692509 0.1218416885 0.1218416885 0.1218416885 0.1124692509 0.1124692509 0.1124692509 0.1124692509 0.1124692509 0.1218416885 0.1218416885 0.1124692509 0.1218416885 0.1124692509 0.1124692509 0.1405865636 0.1405865636 0.1405865636 0.1405865636 0.1405865636 0.1405865636 0.1405865636 0.1405865636 0.1405865636 0.1405865636 0.1405865636 0.1405865636 0.1405865636 0.1405865636 0.1405865636 0.1405865636 0.1405865636 0.1405865636 0.1405865636 0.1405865636 0.1405865636 0.1405865636 0.1405865636 0.1405865636 0.1405865636 0.1405865636 0.131214126 0.1405865636 0.1405865636 0.1405865636 0.1405865636 0.1405865636 0.1405865636 0.1405865636 0.1405865636 0.1124692509 0.1124692509 0.1124692509 0.1124692509 0.1124692509 0.1124692509 0.0562346254
0.0485642931 0.0485642931 0.1456928794 0.0971285862 0.0485642931 0.0485642931 0.0971285862 0.1456928794 0.1456928794 0.0971285862 0.0971285862 0.1456928794 0.1456928794 0.0971285862 0.0971285862 0.1456928794 0.1456928794 0.1456928794 0.1456928794 0.1456928794 0.0971285862 0.1456928794 0.1456928794 0.1456928794 0.1456928794 0.1456928794 0.1456928794 0.1456928794 0.1456928794 0.1456928794 0.1456928794 0.1456928794 0.1456928794 0.1456928794 0.1456928794 0.1456928794 0.1456928794 0.1456928794 0.1456928794 0.1456928794 0.1456928794 0.0971285862 0.1456928794 0.1456928794 0.1456928794 0.1456928794 0.1456928794 0.0971285862 0.0971285862 0.1456928794 0.1456928794 0.0971285862 0.0971285862 0.1456928794 0.1456928794 0.0971285862 0.0485642931 0.0485642931 0.0971285862 0.1456928794 0.0485642931 0.0485642931 0
0.0366494658 0.1099483974 0.0366494658 0.0366494658 0.0732989316 0.0366494658 0.1282731304 0.0732989316 0.0732989316 0.1099483974 0.0732989316 0.1282731304 0.1465978633 0.1465978633 0.1465978633 0.0732989316 0.1099483974 0.0732989316 0.1099483974 0.0732989316 0.1099483974 0.1465978633 0.1465978633 0.1465978633 0.1465978633 0.1099483974 0.1099483974 0.1099483974 0.1465978633 0.1099483974 0.1465978633 0.1465978633 0.1465978633 0.1465978633 0.1465978633 0.1465978633 0.1465978633 0.1465978633 0.1099483974 0.1465978633 0.1465978633 0.1465978633 0.1099483974 0.1465978633 0.1465978633 0.1465978633 0.1465978633 0.1465978633 0.1465978633 0.1465978633 0.1465978633 0.1465978633 0.1465978633 0.1465978633 0.1465978633 0.1465978633 0.1099483974 0.1465978633 0.1099483974 0.1282731304 0.1282731304 0.1282731304 0.0916236645
0.0478364873 0.0478364873 0.071754731 0.071754731 0.071754731 0.0478364873 0.0956729746 0.1195912183 0.1195912183 0.1195912183 0.0956729746 0.0956729746 0.1195912183 0.0956729746 0.0956729746 0.1195912183 0.143509462 0.1195912183 0.1195912183 0.0956729746 0.1195912183 0.143509462 0.143509462 0.143509462 0.1195912183 0.143509462 0.143509462 0.143509462 0.143509462 0.143509462 0.143509462 0.143509462 0.143509462 0.143509462 0.143509462 0.1195912183 0.143509462 0.143509462 0.143509462 0.143509462 0.143509462 0.143509462 0.143509462 0.143509462 0.143509462 0.143509462 0.143509462 0.143509462 0.143509462 0.143509462 0.143509462 0.143509462 0.143509462 0.143509462 0.143509462 0.1195912183 0.1195912183 0.1195912183 0.1195912183 0.1195912183 0.1195912183 0.0956729746 0.071754731
0.0636284763 0.0795355954 0.0795355954 0.0477213572 0.0477213572 0.0477213572 0.1272569526 0.1272569526 0.0954427144 0.1113498335 0.1113498335 0.1272569526 0.1113498335 0.1113498335 0.1113498335 0.1113498335 0.1113498335 0.1113498335 0.0954427144 0.0954427144 0.0954427144 0.1431640717 0.1431640717 0.1431640717 0.1431640717 0.1431640717 0.1431640717 0.1431640717 0.1272569526 0.1431640717 0.1272569526 0.1431640717 0.1431640717 0.1431640717 0.1431640717 0.1431640717 0.1431640717 0.1431640717 0.1272569526 0.1431640717 0.1272569526 0.1431640717 0.1431640717 0.1431640717 0.1431640717 0.1431640717 0.1431640717 0.1431640717 0.1431640717 0.1431640717 0.1431640717 0.1431640717 0.1431640717 0.1431640717 0.1431640717 0.1431640717 0.1113498335 0.1113498335 0.1272569526 0.1272569526 0.1272569526 0.1113498335 0.0795355954
0.0367607311 0.0735214622 0.0735214622 0.1102821933 0.0735214622 0.0735214622 0.1102821933 0.1102821933 0.1470429244 0.1102821933 0.1102821933 0.1470429244 0.1470429244 0.1102821933 0.1102821933 0.1470429244 0.1102821933 0.1102821933 0.1470429244 0.1470429244 0.1470429244 0.1470429244 0.1470429244 0.1470429244 0.1470429244 0.1470429244 0.1470429244 0.1470429244 0.1470429244 0.1470429244 0.1470429244 0.1470429244 0.1470429244 0.1470429244 0.1470429244 0.1470429244 0.1470429244 0.1470429244 0.1470429244 0.1470429244 0.1470429244 0.1470429244 0.1470429244 0.1470429244 0.1102821933 0.1102821933 0.1470429244 0.1102821933 0.1102821933 0.1470429244 0.1470429244 0.1102821933 0.1102821933 0.1470429244 0.1102821933 0.1102821933 0.0735214622 0.0735214622 0.1102821933 0.0735214622 0.0735214622 0.0367607311 0
0.0774249125 0.0884856143 0.0663642107 0.0553035089 0.0442428072 0.0442428072 0.1216677197 0.1327284215 0.1327284215 0.1216677197 0.0995463161 0.1216677197 0.1216677197 0.1216677197 0.1327284215 0.1216677197 0.0995463161 0.0995463161 0.0995463161 0.0884856143 0.0884856143 0.1437891232 0.1437891232 0.1437891232 0.1437891232 0.1437891232 0.1437891232 0.1437891232 0.1437891232 0.1437891232 0.1437891232 0.1437891232 0.1437891232 0.1437891232 0.1437891232 0.1437891232 0.1437891232 0.1437891232 0.1437891232 0.1216677197 0.1216677197 0.1106070179 0.1327284215 0.1437891232 0.1437891232 0.1437891232 0.1437891232 0.1437891232 0.1437891232 0.1437891232 0.1437891232 0.1437891232 0.1437891232 0.1437891232 0.1437891232 0.1437891232 0.0995463161 0.0884856143 0.1106070179 0.1216677197 0.1216677197 0.1216677197 0.0553035089
0.0721687836 0.0360843918 0.0360843918 0.0721687836 0.0360843918 0.1443375673 0.1082531755 0.1082531755 0.1443375673 0.1082531755 0.1443375673 0.0721687836 0.1082531755 0.0721687836 0.1443375673 0.1082531755 0.0721687836 0.1443375673 0.1082531755 0.1443375673 0.1443375673 0.1443375673 0.1443375673 0.1443375673 0.1443375673 0.1443375673 0.1443375673 0.1443375673 0.1443375673 0.1443375673 0.1443375673 0.1443375673 0.1082531755 0.1443375673 0.1443375673 0.1443375673 0.1443375673 0.1443375673 0.1443375673 0.1443375673 0.1443375673 0.1443375673 0.1443375673 0.1443375673 0.1443375673 0.1082531755 0.1443375673 0.1443375673 0.1082531755 0.1443375673 0.1082531755 0.1443375673 0.1443375673 0.1443375673 0.1443375673 0.1443375673 0.1443375673 0.0721687836 0.1082531755 0.0721687836 0.0721687836 0.1082531755 0.0360843918
0.0291111255 0.1455556274 0.058222251 0.0291111255 0.0291111255 0.0873333765 0.1455556274 0.0873333765 0.058222251 0.058222251 0.1164445019 0.1455556274 0.1455556274 0.1455556274 0.1455556274 0.0873333765 0.0873333765 0.1455556274 0.058222251 0.1164445019 0.1164445019 0.1455556274 0.1455556274 0.1455556274 0.1455556274 0.1164445019 0.1164445019 0.1455556274 0.0873333765 0.1455556274 0.1455556274 0.1455556274 0.1455556274 0.1455556274 0.1455556274 0.1455556274 0.1455556274 0.1164445019 0.1455556274 0.1455556274 0.1455556274 0.1455556274 0.1455556274 0.1164445019 0.1455556274 0.1455556274 0.1455556274 0.1455556274 0.1455556274 0.1455556274 0.1455556274 0.1455556274 0.1164445019 0.1164445019 0.1455556274 0.1455556274 0.1455556274 0.0873333765 0.0873333765 0.1164445019 0.1455556274 0.0873333765 0.058222251
0.0826898231 0.0620173673 0.0620173673 0.0620173673 0.0620173673 0.0620173673 0.1033622788 0.1240347346 0.1240347346 0.1240347346 0.1240347346 0.1240347346 0.1033622788 0.1033622788 0.1240347346 0.1033622788 0.1240347346 0.1240347346 0.1033622788 0.1033622788 0.1240347346 0.1447071904 0.1240347346 0.1240347346 0.1447071904 0.1447071904 0.1447071904 0.1447071904 0.1447071904 0.1447071904 0.1447071904 0.1447071904 0.1447071904 0.1447071904 0.1240347346 0.1447071904 0.1447071904 0.1447071904 0.1447071904 0.1447071904 0.1447071904 0.1447071904 0.1240347346 0.1240347346 0.1240347346 0.1447071904 0.1240347346 0.1447071904 0.1447071904 0.1447071904 0.1447071904 0.1447071904 0.1447071904 0.1447071904 0.1447071904 0.1447071904 0.1033622788 0.1033622788 0.1033622788 0.1033622788 0.1240347346 0.1240347346 0.0620173673
0.0683553986 0.0546843189 0.0820264783 0.0683553986 0.0410132392 0.0888620182 0.1162041776 0.1230397175 0.1162041776 0.1025330979 0.1298752573 0.1093686378 0.1025330979 0.095697558 0.1298752573 0.1367107972 0.1093686378 0.1298752573 0.1093686378 0.1230397175 0.1162041776 0.1435463371 0.1435463371 0.1298752573 0.1435463371 0.1435463371 0.1435463371 0.1435463371 0.1435463371 0.1435463371 0.1435463371 0.1435463371 0.1367107972 0.1435463371 0.1435463371 0.1435463371 0.1367107972 0.1435463371 0.1435463371 0.1435463371 0.1435463371 0.1435463371 0.1435463371 0.1298752573 0.1435463371 0.1367107972 0.1435463371 0.1435463371 0.1230397175 0.1435463371 0.1367107972 0.1435463371 0.1367107972 0.1367107972 0.1435463371 0.1367107972 0.1162041776 0.0888620182 0.1162041776 0.1162041776 0.095697558 0.1025330979 0.047848779
0.0719321515 0.0513801082 0.0513801082 0.0719321515 0.0513801082 0.0308280649 0.1130362381 0.1130362381 0.1438643031 0.1130362381 0.1027602165 0.1027602165 0.1130362381 0.1027602165 0.0822081732 0.1130362381 0.1027602165 0.0822081732 0.1130362381 0.1027602165 0.0822081732 0.1438643031 0.1438643031 0.1438643031 0.1438643031 0.1438643031 0.1438643031 0.1438643031 0.1438643031 0.1438643031 0.1438643031 0.1438643031 0.1438643031 0.1130362381 0.1438643031 0.1438643031 0.1130362381 0.1438643031 0.1438643031 0.1130362381 0.1438643031 0.1438643031 0.1438643031 0.1438643031 0.1438643031 0.1438643031 0.1438643031 0.1438643031 0.1438643031 0.1438643031 0.1438643031 0.1438643031 0.1438643031 0.1438643031 0.1438643031 0.1438643031 0.1335882814 0.1233122598 0.1335882814 0.1233122598 0.1233122598 0.1335882814 0.1027602165
0.0555936987 0.0555936987 0.0555936987 0.0555936987 0.0555936987 0.0555936987 0.0555936987 0.1111873975 0.1111873975 0.1111873975 0.1111873975 0.1111873975 0.1111873975 0.1111873975 0.1111873975 0.0555936987 0.1111873975 0.1111873975 0.1111873975 0.1111873975 0.1111873975 0.1111873975 0.1111873975 0.1111873975 0.1111873975 0.1111873975 0.1667810962 0.1667810962 0.1667810962 0.1667810962 0.1297186304 0.1111873975 0.1667810962 0.1482498633 0.1667810962 0.1667810962 0.1297186304 0.1111873975 0.1111873975 0.1667810962 0.1667810962 0.0926561646 0.1667810962 0.1482498633 0.1667810962 0.1667810962 0.0741249317 0.1297186304 0.1667810962 0.1667810962 0.1667810962 0.1667810962 0.1297186304 0.1667810962 0.1667810962 0.1111873975 0.1111873975 0.1111873975 0.1111873975 0.1111873975 0.1111873975 0.1111873975 0.0555936987
0.1622214211 0.0811107106 0.0811107106 0 0.0811107106 0 0.1622214211 0.1622214211 0.1622214211 0.1622214211 0.1622214211 0.1622214211 0.0811107106 0.1622214211 0.0811107106 0.0811107106 0.1622214211 0.0811107106 0.0811107106 -0 0.0811107106 0.0811107106 0.1622214211 0.0811107106 0.1622214211 0.1622214211 0.0811107106 0.1622214211 0.1622214211 0.1622214211 0.1622214211 0.1622214211 0.1622214211 0.1622214211 0.1622214211 0.0811107106 0.1622214211 0.1622214211 0.0811107106 0.1622214211 0.0811107106 0.0811107106 0 0.0811107106 0.0811107106 0.1622214211 0.0811107106 0.0811107106 0.1622214211 0.0811107106 0.1622214211 0.1622214211 0.1622214211 0.1622214211 0.1622214211 0.1622214211 -0 0.0811107106 0 0.0811107106 0.0811107106 0.1622214211 0
0.0800640769 0.0800640769 0 0.0800640769 0.0800640769 0.0800640769 0.0800640769 0.0800640769 0.1601281538 0.1601281538 0.1601281538 0.0800640769 0.1601281538 0.1601281538 0.1601281538 0.0800640769 0.0800640769 0.0800640769 0.1601281538 0.1601281538 0.0800640769 0.0800640769 0.0800640769 0.1601281538 0.1601281538 0.1601281538 0.1601281538 0.1601281538 0.1601281538 0.1601281538 0.1601281538 0.1601281538 0.1601281538 0.1601281538 0.1601281538 0.1601281538 0.1601281538 0.1601281538 0.1601281538 0.0800640769 0.0800640769 0.0800640769 0.1601281538 0.1601281538 0.0800640769 0.0800640769 0.0800640769 0.1601281538 0.1601281538 0.1601281538 0.0800640769 0.1601281538 0.1601281538 0.1601281538 0.0800640769 0.0800640769 0.0800640769 0.0800640769 0.0800640769 -0 0.0800640769 0.0800640769 -0
0 0 0 0 -0 -0 -0 -0 -0 -0 -0 0 -0 -0 -0 -0 -0 -0 -0 -0 -0 -0 -0 -0 -0 -0 -0 0 -0 -0 -0 -0 -0 -0 0 -0 -0 -0 -0 -0 -0 -0 -0 -0 -0 -0 -0 -0 -0 -0 -0 0 -0 -0 -0 -0 -0 -0 -0 -0 -0 -0 0
0.103417538 0.051708769 0 0.051708769 0.103417538 0.051708769 0.155126307 0.103417538 0.103417538 0.155126307 0.155126307 0.051708769 0.103417538 0.155126307 0.103417538 0.051708769 0.103417538 0.051708769 0.155126307 0.103417538 0.103417538 0.155126307 0.103417538 0.155126307 0.155126307 0.103417538 0.155126307 0.155126307 0.155126307 0.155126307 0.155126307 0.103417538 0.155126307 0.103417538 0.155126307 0.155126307 0.155126307 0.155126307 0.103417538 0.103417538 0.155126307 0.103417538 0.155126307 0.155126307 0.103417538 0.103417538 0.103417538 0.155126307 0.155126307 0.155126307 0.103417538 0.155126307 0.155126307 0.155126307 0.155126307 0.155126307 0.103417538 0.103417538 0.103417538 0.051708769 0.103417538 0.155126307 0.051708769
0.0460165459 0.023008273 0.0460165459 0.0690248189 0.0920330918 0.0460165459 0.0690248189 0.0920330918 0.1150413648 0.1380496378 0.0920330918 0.0690248189 0.0690248189 0.1150413648 0.0690248189 0.1150413648 0.0920330918 0.0920330918 0.1610579107 0.1150413648 0.1380496378 0.1150413648 0.1150413648 0.1610579107 0.1150413648 0.1610579107 0.1380496378 0.1380496378 0.1610579107 0.1610579107 0.1380496378 0.1150413648 0.1150413648 0.1150413648 0.1610579107 0.1150413648 0.1610579107 0.1610579107 0.1150413648 0.1380496378 0.1610579107 0.1610579107 0.1610579107 0.1380496378 0.1610579107 0.1380496378 0.1610579107 0.1380496378 0.1610579107 0.1380496378 0.1380496378 0.1610579107 0.1150413648 0.1610579107 0.1610579107 0.1150413648 0.1150413648 0.1380496378 0.1380496378 0.1150413648 0.0920330918 0.1150413648 0.0690248189
0 0.0912870929 0.0912870929 0.0912870929 0 0.0912870929 0.0912870929 0.0912870929 0.0912870929 -0 0.0912870929 0.1825741858 0.0912870929 0.0912870929 0.1825741858 0.0912870929 0.0912870929 0.0912870929 0.0912870929 0.1825741858 0.0912870929 0.1825741858 0.0912870929 0.0912870929 0.1825741858 0.0912870929 0.0912870929 0.0912870929 0.0912870929 0.1825741858 0.0912870929 0.0912870929 0.1825741858 0.1825741858 0.0912870929 0.1825741858 0.1825741858 0.0912870929 0.0912870929 0.0912870929 0.1825741858 0.0912870929 0.1825741858 0.1825741858 0.0912870929 0.1825741858 0.1825741858 0.0912870929 0.0912870929 0.0912870929 0.1825741858 0.0912870929 0.0912870929 0.1825741858 0.1825741858 0.0912870929 0.0912870929 0.0912870929 0.1825741858 0.1825741858 0.0912870929 0.0912870929 0.0912870929
0 0.0833333333 0.0833333333 0 0.0833333333 0.0833333333 0.0833333333 0.0833333333 -0 0.0833333333 0.0833333333 0.1666666667 0.0833333333 0.1666666667 0.0833333333 0.0833333333 0.1666666667 0.1666666667 0.0833333333 0.0833333333 0.1666666667 0.1666666667 0.0833333333 0.1666666667 0.0833333333 0.0833333333 0.1666666667 0.1666666667 0.0833333333 0.0833333333 0.1666666667 0.1666666667 0.1666666667 0.0833333333 0.1666666667 0.0833333333 0.0833333333 0.1666666667 0.1666666667 0.1666666667 0.1666666667 0.1666666667 0.1666666667 0.0833333333 0.1666666667 0.0833333333 0.0833333333 0.1666666667 0.1666666667 0.1666666667 0.1666666667 0.1666666667 0.0833333333 0.0833333333 0.0833333333 0.1666666667 0.1666666667 0.0833333333 0.0833333333 0.0833333333 0.1666666667 0.0833333333 0.0833333333
0.0966736489 0.0966736489 0 0.0966736489 0.0966736489 0 0.1450104734 0.0966736489 0.1450104734 0.1450104734 0.0966736489 0.0966736489 0.1450104734 0.1450104734 0.0966736489 0.0966736489 0.0966736489 0 0.1450104734 0.0966736489 0.0966736489 0.1450104734 0.1450104734 0.1450104734 0.1450104734 0.1450104734 0.1450104734 0.0966736489 0.1450104734 0.1450104734 0.1450104734 0.1450104734 0.1450104734 0.0966736489 0.1450104734 0.1450104734 0.1450104734 0.1450104734 0.0966736489 0.0966736489 0.1450104734 0.1450104734 0.1450104734 0.1450104734 0.0483368245 0.1450104734 0.1450104734 0.1450104734 0.1450104734 0.1450104734 0.1450104734 0.1450104734 0.1450104734 0.1450104734 0.1450104734 0.1450104734 0.0483368245 0.1450104734 0.1450104734 0.0483368245 0.1450104734 0.1450104734 0.0483368245
0.0555555556 0 0.0555555556 0.1111111111 0.1111111111 0.0555555556 0.0555555556 0.1111111111 0.1666666667 0.1666666667 0.1111111111 0.0555555556 0.1111111111 0.1111111111 0.0555555556 0.1666666667 0.1666666667 0.1111111111 0.1666666667 0.1666666667 0.1111111111 0.1111111111 0.1666666667 0.1666666667 0.1111111111 0.1111111111 0.1666666667 0.1666666667 0.1111111111 0.1666666667 0.1666666667 0.1666666667 0.1666666667 0.1111111111 0.1666666667 0.1666666667 0.1111111111 0.1111111111 0.1666666667 0.1666666667 0.1111111111 0.1111111111 0.1666666667 0.1666666667 0.1111111111 0.1666666667 0.1666666667 0.0555555556 0.1111111111 0.1111111111 0.0555555556 0.1111111111 0.1666666667 0.1666666667 0.1111111111 0.0555555556 0.0555555556 0.1111111111 0.1111111111 0.0555555556 -0 0.0555555556 0
0.077151675 0.077151675 0.077151675 0 0.077151675 0 0.15430335 0.15430335 0.077151675 0.15430335 0.077151675 0.15430335 0.077151675 0.15430335 0.077151675 0.077151675 0.15430335 0.077151675 0.077151675 -0 0.077151675 0.15430335 0.15430335 0.15430335 0.15430335 0.15430335 0.15430335 0.15430335 0.15430335 0.077151675 0.15430335 0.15430335 0.077151675 0.15430335 0.15430335 0.077151675 0.15430335 0.15430335 0.077151675 0.15430335 0.077151675 0.15430335 0.077151675 0.15430335 0.15430335 0.15430335 0.15430335 0.15430335 0.15430335 0.15430335 0.15430335 0.077151675 0.15430335 0.077151675 0.15430335 0.15430335 0.077151675 0.15430335 0.077151675 0.15430335 0.15430335 0.077151675 0.077151675
0.0485642931 0.0485642931 0.0485642931 0.0971285862 0.0485642931 0.0485642931 0.0971285862 0.0971285862 0.0971285862 0.0971285862 0.0971285862 0.0971285862 0.1456928794 0.0971285862 0.0971285862 0.1456928794 0.0971285862 0.0971285862 0.1456928794 0.1456928794 0.0971285862 0.1456928794 0.1456928794 0.1456928794 0.1456928794 0.1456928794 0.1456928794 0.1456928794 0.1456928794 0.1456928794 0.1456928794 0.1456928794 0.1456928794 0.1456928794 0.1456928794 0.1456928794 0.1456928794 0.1456928794 0.1456928794 0.1456928794 0.1456928794 0.1456928794 0.1456928794 0.1456928794 0.1456928794 0.1456928794 0.1456928794 0.1456928794 0.1456928794 0.1456928794 0.1456928794 0.1456928794 0.1456928794 0.0971285862 0.1456928794 0.1456928794 0.0971285862 0.0971285862 0.0971285862 0.0971285862 0.0971285862 0.0971285862 0.0485642931
0.099503719 0.0497518595 0.0497518595 0 0.0497518595 0.0497518595 0.1492555785 0.1492555785 0.099503719 0.1492555785 0.1492555785 0.099503719 0.0497518595 0.099503719 0.099503719 0.0497518595 0.099503719 0.099503719 0.0497518595 0.0497518595 0.099503719 0.1492555785 0.1492555785 0.1492555785 0.1492555785 0.1492555785 0.1492555785 0.1492555785 0.1492555785 0.1492555785 0.1492555785 0.099503719 0.1492555785 0.1492555785 0.099503719 0.099503719 0.1492555785 0.099503719 0.099503719 0.1492555785 0.099503719 0.1492555785 0.1492555785 0.1492555785 0.1492555785 0.1492555785 0.099503719 0.1492555785 0.1492555785 0.1492555785 0.1492555785 0.1492555785 0.1492555785 0.1492555785 0.1492555785 0.1492555785 0.1492555785 0.1492555785 0.099503719 0.099503719 0.1492555785 0.1492555785 0.099503719
0.0480015361 0.0480015361 0.0480015361 0.1440046082 0.0480015361 0.0480015361 0.0960030721 0.0960030721 0.1440046082 0.0960030721 0.0960030721 0.0960030721 0.1440046082 0.0960030721 0.0960030721 0.1440046082 0.0960030721 0.0960030721 0.1440046082 0.1440046082 0.0960030721 0.0960030721 0.1440046082 0.1440046082 0.1440046082 0.1440046082 0.1440046082 0.1440046082 0.1440046082 0.1440046082 0.1440046082 0.1440046082 0.1440046082 0.1440046082 0.1440046082 0.1440046082 0.1440046082 0.1440046082 0.1440046082 0.1440046082 0.1440046082 0.0960030721 0.1440046082 0.1440046082 0.1440046082 0.1440046082 0.1440046082 0.1440046082 0.1440046082 0.1440046082 0.1440046082 0.1440046082 0.1440046082 0.1440046082 0.1440046082 0.1440046082 0.0960030721 0.0960030721 0.1440046082 0.0960030721 0.0960030721 0.0960030721 0.0480015361
0.0541927815 0.0541927815 0.0541927815 0.0541927815 0.0812891722 0.0541927815 0.1083855629 0.0541927815 0.0812891722 0.1354819537 0.1083855629 0.1083855629 0.1083855629 0.1354819537 0.1083855629 0.1083855629 0.1354819537 0.1083855629 0.1354819537 0.1083855629 0.1083855629 0.1083855629 0.1083855629 0.1625783444 0.1625783444 0.0812891722 0.1354819537 0.1083855629 0.1625783444 0.1354819537 0.1625783444 0.1625783444 0.1625783444 0.1625783444 0.1625783444 0.1625783444 0.1354819537 0.1625783444 0.1625783444 0.1354819537 0.1083855629 0.1083855629 0.1354819537 0.1625783444 0.1625783444 0.1625783444 0.1625783444 0.1354819537 0.1354819537 0.1354819537 0.1083855629 0.1625783444 0.1625783444 0.1354819537 0.1083855629 0.1354819537 0.1083855629 0.1083855629 0.1083855629 0.1083855629 0.0812891722 0.1083855629 0.0541927815
0.1104315261 0.1104315261 0.055215763 0 0.055215763 0.055215763 0.1104315261 0.1656472891 0.1104315261 0.1656472891 0.1104315261 0.1656472891 0.1104315261 0.1104315261 0.1656472891 0.055215763 0.055215763 0.1104315261 0.055215763 0.055215763 0.1104315261 0.1656472891 0.1104315261 0.1104315261 0.1104315261 0.1656472891 0.1656472891 0.1656472891 0.1656472891 0.1104315261 0.1656472891 0.1656472891 0.1104315261 0.1656472891 0.1104315261 0.1656472891 0.1656472891 0.055215763 0.1104315261 0.1104315261 0.1104315261 0.1656472891 0.1104315261 0.1104315261 0.1104315261 0.1104315261 0.1104315261 0.1656472891 0.1656472891 0.1656472891 0.1656472891 0.1104315261 0.1656472891 0.1104315261 0.1656472891 0.1104315261 0.1104315261 0.1104315261 0.055215763 0.1104315261 0.1656472891 0.1104315261 0.055215763
0.080977633 0.080977633 0.0404888165 0.080977633 0 0.0404888165 0.161955266 0.1214664495 0.1214664495 0.080977633 0.1214664495 0.1214664495 0.161955266 0.080977633 0.080977633 0.1214664495 0.0404888165 0.080977633 0.080977633 0.1214664495 0.0404888165 0.161955266 0.1214664495 0.161955266 0.161955266 0.161955266 0.1214664495 0.161955266 0.1214664495 0.161955266 0.1214664495 0.161955266 0.1214664495 0.1214664495 0.161955266 0.1214664495 0.080977633 0.1214664495 0.161955266 0.080977633 0.1214664495 0.1214664495 0.161955266 0.161955266 0.1214664495 0.080977633 0.161955266 0.161955266 0.161955266 0.161955266 0.161955266 0.161955266 0.1214664495 0.1214664495 0.1214664495 0.161955266 0.1214664495 0.080977633 0.161955266 0.080977633 0.161955266 0.1214664495 0.080977633
0 0.1048284837 0 0.1572427255 0.0524142418 0.0524142418 0.1048284837 0 0.1572427255 0.0524142418 0.0524142418 0.1048284837 0.1572427255 0.1572427255 0.1572427255 0.1572427255 0.0524142418 0.0524142418 0.1572427255 0.1572427255 0.1048284837 0.1048284837 0.1572427255 0.1572427255 0.1572427255 0.1572427255 0.0524142418 0.0524142418 0.1572427255 0.1572427255 0.1048284837 0.1572427255 0.1572427255 0.1572427255 0.1048284837 0.1048284837 0.1572427255 0.1572427255 0.1572427255 0.1048284837 0.1572427255 0.1572427255 0.1572427255 0.1572427255 0.1048284837 0.1048284837 0.1572427255 0.1572427255 0.1572427255 0.1048284837 0.1572427255 0.1048284837 0.1048284837 0.1572427255 0.0524142418 0.1572427255 0.1048284837 0.1048284837 0.1572427255 0.0524142418 0.1572427255 0.0524142418 0.0524142418
0 0.05488213 0.05488213 0.05488213 0.10976426 0.05488213 0.05488213 0.05488213 0.05488213 0.10976426 0.05488213 0.10976426 0.10976426 0.10976426 0.10976426 0.10976426 0.16464639 0.10976426 0.10976426 0.10976426 0.16464639 0.10976426 0.10976426 0.10976426 0.10976426 0.10976426 0.16464639 0.10976426 0.10976426 0.10976426 0.16464639 0.16464639 0.16464639 0.16464639 0.05488213 0.16464639 0.16464639 0.16464639 0.16464639 0.16464639 0.16464639 0.16464639 0.16464639 0.16464639 0.05488213 0.16464639 0.16464639 0.16464639 0.16464639 0.16464639 0.16464639 0.10976426 0.16464639 0.10976426 0.10976426 0.10976426 0.10976426 0.16464639 0.10976426 0.10976426 0.10976426 0.05488213 0.05488213
0.036417852 0.1456714081 0.036417852 0.036417852 0.0728357041 0.0728357041 0.1456714081 0.0728357041 0.0728357041 0.1092535561 0.1092535561 0.1456714081 0.1456714081 0.1456714081 0.1456714081 0.0728357041 0.1092535561 0.1092535561 0.1092535561 0.1092535561 0.1456714081 0.1456714081 0.1456714081 0.1456714081 0.1456714081 0.1092535561 0.1456714081 0.1456714081 0.1456714081 0.1456714081 0.1456714081 0.1456714081 0.1456714081 0.1456714081 0.1456714081 0.1456714081 0.1456714081 0.1456714081 0.1092535561 0.1456714081 0.1456714081 0.1456714081 0.1456714081 0.1456714081 0.1456714081 0.1456714081 0.1092535561 0.1456714081 0.1456714081 0.1456714081 0.1456714081 0.1456714081 0.1092535561 0.1092535561 0.1092535561 0.1456714081 0.1092535561 0.1092535561 0.0728357041 0.0728357041 0.1456714081 0.0728357041 0.036417852
0.037113481 0.0742269619 0.037113481 0.037113481 0.037113481 0.0742269619 0.1113404429 0.0742269619 0.0742269619 0.0742269619 0.1113404429 0.1113404429 0.1113404429 0.1113404429 0.1484539238 0.0742269619 0.0742269619 0.1113404429 0.0742269619 0.1113404429 0.1113404429 0.1484539238 0.1484539238 0.1113404429 0.1484539238 0.1113404429 0.1113404429 0.1484539238 0.1113404429 0.1484539238 0.1484539238 0.1484539238 0.1484539238 0.1484539238 0.1484539238 0.1484539238 0.1484539238 0.1113404429 0.1113404429 0.1484539238 0.1484539238 0.1113404429 0.1484539238 0.1484539238 0.1484539238 0.1484539238 0.1484539238 0.1484539238 0.1484539238 0.1484539238 0.1484539238 0.1484539238 0.1484539238 0.1484539238 0.1484539238 0.1484539238 0.1113404429 0.1113404429 0.1484539238 0.1484539238 0.1484539238 0.1484539238 0.1113404429
0.0859602383 0.0573068255 0.0573068255 0.0859602383 0.0573068255 0.0286534128 0.1432670638 0.114613651 0.1432670638 0.114613651 0.114613651 0.114613651 0.1432670638 0.114613651 0.0859602383 0.114613651 0.114613651 0.0859602383 0.114613651 0.114613651 0.0859602383 0.1432670638 0.1432670638 0.1432670638 0.1432670638 0.1432670638 0.1432670638 0.1432670638 0.1432670638 0.1432670638 0.1432670638 0.1432670638 0.1432670638 0.1432670638 0.1432670638 0.1432670638 0.1432670638 0.1432670638 0.1432670638 0.114613651 0.1432670638 0.114613651 0.1432670638 0.1432670638 0.114613651 0.1432670638 0.1432670638 0.1432670638 0.1432670638 0.1432670638 0.1432670638 0.1432670638 0.1432670638 0.1432670638 0.1432670638 0.1432670638 0.0859602383 0.114613651 0.114613651 0.114613651 0.114613651 0.114613651 0.0573068255
0.0651635212 0 0.0325817606 0.0977452819 0.0977452819 0.0325817606 0.0651635212 0.0977452819 0.1303270425 0.1629088031 0.0977452819 0.0325817606 0.0977452819 0.0977452819 0.0325817606 0.1303270425 0.1303270425 0.0651635212 0.1303270425 0.1303270425 0.1303270425 0.0977452819 0.1303270425 0.1629088031 0.0977452819 0.1629088031 0.1629088031 0.0977452819 0.1303270425 0.1629088031 0.1629088031 0.1303270425 0.1303270425 0.0651635212 0.1303270425 0.1303270425 0.1303270425 0.1629088031 0.1629088031 0.1303270425 0.1629088031 0.1629088031 0.1629088031 0.0977452819 0.1303270425 0.1629088031 0.1629088031 0.0977452819 0.1629088031 0.1629088031 0.0977452819 0.1629088031 0.1629088031 0.1303270425 0.1629088031 0.1303270425 0.0977452819 0.1629088031 0.1629088031 0.0977452819 0.0651635212 0.1303270425 0.0651635212
0.1147078669 0.1147078669 -0 0.0573539335 0.0573539335 0.0573539335 0.1720618004 0.1147078669 0.1147078669 0.1720618004 0.1720618004 0.1147078669 0.1720618004 0.1720618004 0.1147078669 0.0573539335 0.0573539335 0.0573539335 0.1147078669 0.1147078669 0.1147078669 0.1720618004 0.1147078669 0.1147078669 0.1147078669 0.1147078669 0.1720618004 0.1720618004 0.1147078669 0.1720618004 0.1720618004 0.1720618004 0.1720618004 0.1147078669 0.1720618004 0.1720618004 0.1147078669 0.1147078669 0.1147078669 0.1147078669 0.1720618004 0.1147078669 0.1147078669 0.1147078669 0.0573539335 0.0573539335 0.0573539335 0.1147078669 0.1720618004 0.1720618004 0.1147078669 0.1720618004 0.1720618004 0.1147078669 0.1147078669 0.1720618004 0.0573539335 0.0573539335 0.0573539335 -0 0.1147078669 0.1147078669 0
0.0386984038 0.0773968075 0.0386984038 0.0386984038 0.0773968075 0.0386984038 0.1160952113 0.0773968075 0.0773968075 0.1160952113 0.0773968075 0.0967460094 0.1160952113 0.1160952113 0.1160952113 0.0773968075 0.1160952113 0.0773968075 0.1160952113 0.0773968075 0.1160952113 0.1354444132 0.1547936151 0.1547936151 0.1547936151 0.1160952113 0.1547936151 0.1160952113 0.1547936151 0.1160952113 0.1547936151 0.1160952113 0.1160952113 0.1354444132 0.1547936151 0.1547936151 0.1547936151 0.1547936151 0.1160952113 0.1547936151 0.1160952113 0.1547936151 0.1547936151 0.1354444132 0.1547936151 0.1354444132 0.1547936151 0.1547936151 0.1547936151 0.1547936151 0.1547936151 0.1354444132 0.1547936151 0.1547936151 0.1354444132 0.1547936151 0.1160952113 0.1160952113 0.1160952113 0.1160952113 0.1547936151 0.1160952113 0.0773968075
0.0560772154 0 0.0560772154 0.0560772154 0.1121544308 0.0560772154 0.0560772154 0.1121544308 0.1121544308 0.1682316462 0.1121544308 0.0560772154 0.0560772154 0.1121544308 0.0560772154 0.1121544308 0.1682316462 0.1121544308 0.1121544308 0.1121544308 0.1682316462 0.1121544308 0.1121544308 0.1682316462 0.1121544308 0.1682316462 0.1682316462 0.1121544308 0.1121544308 0.1121544308 0.1682316462 0.1121544308 0.1682316462 0.1121544308 0.1121544308 0.1121544308 0.1682316462 0.1682316462 0.1682316462 0.1682316462 0.1682316462 0.1682316462 0.1682316462 0.1121544308 0.1121544308 0.1121544308 0.1682316462 0.1121544308 0.1121544308 0.1121544308 0.1121544308 0.1682316462 0.1682316462 0.1682316462 0.1682316462 0.1121544308 0.1121544308 0.1121544308 0.1121544308 0.1121544308 0.0560772154 0.1121544308 0.0560772154
0.025118018 0.0753540539 0.025118018 0.0753540539 0.1004720719 0.0753540539 0.1004720719 0.0502360359 0.1004720719 0.1255900898 0.1004720719 0.1004720719 0.1255900898 0.1507081078 0.1255900898 0.1004720719 0.1255900898 0.1004720719 0.1255900898 0.1255900898 0.1255900898 0.1255900898 0.1507081078 0.1507081078 0.1507081078 0.1255900898 0.1507081078 0.1255900898 0.1507081078 0.1507081078 0.1507081078 0.1255900898 0.1507081078 0.1255900898 0.1507081078 0.1507081078 0.1507081078 0.1507081078 0.1255900898 0.1507081078 0.1255900898 0.1507081078 0.1507081078 0.1507081078 0.1507081078 0.1507081078 0.1507081078 0.1507081078 0.1507081078 0.1507081078 0.1507081078 0.1255900898 0.1255900898 0.1255900898 0.0753540539 0.1255900898 0.1255900898 0.1255900898 0.1255900898 0.0753540539 0.1255900898 0.0502360359 0.0502360359
0.0773895644 0.0967369555 0.0386947822 0.0773895644 0.0773895644 0.0193473911 0.1354317377 0.1160843466 0.1257580421 0.1257580421 0.0967369555 0.1257580421 0.1354317377 0.1354317377 0.1160843466 0.1160843466 0.1160843466 0.0580421733 0.1257580421 0.0967369555 0.0967369555 0.1451054332 0.1451054332 0.1451054332 0.1451054332 0.1451054332 0.1451054332 0.1354317377 0.1451054332 0.1451054332 0.1451054332 0.1451054332 0.1451054332 0.1451054332 0.1451054332 0.1451054332 0.1451054332 0.1451054332 0.1354317377 0.1354317377 0.1354317377 0.1354317377 0.1354317377 0.1451054332 0.0677158688 0.1451054332 0.1451054332 0.1451054332 0.1451054332 0.1451054332 0.1451054332 0.1354317377 0.1451054332 0.1451054332 0.1451054332 0.1451054332 0.0580421733 0.1160843466 0.1160843466 0.0677158688 0.1257580421 0.1160843466 0.0386947822
0.0857492926 0.0428746463 0.0428746463 0.1286239389 0.0428746463 0.0428746463 0.1286239389 0.0857492926 0.150061262 0.1286239389 0.1286239389 0.0857492926 0.1286239389 0.0857492926 0.0857492926 0.1714985851 0.0857492926 0.0857492926 0.1286239389 0.1286239389 0.0857492926 0.1286239389 0.1071866157 0.1714985851 0.1714985851 0.150061262 0.1286239389 0.1286239389 0.1286239389 0.1286239389 0.1714985851 0.1714985851 0.1286239389 0.1286239389 0.1071866157 0.1286239389 0.1286239389 0.1714985851 0.1714985851 0.1286239389 0.1071866157 0.1071866157 0.1714985851 0.1714985851 0.0857492926 0.0857492926 0.1714985851 0.1286239389 0.1286239389 0.1714985851 0.0857492926 0.150061262 0.1714985851 0.1714985851 0.0857492926 0.150061262 0.0857492926 0.0857492926 0.1714985851 0.0428746463 0.0857492926 0.1286239389 0.0428746463
0.037953405 0.037953405 0.0506045399 0.0506045399 0.0506045399 0.0632556749 0.0759068099 0.0885579449 0.0885579449 0.0885579449 0.1012090799 0.0885579449 0.0885579449 0.0885579449 0.1012090799 0.1012090799 0.1012090799 0.1138602149 0.1012090799 0.1012090799 0.1138602149 0.1138602149 0.1265113498 0.1138602149 0.1391624848 0.1391624848 0.1391624848 0.1518136198 0.1265113498 0.1391624848 0.1518136198 0.1391624848 0.1391624848 0.1518136198 0.1265113498 0.1138602149 0.1518136198 0.1518136198 0.1391624848 0.1518136198 0.1518136198 0.1518136198 0.1518136198 0.1518136198 0.1265113498 0.1518136198 0.1518136198 0.1518136198 0.1518136198 0.1518136198 0.1518136198 0.1518136198 0.1518136198 0.1518136198 0.1518136198 0.1265113498 0.1391624848 0.1518136198 0.1391624848 0.1518136198 0.1265113498 0.1265113498 0.1138602149
0.0702824785 0.0468549857 0.0702824785 0.0702824785 0.0468549857 0.0702824785 0.1171374642 0.1171374642 0.1171374642 0.1171374642 0.1171374642 0.1171374642 0.1171374642 0.0702824785 0.1171374642 0.1171374642 0.1171374642 0.1171374642 0.1171374642 0.1171374642 0.1171374642 0.140564957 0.140564957 0.140564957 0.140564957 0.140564957 0.140564957 0.140564957 0.140564957 0.140564957 0.140564957 0.140564957 0.140564957 0.140564957 0.140564957 0.140564957 0.140564957 0.140564957 0.140564957 0.140564957 0.140564957 0.140564957 0.140564957 0.140564957 0.140564957 0.140564957 0.140564957 0.140564957 0.140564957 0.140564957 0.140564957 0.140564957 0.140564957 0.140564957 0.140564957 0.140564957 0.1171374642 0.1171374642 0.1171374642 0.1171374642 0.1171374642 0.1171374642 0.0702824785
0.0785674201 0.0785674201 0.0785674201 0.0392837101 0.0392837101 0 0.1571348403 0.1571348403 0.1178511302 0.0785674201 0.0785674201 0.1178511302 0.1178511302 0.1178511302 0.0785674201 0.1178511302 0.1178511302 0.0785674201 0.0785674201 0.0392837101 0.0392837101 0.1178511302 0.1571348403 0.1571348403 0.1571348403 0.1571348403 0.1571348403 0.1571348403 0.1178511302 0.1178511302 0.0785674201 0.1571348403 0.1571348403 0.1178511302 0.1571348403 0.1178511302 0.1178511302 0.1571348403 0.1178511302 0.1178511302 0.0785674201 0.1178511302 0.1178511302 0.1178511302 0.1571348403 0.1571348403 0.1571348403 0.1571348403 0.1571348403 0.1571348403 0.1178511302 0.1571348403 0.1571348403 0.1571348403 0.1571348403 0.1571348403 0.0785674201 0.1178511302 0.1178511302 0.1571348403 0.1571348403 0.1571348403 0.0785674201
-0 0.0386333705 0.0386333705 0.0772667409 0.0772667409 0.0386333705 0.0386333705 0.0386333705 0.0772667409 0.0772667409 0.0386333705 0.0772667409 0.1159001114 0.1159001114 0.0772667409 0.1159001114 0.1159001114 0.0772667409 0.1545334819 0.1159001114 0.1159001114 0.0772667409 0.1159001114 0.1159001114 0.0772667409 0.1159001114 0.1159001114 0.0772667409 0.1545334819 0.1159001114 0.1159001114 0.1545334819 0.1159001114 0.1159001114 0.1545334819 0.1545334819 0.1545334819 0.1545334819 0.1545334819 0.1545334819 0.1545334819 0.1545334819 0.1159001114 0.1159001114 0.1545334819 0.1545334819 0.1545334819 0.1545334819 0.1545334819 0.1545334819 0.1545334819 0.1545334819 0.1545334819 0.1545334819 0.1545334819 0.1545334819 0.1545334819 0.1545334819 0.1545334819 0.1545334819 0.1545334819 0.1545334819 0.1545334819
0.0510310363 0.0510310363 0 0.0510310363 0.0510310363 0.1020620726 0.1020620726 0.0510310363 0.1020620726 0.1020620726 0.1530931089 0.0510310363 0.1020620726 0.1020620726 0.1020620726 0.0510310363 0.0510310363 0.1020620726 0.1020620726 0.1530931089 0.1530931089 0.1020620726 0.1530931089 0.1530931089 0.1530931089 0.1020620726 0.1020620726 0.1530931089 0.1020620726 0.1530931089 0.1530931089 0.1020620726 0.1020620726 0.1020620726 0.1530931089 0.1530931089 0.1530931089 0.1020620726 0.1530931089 0.1530931089 0.1530931089 0.1530931089 0.1530931089 0.1530931089 0.1530931089 0.1530931089 0.1020620726 0.1020620726 0.1530931089 0.1530931089 0.1530931089 0.1530931089 0.1530931089 0.1530931089 0.1530931089 0.1530931089 0.1530931089 0.1530931089 0.1020620726 0.1020620726 0.1530931089 0.1530931089 0.1020620726
0.05488213 0.0731761733 0.0731761733 0.10976426 0.0365880867 0.0365880867 0.1280583033 0.1280583033 0.1280583033 0.0914702167 0.0914702167 0.10976426 0.1463523467 0.10976426 0.10976426 0.1463523467 0.0914702167 0.10976426 0.1280583033 0.1280583033 0.0731761733 0.1463523467 0.1463523467 0.1463523467 0.1463523467 0.1463523467 0.1463523467 0.1463523467 0.1463523467 0.1280583033 0.1280583033 0.1463523467 0.1280583033 0.1463523467 0.1463523467 0.1463523467 0.1280583033 0.1463523467 0.1463523467 0.1280583033 0.1463523467 0.10976426 0.1463523467 0.1463523467 0.1463523467 0.1280583033 0.1463523467 0.1463523467 0.1463523467 0.1463523467 0.1463523467 0.1280583033 0.1280583033 0.1280583033 0.1463523467 0.1463523467 0.0914702167 0.0914702167 0.1280583033 0.10976426 0.1280583033 0.0914702167 0.05488213
0.0589228579 0.0640465846 0.0589228579 0.0589228579 0.0640465846 0.0486754043 0.1229694425 0.1024745354 0.1075982622 0.1204075791 0.0922270819 0.1229694425 0.1229694425 0.1280931693 0.112721989 0.1075982622 0.1024745354 0.1075982622 0.1152838524 0.0973508087 0.1050363988 0.1434643496 0.1434643496 0.1434643496 0.1434643496 0.1357787595 0.1434643496 0.1357787595 0.1409024862 0.1255313059 0.1434643496 0.1434643496 0.1434643496 0.1434643496 0.1434643496 0.1434643496 0.1434643496 0.1434643496 0.1306550327 0.1434643496 0.1434643496 0.1434643496 0.1434643496 0.1434643496 0.1409024862 0.1434643496 0.1434643496 0.1434643496 0.1434643496 0.1434643496 0.1434643496 0.1434643496 0.1434643496 0.1434643496 0.1434643496 0.1434643496 0.1024745354 0.1280931693 0.1152838524 0.1024745354 0.1280931693 0.1204075791 0.0640465846
0.083955096 0.083955096 0.020988774 0.083955096 0.041977548 0.062966322 0.125932644 0.10494387 0.125932644 0.10494387 0.125932644 0.10494387 0.1469214181 0.10494387 0.125932644 0.10494387 0.062966322 0.083955096 0.125932644 0.125932644 0.10494387 0.1469214181 0.1469214181 0.125932644 0.1469214181 0.1469214181 0.125932644 0.1469214181 0.1469214181 0.1469214181 0.125932644 0.1469214181 0.125932644 0.1469214181 0.1469214181 0.1469214181 0.1469214181 0.125932644 0.125932644 0.125932644 0.1469214181 0.1469214181 0.1469214181 0.1469214181 0.125932644 0.125932644 0.125932644 0.1469214181 0.1469214181 0.1469214181 0.125932644 0.1469214181 0.1469214181 0.1469214181 0.1469214181 0.1469214181 0.125932644 0.10494387 0.10494387 0.083955096 0.125932644 0.1469214181 0.062966322
0.0269974624 0.0809923871 0.0269974624 0 0.1349873118 0.0539949247 0.1079898494 0.0539949247 0.0269974624 0.1619847741 0.0809923871 0.1079898494 0.0809923871 0.1349873118 0.1349873118 0.0269974624 0.1619847741 0.0809923871 0.1349873118 0.0539949247 0.1349873118 0.1349873118 0.1079898494 0.1619847741 0.1349873118 0.0539949247 0.1619847741 0.1079898494 0.1619847741 0.0809923871 0.1619847741 0.1079898494 0.1619847741 0.1619847741 0.1349873118 0.1349873118 0.1349873118 0.1619847741 0.0809923871 0.1619847741 0.1349873118 0.1349873118 0.1349873118 0.1619847741 0.1619847741 0.1349873118 0.1079898494 0.1619847741 0.1079898494 0.1619847741 0.1619847741 0.1619847741 0.1619847741 0.1079898494 0.1349873118 0.1619847741 0.1349873118 0.1619847741 0.0809923871 0.1079898494 0.1619847741 0.1079898494 0.0809923871
0.1103381221 0.0735587481 0.0735587481 0.055169061 0.055169061 0.018389687 0.1471174961 0.1471174961 0.1287278091 0.1471174961 0.1287278091 0.1287278091 0.1287278091 0.1287278091 0.0735587481 0.1103381221 0.1103381221 0.0919484351 0.1103381221 0.0735587481 0.0735587481 0.1471174961 0.1471174961 0.1471174961 0.1471174961 0.1471174961 0.1471174961 0.1471174961 0.1471174961 0.1471174961 0.1471174961 0.1471174961 0.1471174961 0.1287278091 0.1471174961 0.1287278091 0.1287278091 0.1471174961 0.1287278091 0.1287278091 0.1287278091 0.1287278091 0.1103381221 0.1287278091 0.1287278091 0.1471174961 0.1287278091 0.1287278091 0.1471174961 0.1471174961 0.1471174961 0.1471174961 0.1471174961 0.1287278091 0.1471174961 0.1471174961 0.0735587481 0.1103381221 0.0919484351 0.1103381221 0.1287278091 0.1287278091 0.055169061
0.0524142418 0.1048284837 0.1048284837 0.0524142418 0.0524142418 0 0.1572427255 0.1048284837 0.1048284837 0.1048284837 0.0524142418 0.1572427255 0.1572427255 0.1572427255 0.1048284837 0.1572427255 0.1048284837 0.1048284837 0.1048284837 0.0524142418 0.0524142418 0.1572427255 0.1572427255 0.1572427255 0.1572427255 0.1572427255 0.1048284837 0.1048284837 0.1048284837 0.1048284837 0.1048284837 0.1572427255 0.1572427255 0.1572427255 0.1572427255 0.1572427255 0.1572427255 0.1572427255 0.1572427255 0.1048284837 0.1048284837 0.1048284837 0.1048284837 0.1572427255 0.1572427255 0.1572427255 0.1572427255 0.1048284837 0.1572427255 0.1048284837 0.1048284837 0.1048284837 0.1572427255 0.1572427255 0.1572427255 0.1572427255 0.0524142418 0.1048284837 0.1048284837 0.1572427255 0.1048284837 0.1048284837 0.0524142418
0.0544043276 0.038860234 0.0466322808 0.0544043276 0.0621763745 0.0777204681 0.0932645617 0.1010366085 0.0854925149 0.1165807021 0.1243527489 0.0854925149 0.0932645617 0.0932645617 0.1165807021 0.1010366085 0.1088086553 0.1243527489 0.1165807021 0.1321247957 0.1398968425 0.1398968425 0.1243527489 0.1398968425 0.1476688893 0.1321247957 0.1476688893 0.1476688893 0.1476688893 0.1476688893 0.1476688893 0.1321247957 0.1398968425 0.1476688893 0.1476688893 0.1476688893 0.1476688893 0.1398968425 0.1476688893 0.1476688893 0.1476688893 0.1398968425 0.1476688893 0.1476688893 0.1476688893 0.1476688893 0.1398968425 0.1476688893 0.1476688893 0.1476688893 0.1010366085 0.1476688893 0.1476688893 0.1476688893 0.1321247957 0.1476688893 0.1321247957 0.1243527489 0.1165807021 0.0854925149 0.0932645617 0.1165807021 0.0621763745
0.0415945165 0.0415945165 0.0415945165 0.0831890331 0.0415945165 0.0831890331 0.0831890331 0.0831890331 0.1247835496 0.0831890331 0.1247835496 0.0831890331 0.1247835496 0.0831890331 0.1247835496 0.1247835496 0.0831890331 0.1247835496 0.1247835496 0.1663780662 0.1247835496 0.1247835496 0.1663780662 0.1247835496 0.1663780662 0.1663780662 0.1247835496 0.1663780662 0.0831890331 0.1663780662 0.1663780662 0.1663780662 0.1247835496 0.0831890331 0.1663780662 0.1663780662 0.1663780662 0.1663780662 0.1663780662 0.1663780662 0.1663780662 0.1663780662 0.1663780662 0.1247835496 0.1247835496 0.1247835496 0.1247835496 0.1247835496 0.1247835496 0.1247835496 0.1247835496 0.1663780662 0.1247835496 0.1247835496 0.1247835496 0.1247835496 0.1247835496 0.0831890331 0.0831890331 0.0831890331 0.0831890331 0.0831890331 0.0415945165
0.0385185608 0.0770371216 0.0770371216 0.0385185608 0.0770371216 0.0385185608 0.1155556824 0.1155556824 0.0770371216 0.1155556824 0.0770371216 0.1155556824 0.1155556824 0.1540742432 0.1155556824 0.1155556824 0.1540742432 0.1155556824 0.1155556824 0.0770371216 0.1155556824 0.1155556824 0.1540742432 0.1540742432 0.1155556824 0.1540742432 0.1540742432 0.1155556824 0.1540742432 0.1155556824 0.1540742432 0.1540742432 0.1540742432 0.1155556824 0.1540742432 0.1540742432 0.1540742432 0.1540742432 0.1540742432 0.1540742432 0.1540742432 0.1540742432 0.1155556824 0.0770371216 0.1540742432 0.1540742432 0.1155556824 0.1540742432 0.1540742432 0.1540742432 0.1540742432 0.1155556824 0.1540742432 0.1155556824 0.1540742432 0.1540742432 0.0770371216 0.1155556824 0.0770371216 0.1155556824 0.1155556824 0.0770371216 0.0385185608
0.0540934646 0.0540934646 0.0540934646 0.0540934646 0.0540934646 0.0540934646 0.0790596791 0.1081869293 0.1081869293 0.1081869293 0.1081869293 0.1081869293 0.1081869293 0.1081869293 0.1081869293 0.0707376076 0.1081869293 0.1081869293 0.1081869293 0.1081869293 0.1081869293 0.1331531437 0.1331531437 0.1081869293 0.0998648578 0.1248310722 0.1206700365 0.1622803939 0.1622803939 0.1622803939 0.1622803939 0.1248310722 0.1622803939 0.1622803939 0.1622803939 0.1622803939 0.1622803939 0.1081869293 0.0998648578 0.1622803939 0.1622803939 0.1497972867 0.1165090007 0.128992108 0.1622803939 0.1539583224 0.128992108 0.1165090007 0.1539583224 0.1622803939 0.1622803939 0.1622803939 0.1497972867 0.1622803939 0.1497972867 0.1373141794 0.112347965 0.112347965 0.112347965 0.112347965 0.112347965 0.112347965 0.0582545004
0.0974354704 0.0324784901 -0 0.0649569802 0.0649569802 0.0649569802 0.1299139605 0.0974354704 0.1623924506 0.1623924506 0.1623924506 0.0324784901 0.0974354704 0.0974354704 0.0974354704 0.0649569802 0.0649569802 0.0649569802 0.0974354704 0.1299139605 0.1299139605 0.1299139605 0.1299139605 0.1623924506 0.1299139605 0.1623924506 0.1623924506 0.1623924506 0.1623924506 0.1623924506 0.1299139605 0.0974354704 0.0974354704 0.0974354704 0.1299139605 0.1623924506 0.1623924506 0.0974354704 0.1299139605 0.1299139605 0.1623924506 0.1299139605 0.1623924506 0.1299139605 0.1299139605 0.1299139605 0.0974354704 0.1623924506 0.1623924506 0.1299139605 0.0974354704 0.1299139605 0.1623924506 0.1623924506 0.1623924506 0.1623924506 0.1299139605 0.1299139605 0.0974354704 0.0649569802 0.0974354704 0.1623924506 0.0649569802
0.0376555029 0.0376555029 0.0753110059 0.0376555029 0.0753110059 0.0753110059 0.0753110059 0.1129665088 0.0753110059 0.1129665088 0.1129665088 0.1129665088 0.0753110059 0.0753110059 0.1129665088 0.1129665088 0.1506220118 0.1317942603 0.1129665088 0.1129665088 0.1506220118 0.1506220118 0.1129665088 0.1129665088 0.1506220118 0.1506220118 0.1506220118 0.1506220118 0.1506220118 0.1506220118 0.1506220118 0.1506220118 0.1506220118 0.1506220118 0.1129665088 0.1506220118 0.1506220118 0.1506220118 0.1129665088 0.1506220118 0.1506220118 0.1506220118 0.1506220118 0.1506220118 0.1506220118 0.1506220118 0.1506220118 0.1506220118 0.1129665088 0.1317942603 0.1506220118 0.1506220118 0.1317942603 0.1317942603 0.1506220118 0.1317942603 0.1129665088 0.1129665088 0.0941387574 0.1129665088 0.0941387574 0.0941387574 0.0564832544
0.0721201079 0.0881467985 0.0721201079 0.0560934172 0.0480800719 0.0320533813 0.1282135251 0.1121868345 0.1202001798 0.1041734891 0.1041734891 0.1362268704 0.1362268704 0.1202001798 0.1121868345 0.1282135251 0.1202001798 0.1041734891 0.1041734891 0.0881467985 0.0801334532 0.1442402157 0.1442402157 0.1442402157 0.1442402157 0.1442402157 0.1442402157 0.1442402157 0.1442402157 0.1442402157 0.1202001798 0.1442402157 0.1442402157 0.1442402157 0.1442402157 0.1442402157 0.1442402157 0.1442402157 0.1442402157 0.1442402157 0.1362268704 0.1121868345 0.1362268704 0.1442402157 0.1282135251 0.1442402157 0.1442402157 0.1442402157 0.1442402157 0.1442402157 0.1442402157 0.1442402157 0.1442402157 0.1442402157 0.1442402157 0.1442402157 0.0881467985 0.0961601438 0.1121868345 0.1041734891 0.1202001798 0.1282135251 0.0560934172
0.0473513724 0.0947027448 0.0473513724 0.0473513724 0.0473513724 0.0947027448 0.118378431 0.0947027448 0.0947027448 0.0947027448 0.118378431 0.118378431 0.118378431 0.118378431 0.1420541171 0.0947027448 0.0947027448 0.118378431 0.0947027448 0.118378431 0.118378431 0.1420541171 0.1420541171 0.1420541171 0.1420541171 0.118378431 0.118378431 0.1420541171 0.118378431 0.1420541171 0.1420541171 0.1420541171 0.1420541171 0.1420541171 0.1420541171 0.1420541171 0.1420541171 0.118378431 0.1420541171 0.1420541171 0.1420541171 0.1420541171 0.1420541171 0.1420541171 0.1420541171 0.1420541171 0.1420541171 0.1420541171 0.1420541171 0.1420541171 0.1420541171 0.1420541171 0.1420541171 0.1420541171 0.1420541171 0.1420541171 0.1420541171 0.118378431 0.118378431 0.118378431 0.1420541171 0.118378431 0.0947027448
0.0543928293 0.0543928293 0.1087856586 0 0.0543928293 0.0543928293 0.1087856586 0.163178488 0.0543928293 0.1087856586 0.1087856586 0.1087856586 0.0543928293 0.1087856586 0.1087856586 0.1087856586 0.163178488 0.163178488 0.0543928293 0.0543928293 0.1087856586 0.163178488 0.1087856586 0.1087856586 0.163178488 0.163178488 0.163178488 0.163178488 0.1087856586 0.1087856586 0.163178488 0.1087856586 0.1087856586 0.163178488 0.1087856586 0.1087856586 0.163178488 0.163178488 0.163178488 0.163178488 0.1087856586 0.163178488 0.1087856586 0.1087856586 0.1087856586 0.163178488 0.163178488 0.163178488 0.163178488 0.1087856586 0.163178488 0.1087856586 0.163178488 0.1087856586 0.163178488 0.163178488 0.1087856586 0.1087856586 0.0543928293 0.163178488 0.1087856586 0.1087856586 0.0543928293
0.0698809157 0.0698809157 0.0698809157 0.0465872771 0.0698809157 0.0698809157 0.1164681928 0.1164681928 0.1164681928 0.1164681928 0.1164681928 0.1164681928 0.1164681928 0.1164681928 0.1164681928 0.1164681928 0.1164681928 0.1164681928 0.1164681928 0.1164681928 0.1164681928 0.1397618314 0.1397618314 0.1397618314 0.1397618314 0.1397618314 0.1397618314 0.1397618314 0.1397618314 0.1397618314 0.1397618314 0.1397618314 0.1397618314 0.1397618314 0.1397618314 0.1397618314 0.1397618314 0.1397618314 0.1397618314 0.1397618314 0.1397618314 0.1397618314 0.1397618314 0.1397618314 0.1397618314 0.1397618314 0.1397618314 0.1397618314 0.1397618314 0.1397618314 0.1397618314 0.1397618314 0.1397618314 0.1397618314 0.1397618314 0.1397618314 0.1164681928 0.1164681928 0.1164681928 0.1164681928 0.1164681928 0.1164681928 0.0698809157
0.0610278198 0.0610278198 0.0610278198 0.0610278198 0.0915417297 0.0305139099 0.1220556395 0.0915417297 0.1220556395 0.1220556395 0.0915417297 0.0915417297 0.1220556395 0.1220556395 0.0915417297 0.1220556395 0.1525695494 0.0915417297 0.0915417297 0.0915417297 0.1220556395 0.1220556395 0.1525695494 0.1525695494 0.1525695494 0.1525695494 0.1525695494 0.1220556395 0.1220556395 0.1220556395 0.1525695494 0.1525695494 0.1525695494 0.1220556395 0.1220556395 0.1220556395 0.1525695494 0.1525695494 0.1525695494 0.1525695494 0.1220556395 0.1525695494 0.1525695494 0.1525695494 0.1220556395 0.1525695494 0.1525695494 0.1220556395 0.1525695494 0.1525695494 0.0915417297 0.1525695494 0.1525695494 0.1525695494 0.1220556395 0.1525695494 0.0915417297 0.1525695494 0.1220556395 0.0915417297 0.0915417297 0.1220556395 0.0610278198
0.0536056267 0.1072112535 0.0536056267 0.0536056267 0.0536056267 0.1072112535 0.1072112535 0.1072112535 0.1072112535 0.1072112535 0.1608168802 0.1072112535 0.1608168802 0.1608168802 0.1072112535 0.1072112535 0.1072112535 0.1608168802 0.0536056267 0.1608168802 0.1608168802 0.1072112535 0.1608168802 0.1608168802 0.1072112535 0.1608168802 0.1608168802 0.1608168802 0.1072112535 0.1608168802 0.1608168802 0.1608168802 0.1608168802 0.1072112535 0.1608168802 0.1608168802 0.1608168802 0.1072112535 0.1608168802 0.1608168802 0.1072112535 0.1608168802 0.1608168802 0.0536056267 0.1608168802 0.1072112535 0.1072112535 0.1072112535 0.1608168802 0.1608168802 0.1072112535 0.1608168802 0.1072112535 0.1072112535 0.1072112535 0.1072112535 0.1072112535 0.0536056267 0.0536056267 0.0536056267 0.1072112535 0.0536056267 0
0.0471404521 0.0707106781 0.0707106781 0.0471404521 0.0707106781 0.0707106781 0.1178511302 0.1178511302 0.0942809042 0.1178511302 0.1178511302 0.1178511302 0.0942809042 0.1178511302 0.1178511302 0.1178511302 0.1178511302 0.1178511302 0.1178511302 0.1178511302 0.1178511302 0.1414213562 0.1178511302 0.1414213562 0.1414213562 0.1414213562 0.1414213562 0.1414213562 0.1414213562 0.1414213562 0.1414213562 0.1414213562 0.1414213562 0.1414213562 0.1414213562 0.1414213562 0.1414213562 0.1414213562 0.1414213562 0.1414213562 0.1414213562 0.1414213562 0.1414213562 0.1414213562 0.1414213562 0.1414213562 0.1414213562 0.1414213562 0.1414213562 0.1414213562 0.1414213562 0.1414213562 0.1414213562 0.1414213562 0.1414213562 0.1414213562 0.1178511302 0.1178511302 0.1178511302 0.1178511302 0.1178511302 0.0942809042 0.0707106781
0.0701238976 0.0701238976 0.0701238976 0.0584365813 0.0584365813 0.0701238976 0.1168731627 0.1168731627 0.1168731627 0.1168731627 0.1168731627 0.1168731627 0.1168731627 0.1051858464 0.1168731627 0.1168731627 0.1168731627 0.1168731627 0.1168731627 0.1168731627 0.1168731627 0.1402477952 0.1402477952 0.1402477952 0.1402477952 0.1402477952 0.1402477952 0.1402477952 0.1402477952 0.1402477952 0.1402477952 0.1402477952 0.1402477952 0.1402477952 0.1402477952 0.1402477952 0.1402477952 0.1402477952 0.1402477952 0.1402477952 0.1402477952 0.1402477952 0.1402477952 0.1402477952 0.1402477952 0.1402477952 0.1402477952 0.1402477952 0.1402477952 0.1402477952 0.1402477952 0.1402477952 0.1402477952 0.1402477952 0.1402477952 0.1402477952 0.1168731627 0.1168731627 0.1168731627 0.1168731627 0.1168731627 0.1051858464 0.0584365813
0.0712671507 0.0475114338 0.0712671507 0.0712671507 0.0712671507 0.0712671507 0.0950228676 0.1187785845 0.1187785845 0.1187785845 0.1187785845 0.1187785845 0.1187785845 0.1187785845 0.0950228676 0.1187785845 0.1187785845 0.1187785845 0.1187785845 0.1187785845 0.1187785845 0.1425343014 0.1425343014 0.1425343014 0.1187785845 0.1425343014 0.1425343014 0.1425343014 0.1425343014 0.1425343014 0.1425343014 0.1425343014 0.1425343014 0.1425343014 0.1425343014 0.1425343014 0.1425343014 0.1187785845 0.1425343014 0.1425343014 0.1425343014 0.1425343014 0.1425343014 0.1425343014 0.1425343014 0.1425343014 0.1425343014 0.1187785845 0.1425343014 0.1425343014 0.1425343014 0.1425343014 0.1425343014 0.1425343014 0.1425343014 0.1187785845 0.1187785845 0.1187785845 0.1187785845 0.1187785845 0.0950228676 0.1187785845 0.0712671507
0.0704372859 0.0704372859 0.0704372859 0.0704372859 0.0704372859 0.0704372859 0.1173954765 0.1173954765 0.1173954765 0.1173954765 0.1173954765 0.1173954765 0.1173954765 0.1173954765 0.1173954765 0.1173954765 0.1173954765 0.1173954765 0.1173954765 0.1173954765 0.1173954765 0.1408745718 0.1408745718 0.1408745718 0.1408745718 0.1408745718 0.1408745718 0.1408745718 0.1408745718 0.1408745718 0.1408745718 0.1408745718 0.1408745718 0.1408745718 0.1408745718 0.1408745718 0.1408745718 0.1408745718 0.1408745718 0.1408745718 0.1408745718 0.1408745718 0.1408745718 0.1408745718 0.1173954765 0.1408745718 0.1408745718 0.1408745718 0.1408745718 0.1408745718 0.1408745718 0.1408745718 0.1408745718 0.1408745718 0.1408745718 0.1408745718 0.0939163812 0.1173954765 0.1173954765 0.0939163812 0.1173954765 0.1173954765 0.0469581906
0.0708881205 0.0708881205 0.0708881205 0.047258747 0.0708881205 0.047258747 0.1181468675 0.1181468675 0.1181468675 0.1181468675 0.094517494 0.1181468675 0.094517494 0.1181468675 0.1181468675 0.1181468675 0.1181468675 0.1181468675 0.1181468675 0.094517494 0.1181468675 0.141776241 0.141776241 0.141776241 0.141776241 0.141776241 0.141776241 0.141776241 0.141776241 0.141776241 0.141776241 0.141776241 0.141776241 0.141776241 0.141776241 0.141776241 0.141776241 0.141776241 0.141776241 0.141776241 0.141776241 0.141776241 0.141776241 0.141776241 0.141776241 0.141776241 0.141776241 0.141776241 0.141776241 0.1181468675 0.141776241 0.141776241 0.141776241 0.141776241 0.141776241 0.141776241 0.1181468675 0.1181468675 0.094517494 0.1181468675 0.1181468675 0.1181468675 0.0708881205
0.0700521694 0.0700521694 0.0700521694 0.0700521694 0.0700521694 0.0700521694 0.1167536156 0.1167536156 0.1167536156 0.1167536156 0.1167536156 0.1167536156 0.1167536156 0.1167536156 0.1167536156 0.1167536156 0.1167536156 0.1167536156 0.1167536156 0.1167536156 0.1167536156 0.1401043387 0.1401043387 0.1401043387 0.1401043387 0.1401043387 0.1401043387 0.1401043387 0.1401043387 0.1401043387 0.1401043387 0.1401043387 0.1401043387 0.1401043387 0.1401043387 0.1401043387 0.1401043387 0.1401043387 0.1401043387 0.1401043387 0.1401043387 0.1401043387 0.1401043387 0.1401043387 0.1401043387 0.1401043387 0.1401043387 0.1401043387 0.1401043387 0.1401043387 0.1401043387 0.1401043387 0.1401043387 0.1401043387 0.1401043387 0.1401043387 0.1167536156 0.1167536156 0.0934028925 0.1167536156 0.1167536156 0.1167536156 0.0467014462
0.0358057437 0.0716114874 0.0716114874 0.0716114874 0.0716114874 0.0358057437 0.1074172311 0.1074172311 0.1074172311 0.1074172311 0.0716114874 0.1074172311 0.1432229748 0.1074172311 0.1074172311 0.1074172311 0.1432229748 0.1074172311 0.1074172311 0.1074172311 0.1074172311 0.1432229748 0.1432229748 0.1432229748 0.1432229748 0.1432229748 0.1432229748 0.1074172311 0.1432229748 0.1432229748 0.1074172311 0.1432229748 0.1432229748 0.1432229748 0.1432229748 0.1432229748 0.1432229748 0.1432229748 0.1432229748 0.1432229748 0.1432229748 0.1432229748 0.1432229748 0.1432229748 0.1432229748 0.1432229748 0.1432229748 0.1432229748 0.1432229748 0.1432229748 0.1432229748 0.1432229748 0.1432229748 0.1432229748 0.1432229748 0.1432229748 0.1074172311 0.1074172311 0.1432229748 0.1074172311 0.1432229748 0.1074172311 0.0716114874
0.0877058019 0.0584705346 0.1169410692 0.0584705346 0 0.0584705346 0.1169410692 0.1461763366 0.1169410692 0.0877058019 0.1169410692 0.1461763366 0.1169410692 0.0584705346 0.1169410692 0.1461763366 0.1169410692 0.1461763366 0.0584705346 0.1169410692 0.0584705346 0.1461763366 0.1461763366 0.1169410692 0.1461763366 0.1461763366 0.1461763366 0.1461763366 0.1169410692 0.1461763366 0.1169410692 0.1461763366 0.1461763366 0.1461763366 0.1169410692 0.1461763366 0.1169410692 0.1461763366 0.1461763366 0.1461763366 0.1169410692 0.1169410692 0.1461763366 0.1169410692 0.1461763366 0.1461763366 0.1461763366 0.1461763366 0.1169410692 0.1461763366 0.1461763366 0.1461763366 0.1461763366 0.1461763366 0.1461763366 0.1461763366 0.1169410692 0.0584705346 0.1169410692 0.1461763366 0.1169410692 0.1461763366 0.0584705346
0.0471142847 0.0706714271 0.0706714271 0.0706714271 0.0471142847 0.0706714271 0.1177857119 0.1177857119 0.1177857119 0.0706714271 0.1177857119 0.1177857119 0.1177857119 0.1177857119 0.1177857119 0.1177857119 0.1177857119 0.1177857119 0.1177857119 0.1177857119 0.0942285695 0.1413428542 0.1413428542 0.1413428542 0.1413428542 0.1413428542 0.1413428542 0.1413428542 0.1413428542 0.1413428542 0.1177857119 0.1413428542 0.1413428542 0.1413428542 0.1413428542 0.1413428542 0.1413428542 0.1413428542 0.1413428542 0.1413428542 0.1413428542 0.1413428542 0.1413428542 0.1413428542 0.1413428542 0.1413428542 0.1413428542 0.1413428542 0.1413428542 0.1413428542 0.1413428542 0.1413428542 0.1413428542 0.1413428542 0.1413428542 0.1413428542 0.1177857119 0.1177857119 0.1177857119 0.1177857119 0.1177857119 0.1177857119 0.0706714271
0.0474445445 0.0711668168 0.0948890891 0.0474445445 0.0948890891 0.0474445445 0.1186113613 0.1186113613 0.0948890891 0.1186113613 0.0948890891 0.1423336336 0.1186113613 0.1423336336 0.1186113613 0.1186113613 0.1423336336 0.1186113613 0.1186113613 0.0948890891 0.1186113613 0.1423336336 0.1423336336 0.1423336336 0.1423336336 0.1423336336 0.1423336336 0.1423336336 0.1423336336 0.1186113613 0.1423336336 0.1423336336 0.1423336336 0.1423336336 0.1423336336 0.1423336336 0.1423336336 0.1423336336 0.1423336336 0.1423336336 0.1423336336 0.1423336336 0.1186113613 0.1423336336 0.1423336336 0.1423336336 0.1423336336 0.1423336336 0.1423336336 0.1423336336 0.1423336336 0.1186113613 0.1423336336 0.1186113613 0.1423336336 0.1423336336 0.0948890891 0.1186113613 0.0948890891 0.1186113613 0.1186113613 0.0948890891 0.0474445445
0.0704033344 0.0704033344 0.0704033344 0.0469355563 0.0704033344 0.0469355563 0.1173388906 0.1173388906 0.1173388906 0.1173388906 0.1173388906 0.1173388906 0.1173388906 0.1173388906 0.1056050016 0.1173388906 0.1173388906 0.1173388906 0.1173388906 0.0821372234 0.1056050016 0.1408066688 0.1408066688 0.1408066688 0.1408066688 0.1408066688 0.1408066688 0.1408066688 0.1408066688 0.1408066688 0.1408066688 0.1408066688 0.1408066688 0.1408066688 0.1408066688 0.1408066688 0.1408066688 0.1408066688 0.1408066688 0.1408066688 0.1408066688 0.1408066688 0.1408066688 0.1408066688 0.1408066688 0.1408066688 0.1408066688 0.1408066688 0.1408066688 0.1408066688 0.1408066688 0.1408066688 0.1408066688 0.1408066688 0.1408066688 0.1408066688 0.1173388906 0.1173388906 0.1173388906 0.1173388906 0.1173388906 0.1173388906 0.0704033344
0.0589952534 0.0707943041 0.0589952534 0.0589952534 0.0589952534 0.0589952534 0.1179905069 0.0943924055 0.1179905069 0.1179905069 0.1179905069 0.1179905069 0.1061914562 0.1061914562 0.1179905069 0.1179905069 0.1061914562 0.1179905069 0.1179905069 0.1061914562 0.1179905069 0.1415886082 0.1415886082 0.1415886082 0.1415886082 0.1415886082 0.1297895576 0.1415886082 0.1415886082 0.1415886082 0.1415886082 0.1415886082 0.1415886082 0.1415886082 0.1415886082 0.1415886082 0.1415886082 0.1415886082 0.1415886082 0.1415886082 0.1415886082 0.1415886082 0.1415886082 0.1415886082 0.1415886082 0.1415886082 0.1415886082 0.1415886082 0.1415886082 0.1415886082 0.1415886082 0.1415886082 0.1415886082 0.1415886082 0.1415886082 0.1415886082 0.1061914562 0.1179905069 0.1179905069 0.1179905069 0.1179905069 0.1179905069 0.0707943041
0.0890870806 0.0445435403 0.0890870806 -0 0.0445435403 0.0445435403 0.0890870806 0.1781741613 0.0890870806 0.133630621 0.133630621 0.133630621 0.0445435403 0.0890870806 0.0890870806 0.0890870806 0.0890870806 0.133630621 0.0445435403 0.0445435403 0.0890870806 0.133630621 0.0890870806 0.133630621 0.133630621 0.1781741613 0.133630621 0.1781741613 0.133630621 0.133630621 0.1781741613 0.133630621 0.133630621 0.1781741613 0.0890870806 0.0890870806 0.133630621 0.0890870806 0.133630621 0.133630621 0.0890870806 0.133630621 0.0890870806 0.133630621 0.133630621 0.133630621 0.1781741613 0.133630621 0.1781741613 0.133630621 0.1781741613 0.133630621 0.1781741613 0.1781741613 0.133630621 0.133630621 0.0890870806 0.133630621 0.0890870806 0.1781741613 0.133630621 0.1781741613 0.0890870806
0.0285132974 0.0570265949 0.0570265949 0.0855398923 0.0855398923 0.0570265949 0.0855398923 0.0855398923 0.1140531897 0.1140531897 0.0855398923 0.1140531897 0.1140531897 0.1140531897 0.1140531897 0.1140531897 0.1140531897 0.1140531897 0.1425664871 0.1140531897 0.1140531897 0.1140531897 0.1425664871 0.1425664871 0.1140531897 0.1425664871 0.1425664871 0.1140531897 0.1425664871 0.1425664871 0.1425664871 0.1425664871 0.1425664871 0.1425664871 0.1425664871 0.1425664871 0.1425664871 0.1425664871 0.1425664871 0.1425664871 0.1425664871 0.1425664871 0.1425664871 0.1425664871 0.1425664871 0.1425664871 0.1425664871 0.1425664871 0.1425664871 0.1425664871 0.1425664871 0.1425664871 0.1425664871 0.1425664871 0.1425664871 0.1425664871 0.1140531897 0.1425664871 0.1425664871 0.1140531897 0.1140531897 0.1140531897 0.0855398923
0.0521482888 0.0956051961 0.0521482888 0.0347655259 0.0608396703 0.0608396703 0.1260250313 0.0999508869 0.0869138147 0.1129879591 0.1042965776 0.1260250313 0.1129879591 0.130370722 0.1260250313 0.0869138147 0.1129879591 0.1042965776 0.0912595054 0.0956051961 0.1042965776 0.1434077942 0.1434077942 0.1434077942 0.1434077942 0.130370722 0.1390621035 0.1434077942 0.130370722 0.1216793405 0.1434077942 0.1434077942 0.1434077942 0.1434077942 0.1434077942 0.1434077942 0.1434077942 0.130370722 0.1216793405 0.1434077942 0.1347164127 0.1434077942 0.1434077942 0.1434077942 0.1434077942 0.1434077942 0.1434077942 0.1434077942 0.1434077942 0.1434077942 0.1434077942 0.1434077942 0.1434077942 0.1434077942 0.1434077942 0.1434077942 0.130370722 0.1260250313 0.1173336498 0.1216793405 0.1390621035 0.1216793405 0.0956051961
0.0550481883 0.0550481883 0.0550481883 0.0550481883 0.0550481883 0.0550481883 0.1100963765 0.1100963765 0.1100963765 0.0550481883 0.1100963765 0.1100963765 0.1100963765 0.1100963765 0.1100963765 0.1100963765 0.1100963765 0.1100963765 0.1100963765 0.1100963765 0.1100963765 0.1651445648 0.1651445648 0.1100963765 0.1651445648 0.1100963765 0.1100963765 0.1651445648 0.1100963765 0.1651445648 0.1100963765 0.1100963765 0.1100963765 0.1651445648 0.1651445648 0.1100963765 0.1651445648 0.1651445648 0.1651445648 0.1651445648 0.1651445648 0.1100963765 0.1100963765 0.1651445648 0.1100963765 0.1651445648 0.1651445648 0.1100963765 0.1651445648 0.1651445648 0.1651445648 0.1100963765 0.1100963765 0.1651445648 0.1651445648 0.1651445648 0.0550481883 0.1100963765 0.1100963765 0.1100963765 0.1100963765 0.1100963765 0.0550481883
0.0760285921 0.0760285921 0 0.0760285921 0.0380142961 0.0760285921 0.1520571843 0.0760285921 0.1520571843 0.0760285921 0.1520571843 0.0760285921 0.1140428882 0.1140428882 0.1520571843 0.0760285921 0.0380142961 0.0760285921 0.1140428882 0.1520571843 0.1140428882 0.1520571843 0.1520571843 0.1520571843 0.1520571843 0.1520571843 0.0760285921 0.1520571843 0.1520571843 0.1520571843 0.1140428882 0.1140428882 0.1140428882 0.1520571843 0.1520571843 0.1520571843 0.1520571843 0.1140428882 0.1520571843 0.1140428882 0.1520571843 0.1520571843 0.1520571843 0.1520571843 0.1140428882 0.1140428882 0.1140428882 0.1520571843 0.1520571843 0.1140428882 0.1140428882 0.1520571843 0.1520571843 0.1520571843 0.1520571843 0.1520571843 0.1140428882 0.1140428882 0.1140428882 0.0760285921 0.1140428882 0.1520571843 0.0760285921
0.0595069449 0.0952111118 0.0833097228 0.0595069449 0.0476055559 0.0595069449 0.1309152787 0.1190138897 0.1190138897 0.0952111118 0.1190138897 0.1309152787 0.1309152787 0.1190138897 0.1309152787 0.1190138897 0.1190138897 0.1190138897 0.0952111118 0.1190138897 0.0952111118 0.1428166677 0.1428166677 0.1428166677 0.1428166677 0.1428166677 0.1428166677 0.1428166677 0.1428166677 0.1428166677 0.1428166677 0.1428166677 0.1428166677 0.1428166677 0.1428166677 0.1428166677 0.1428166677 0.1428166677 0.1428166677 0.1428166677 0.1428166677 0.1190138897 0.1428166677 0.1190138897 0.1428166677 0.1428166677 0.1428166677 0.1428166677 0.1428166677 0.1428166677 0.1428166677 0.1428166677 0.1190138897 0.1428166677 0.1428166677 0.1428166677 0.0952111118 0.0952111118 0.0952111118 0.1190138897 0.1190138897 0.0952111118 0.0476055559
0.1038698288 0.0519349144 0.0779023716 0.0259674572 0.0519349144 0.0519349144 0.1038698288 0.1558047432 0.129837286 0.1558047432 0.1558047432 0.129837286 0.0779023716 0.1038698288 0.1038698288 0.1038698288 0.129837286 0.129837286 0.0779023716 0.0779023716 0.1038698288 0.1558047432 0.129837286 0.1558047432 0.1558047432 0.129837286 0.1558047432 0.1558047432 0.1558047432 0.1558047432 0.1558047432 0.1558047432 0.1558047432 0.129837286 0.129837286 0.129837286 0.129837286 0.129837286 0.1558047432 0.1558047432 0.129837286 0.129837286 0.1038698288 0.1038698288 0.1558047432 0.1558047432 0.129837286 0.129837286 0.129837286 0.1038698288 0.1558047432 0.1558047432 0.1558047432 0.1558047432 0.1558047432 0.129837286 0.0779023716 0.0779023716 0.0519349144 0.1038698288 0.0779023716 0.129837286 0.0259674572
0.0845825812 0.0563883874 0.0845825812 0.0563883874 0.0563883874 0.0563883874 0.1127767749 0.1409709686 0.1127767749 0.1127767749 0.1127767749 0.1127767749 0.1127767749 0.1127767749 0.1127767749 0.1127767749 0.1127767749 0.1127767749 0.1127767749 0.1127767749 0.1127767749 0.1409709686 0.1409709686 0.1409709686 0.1409709686 0.1409709686 0.1409709686 0.1409709686 0.1409709686 0.1409709686 0.1409709686 0.1409709686 0.1409709686 0.1409709686 0.1409709686 0.1409709686 0.1409709686 0.1409709686 0.1409709686 0.1409709686 0.1409709686 0.1409709686 0.1409709686 0.1409709686 0.1409709686 0.1409709686 0.1409709686 0.1409709686 0.1409709686 0.1409709686 0.1409709686 0.1409709686 0.1409709686 0.1409709686 0.1409709686 0.1409709686 0.1127767749 0.1127767749 0.1127767749 0.1127767749 0.1127767749 0.1127767749 0.0563883874
0.070417879 0.070417879 0.070417879 0.070417879 0.0586815659 0.0586815659 0.1173631317 0.1173631317 0.1173631317 0.1173631317 0.1173631317 0.1173631317 0.1173631317 0.1173631317 0.1173631317 0.1173631317 0.1056268185 0.1173631317 0.1056268185 0.1056268185 0.1173631317 0.140835758 0.140835758 0.140835758 0.140835758 0.140835758 0.140835758 0.140835758 0.140835758 0.140835758 0.140835758 0.140835758 0.140835758 0.140835758 0.140835758 0.140835758 0.140835758 0.1290994449 0.140835758 0.140835758 0.140835758 0.140835758 0.140835758 0.140835758 0.140835758 0.140835758 0.140835758 0.140835758 0.140835758 0.140835758 0.140835758 0.140835758 0.140835758 0.140835758 0.140835758 0.140835758 0.1173631317 0.1173631317 0.1056268185 0.1173631317 0.1173631317 0.1173631317 0.0586815659
0.0530495892 0.0707327856 0.0530495892 0.0530495892 0.088415982 0.0707327856 0.1060991784 0.1060991784 0.1060991784 0.1237823747 0.1060991784 0.1060991784 0.1060991784 0.1237823747 0.1237823747 0.1060991784 0.1237823747 0.1060991784 0.1237823747 0.1060991784 0.1237823747 0.1414655711 0.1414655711 0.1414655711 0.1414655711 0.1237823747 0.1414655711 0.1414655711 0.1414655711 0.1414655711 0.1414655711 0.1414655711 0.1414655711 0.1414655711 0.1414655711 0.1414655711 0.1414655711 0.1414655711 0.1414655711 0.1414655711 0.1414655711 0.1414655711 0.1414655711 0.1414655711 0.1414655711 0.1414655711 0.1414655711 0.1414655711 0.1414655711 0.1414655711 0.1414655711 0.1414655711 0.1414655711 0.1414655711 0.1414655711 0.1414655711 0.1237823747 0.1237823747 0.1060991784 0.1060991784 0.1237823747 0.1060991784 0.0707327856
0.0878561119 0.0878561119 0.0878561119 0 0.0585707413 0.0585707413 0.1464268532 0.1464268532 0.0878561119 0.1464268532 0.1464268532 0.1464268532 0.0878561119 0.1171414825 0.1171414825 0.0878561119 0.1171414825 0.1171414825 0.0585707413 0.0585707413 0.1171414825 0.1464268532 0.1464268532 0.1464268532 0.1464268532 0.1464268532 0.1464268532 0.1464268532 0.1464268532 0.1464268532 0.1464268532 0.1464268532 0.1464268532 0.1464268532 0.1171414825 0.1171414825 0.1464268532 0.1171414825 0.1171414825 0.1464268532 0.1171414825 0.1464268532 0.1171414825 0.1171414825 0.1464268532 0.1464268532 0.1171414825 0.1464268532 0.1464268532 0.1171414825 0.1464268532 0.1464268532 0.1464268532 0.1464268532 0.1464268532 0.1464268532 0.1171414825 0.1171414825 0.0585707413 0.1171414825 0.1171414825 0.1464268532 0.0585707413
0.072547625 0.0483650833 0 0.072547625 0.072547625 0.1209127084 0.1209127084 0.072547625 0.1209127084 0.1209127084 0.14509525 0.0483650833 0.1209127084 0.1209127084 0.14509525 0.072547625 0.072547625 0.1209127084 0.1209127084 0.14509525 0.14509525 0.1209127084 0.14509525 0.14509525 0.14509525 0.1209127084 0.1209127084 0.14509525 0.14509525 0.14509525 0.14509525 0.1209127084 0.1209127084 0.14509525 0.14509525 0.14509525 0.14509525 0.1209127084 0.14509525 0.14509525 0.14509525 0.14509525 0.14509525 0.14509525 0.14509525 0.1209127084 0.1209127084 0.14509525 0.14509525 0.14509525 0.1209127084 0.14509525 0.14509525 0.14509525 0.1209127084 0.14509525 0.14509525 0.1209127084 0.1209127084 0.072547625 0.1209127084 0.1209127084 0.072547625
0.1143323901 0.057166195 0.057166195 0.057166195 0 0.057166195 0.1143323901 0.1714985851 0.1714985851 0.1143323901 0.1143323901 0.1143323901 0.1143323901 0.057166195 0.1143323901 0.1143323901 0.057166195 0.1143323901 0.057166195 0.1143323901 0.057166195 0.1714985851 0.1143323901 0.1143323901 0.057166195 0.1714985851 0.1714985851 0.1714985851 0.1714985851 0.1143323901 0.1143323901 0.1714985851 0.1143323901 0.1714985851 0.1143323901 0.1714985851 0.1143323901 0.1143323901 0.1714985851 0.1143323901 0.1143323901 0.1143323901 0.1714985851 0.1143323901 0.1143323901 0.057166195 0.057166195 0.1714985851 0.1143323901 0.1714985851 0.1143323901 0.1714985851 0.1714985851 0.1714985851 0.1714985851 0.1714985851 0.1143323901 0.057166195 0.1143323901 0.057166195 0.1143323901 0.1714985851 0.057166195
0.0473513724 0.0710270586 0.0710270586 0.0710270586 0.0473513724 0.0710270586 0.118378431 0.118378431 0.118378431 0.0710270586 0.0947027448 0.118378431 0.118378431 0.118378431 0.118378431 0.118378431 0.118378431 0.118378431 0.118378431 0.118378431 0.0947027448 0.1420541171 0.1420541171 0.1420541171 0.1420541171 0.1420541171 0.1420541171 0.1420541171 0.1420541171 0.1420541171 0.0947027448 0.1420541171 0.1420541171 0.1420541171 0.1420541171 0.1420541171 0.1420541171 0.1420541171 0.1420541171 0.1420541171 0.1420541171 0.1420541171 0.1420541171 0.1420541171 0.1420541171 0.1420541171 0.1420541171 0.1420541171 0.1420541171 0.1420541171 0.1420541171 0.1420541171 0.1420541171 0.1420541171 0.1420541171 0.1420541171 0.118378431 0.118378431 0.118378431 0.118378431 0.118378431 0.118378431 0.0710270586
0.0697863158 0.0697863158 0.0697863158 0.0697863158 0.0697863158 0.0697863158 0.1163105263 0.1163105263 0.1163105263 0.1163105263 0.1163105263 0.1163105263 0.1163105263 0.1163105263 0.1163105263 0.1163105263 0.1163105263 0.1163105263 0.1163105263 0.1163105263 0.1163105263 0.1395726316 0.1395726316 0.1395726316 0.1395726316 0.1395726316 0.1395726316 0.1395726316 0.1395726316 0.1395726316 0.1395726316 0.1395726316 0.1395726316 0.1395726316 0.1395726316 0.1395726316 0.1395726316 0.1395726316 0.1395726316 0.1395726316 0.1395726316 0.1395726316 0.1395726316 0.1395726316 0.1395726316 0.1395726316 0.1395726316 0.1395726316 0.1395726316 0.1395726316 0.1395726316 0.1395726316 0.1395726316 0.1395726316 0.1395726316 0.1395726316 0.1163105263 0.1163105263 0.1163105263 0.1163105263 0.1163105263 0.1163105263 0.0697863158
0.0609207699 0.0609207699 0.0812276932 0.0609207699 0.0609207699 0.0609207699 0.1015346165 0.1218415398 0.1218415398 0.1218415398 0.1218415398 0.1218415398 0.1015346165 0.1218415398 0.1015346165 0.1218415398 0.1218415398 0.1218415398 0.1218415398 0.1218415398 0.1218415398 0.1421484631 0.1421484631 0.1421484631 0.1421484631 0.1421484631 0.1421484631 0.1421484631 0.1421484631 0.1421484631 0.1421484631 0.1421484631 0.1421484631 0.1421484631 0.1421484631 0.1421484631 0.1421484631 0.1421484631 0.1421484631 0.1421484631 0.1421484631 0.1421484631 0.1421484631 0.1421484631 0.1421484631 0.1421484631 0.1421484631 0.1218415398 0.1421484631 0.1218415398 0.1421484631 0.1421484631 0.1421484631 0.1421484631 0.1421484631 0.1218415398 0.1015346165 0.1218415398 0.1015346165 0.1218415398 0.1015346165 0.1015346165 0.0609207699
0.0620671205 0.1137897209 0.0517226004 0.0517226004 0.0931006808 0.0413780803 0.1344787611 0.1137897209 0.1034452008 0.1344787611 0.0931006808 0.1344787611 0.1344787611 0.1448232812 0.1344787611 0.1034452008 0.124134241 0.0827561607 0.124134241 0.0827561607 0.124134241 0.1448232812 0.1448232812 0.1448232812 0.1448232812 0.1448232812 0.1448232812 0.1344787611 0.1448232812 0.124134241 0.1448232812 0.1448232812 0.1448232812 0.1448232812 0.1448232812 0.1448232812 0.1448232812 0.1448232812 0.124134241 0.1448232812 0.1448232812 0.1448232812 0.1137897209 0.1448232812 0.124134241 0.1448232812 0.124134241 0.1448232812 0.1448232812 0.1448232812 0.1448232812 0.124134241 0.1448232812 0.124134241 0.1344787611 0.1448232812 0.0827561607 0.124134241 0.0827561607 0.0931006808 0.1344787611 0.0931006808 0.0413780803
0.0371647073 0.0743294146 0.0371647073 0 0.0743294146 0.0743294146 0.1114941219 0.0743294146 0.0371647073 0.1114941219 0.1114941219 0.1114941219 0.0743294146 0.1486588292 0.1486588292 0.0371647073 0.1114941219 0.1114941219 0.0743294146 0.0743294146 0.1486588292 0.1486588292 0.1114941219 0.1486588292 0.1486588292 0.0743294146 0.1486588292 0.1486588292 0.1114941219 0.1114941219 0.1486588292 0.1114941219 0.1486588292 0.1486588292 0.1486588292 0.1486588292 0.1486588292 0.1114941219 0.1114941219 0.1486588292 0.1486588292 0.1486588292 0.1486588292 0.1114941219 0.1486588292 0.1486588292 0.1486588292 0.1486588292 0.1486588292 0.1486588292 0.1486588292 0.1486588292 0.1486588292 0.1486588292 0.1486588292 0.1486588292 0.1486588292 0.1114941219 0.1114941219 0.1486588292 0.1486588292 0.1486588292 0.1114941219
0.1078327732 0.0539163866 0 0 0.0539163866 0.1078327732 0.1617491598 0.1078327732 0.1078327732 0.1617491598 0.1617491598 0.0539163866 0.0539163866 0.1078327732 0.1617491598 -0 0.0539163866 0.1078327732 0.0539163866 0.1078327732 0.1617491598 0.1617491598 0.1617491598 0.1617491598 0.1078327732 0.1078327732 0.1617491598 0.1617491598 0.1617491598 0.1617491598 0.1078327732 0.0539163866 0.1078327732 0.1617491598 0.1078327732 0.1617491598 0.1617491598 0.0539163866 0.1078327732 0.1617491598 0.1617491598 0.1617491598 0.1617491598 0.1078327732 0.1617491598 0.1078327732 0.0539163866 0.1617491598 0.1617491598 0.1078327732 0.1078327732 0.1078327732 0.1617491598 0.1617491598 0.1617491598 0.1617491598 0.1617491598 0.1078327732 0.0539163866 0.0539163866 0.1078327732 0.1617491598 0.0539163866
0.070495603 0.070495603 0.0469970686 0.070495603 0.070495603 0.0469970686 0.1174926716 0.1174926716 0.1174926716 0.1174926716 0.1174926716 0.0939941373 0.1174926716 0.1174926716 0.1174926716 0.1174926716 0.1174926716 0.0939941373 0.1174926716 0.1174926716 0.0939941373 0.1409912059 0.1409912059 0.1409912059 0.1409912059 0.1409912059 0.1409912059 0.1409912059 0.1409912059 0.1409912059 0.1409912059 0.1409912059 0.1409912059 0.1409912059 0.1409912059 0.1409912059 0.1409912059 0.1409912059 0.1409912059 0.1409912059 0.1409912059 0.1409912059 0.1409912059 0.1409912059 0.1409912059 0.1409912059 0.1409912059 0.1409912059 0.1409912059 0.1409912059 0.1409912059 0.1409912059 0.1409912059 0.1409912059 0.1409912059 0.1409912059 0.1174926716 0.1174926716 0.1174926716 0.1174926716 0.1174926716 0.1174926716 0.070495603
0.0645779815 0.0581201833 0.0645779815 0.0581201833 0.0645779815 0.0516623852 0.1097825685 0.129155963 0.1097825685 0.129155963 0.1033247704 0.1097825685 0.1033247704 0.1097825685 0.1097825685 0.1097825685 0.129155963 0.1033247704 0.1097825685 0.1033247704 0.1033247704 0.1420715593 0.1420715593 0.1420715593 0.1420715593 0.1420715593 0.1420715593 0.1420715593 0.1420715593 0.1420715593 0.1420715593 0.1420715593 0.1420715593 0.1420715593 0.1420715593 0.1226981648 0.1420715593 0.1420715593 0.1420715593 0.1420715593 0.1420715593 0.1420715593 0.1420715593 0.1420715593 0.1420715593 0.1420715593 0.1420715593 0.1420715593 0.1420715593 0.1420715593 0.1420715593 0.1420715593 0.1420715593 0.1420715593 0.1420715593 0.1420715593 0.129155963 0.1097825685 0.1226981648 0.1097825685 0.1226981648 0.1097825685 0.0774935778
0.0611990061 0.0611990061 0.0611990061 0.0305995031 0.0917985092 0.0305995031 0.1223980123 0.1223980123 0.0611990061 0.1529975153 0.0917985092 0.1223980123 0.0917985092 0.1223980123 0.0917985092 0.0611990061 0.1529975153 0.0917985092 0.1223980123 0.0611990061 0.1223980123 0.1529975153 0.1223980123 0.1529975153 0.1529975153 0.0917985092 0.1529975153 0.1529975153 0.1529975153 0.0917985092 0.1529975153 0.1223980123 0.1529975153 0.1529975153 0.1529975153 0.1223980123 0.1223980123 0.1529975153 0.0917985092 0.1529975153 0.1529975153 0.1223980123 0.1529975153 0.1529975153 0.1529975153 0.1529975153 0.1223980123 0.1223980123 0.1223980123 0.1529975153 0.1529975153 0.1529975153 0.1529975153 0.1223980123 0.1529975153 0.1529975153 0.1223980123 0.1223980123 0.1223980123 0.1223980123 0.1223980123 0.1223980123 0.0917985092
0.0974740358 0.0243685089 0.0487370179 0.0974740358 0.0487370179 0.0243685089 0.1218425447 0.1218425447 0.1218425447 0.1462110536 0.1218425447 0.0731055268 0.1218425447 0.0731055268 0.0487370179 0.1462110536 0.0974740358 0.0731055268 0.1218425447 0.1218425447 0.0731055268 0.1462110536 0.1462110536 0.1462110536 0.1218425447 0.1462110536 0.1462110536 0.1462110536 0.1462110536 0.1462110536 0.1462110536 0.1462110536 0.1218425447 0.0974740358 0.1462110536 0.1462110536 0.0974740358 0.1462110536 0.1462110536 0.1218425447 0.1462110536 0.1462110536 0.1462110536 0.1462110536 0.1462110536 0.1462110536 0.1462110536 0.1218425447 0.1462110536 0.1462110536 0.1462110536 0.1462110536 0.1462110536 0.1462110536 0.1462110536 0.1462110536 0.0974740358 0.1218425447 0.1462110536 0.1218425447 0.0974740358 0.1462110536 0.0731055268
0.0873333765 0.058222251 0.1164445019 0.058222251 0.058222251 0.0873333765 0.1164445019 0.1455556274 0.1164445019 0.1164445019 0.1455556274 0.1455556274 0.1164445019 0.1164445019 0.1164445019 0.1455556274 0.1455556274 0.1455556274 0.1164445019 0.1164445019 0.1164445019 0.1455556274 0.1455556274 0.1455556274 0.1455556274 0.1455556274 0.1455556274 0.1455556274 0.1455556274 0.1455556274 0.1455556274 0.1455556274 0.1455556274 0.1455556274 0.1455556274 0.1455556274 0.1455556274 0.1455556274 0.1455556274 0.1455556274 0.1455556274 0.1164445019 0.1164445019 0.1164445019 0.1455556274 0.1455556274 0.1455556274 0.1164445019 0.1164445019 0.1164445019 0.1455556274 0.1455556274 0.1164445019 0.1164445019 0.1455556274 0.1164445019 0.0873333765 0.058222251 0.058222251 0.1164445019 0.058222251 0.0873333765 0
0.0476250476 0.0635000635 0.0476250476 0.0793750794 0.0793750794 0.0793750794 0.1111251111 0.0793750794 0.1111251111 0.1111251111 0.1111251111 0.1111251111 0.127000127 0.127000127 0.1111251111 0.1111251111 0.1111251111 0.1111251111 0.127000127 0.127000127 0.127000127 0.127000127 0.1428751429 0.1428751429 0.1428751429 0.127000127 0.127000127 0.127000127 0.1428751429 0.1428751429 0.1428751429 0.1428751429 0.1428751429 0.1428751429 0.1428751429 0.1428751429 0.1428751429 0.1428751429 0.1428751429 0.1428751429 0.1428751429 0.1428751429 0.1428751429 0.127000127 0.1428751429 0.1428751429 0.1428751429 0.1428751429 0.1428751429 0.1428751429 0.1428751429 0.1428751429 0.1428751429 0.1428751429 0.127000127 0.1428751429 0.127000127 0.1111251111 0.1111251111 0.1111251111 0.127000127 0.1111251111 0.0635000635
0.0474578998 0.0474578998 0.0474578998 0.0474578998 0.0474578998 0.0474578998 0.0949157996 0.0949157996 0.0949157996 0.0949157996 0.0949157996 0.0949157996 0.0949157996 0.0949157996 0.0949157996 0.0949157996 0.0949157996 0.0949157996 0.0949157996 0.0949157996 0.0949157996 0.1423736994 0.1423736994 0.1423736994 0.1423736994 0.1423736994 0.1423736994 0.1423736994 0.1423736994 0.1423736994 0.1423736994 0.1423736994 0.1423736994 0.1423736994 0.1423736994 0.1423736994 0.1423736994 0.1423736994 0.1423736994 0.1423736994 0.1423736994 0.1423736994 0.1423736994 0.1423736994 0.1423736994 0.1423736994 0.1423736994 0.1423736994 0.1423736994 0.1423736994 0.1423736994 0.1423736994 0.1423736994 0.1423736994 0.1423736994 0.1423736994 0.1423736994 0.1423736994 0.1423736994 0.1423736994 0.1423736994 0.1423736994 0.1423736994
0.0580136783 0.0725170979 0.0725170979 0.0435102588 0.0725170979 0.0725170979 0.1305307763 0.1015239371 0.0870205175 0.1305307763 0.1305307763 0.1305307763 0.1015239371 0.1160273567 0.1160273567 0.1160273567 0.1160273567 0.1160273567 0.1160273567 0.1160273567 0.1305307763 0.1450341958 0.1450341958 0.1450341958 0.1450341958 0.1305307763 0.1450341958 0.1450341958 0.1450341958 0.1450341958 0.1450341958 0.1450341958 0.1450341958 0.1450341958 0.1450341958 0.1450341958 0.1450341958 0.1450341958 0.1450341958 0.1305307763 0.1450341958 0.1450341958 0.1305307763 0.1305307763 0.1450341958 0.1450341958 0.1305307763 0.1450341958 0.1450341958 0.1160273567 0.1450341958 0.1450341958 0.1450341958 0.1160273567 0.1450341958 0.1450341958 0.1015239371 0.1015239371 0.0725170979 0.1160273567 0.1160273567 0.1015239371 0.0435102588
0 0.0745355992 0.0745355992 0.0745355992 0.0745355992 0.0745355992 0.0745355992 0.0745355992 0.0745355992 0.0745355992 0.0745355992 0.1490711985 0.1490711985 0.1490711985 0.1490711985 0.1490711985 0.1490711985 0.1490711985 0.1490711985 0.1490711985 0.1490711985 0.1490711985 0.1490711985 0.1490711985 0.1490711985 0.1490711985 0.1490711985 0.1490711985 0.1490711985 0.1490711985 0.1490711985 0.1490711985 0.1490711985 0.1490711985 0.1490711985 0.1490711985 0.1490711985 0.1490711985 0.1490711985 0.1490711985 0.1490711985 0.1490711985 0.1490711985 0.1490711985 0.1490711985 0.1490711985 0.1490711985 0.1490711985 0.1490711985 0.1490711985 0.1490711985 0.0745355992 0.0745355992 0.0745355992 0.0745355992 0.0745355992 0.0745355992 0.0745355992 0.0745355992 0.0745355992 0.0745355992 0 0
0.0656305891 0.0787567069 0.0525044713 0.0787567069 0.0525044713 0.0656305891 0.1181350604 0.1181350604 0.1181350604 0.1181350604 0.1181350604 0.1181350604 0.1312611782 0.1312611782 0.1181350604 0.1181350604 0.0787567069 0.1181350604 0.1312611782 0.1181350604 0.1181350604 0.144387296 0.144387296 0.144387296 0.144387296 0.144387296 0.144387296 0.144387296 0.144387296 0.144387296 0.144387296 0.144387296 0.144387296 0.144387296 0.144387296 0.144387296 0.144387296 0.144387296 0.144387296 0.144387296 0.144387296 0.144387296 0.1312611782 0.144387296 0.1312611782 0.1050089425 0.144387296 0.144387296 0.144387296 0.144387296 0.144387296 0.1312611782 0.144387296 0.1312611782 0.1312611782 0.144387296 0.0918828247 0.0918828247 0.1050089425 0.0918828247 0.1181350604 0.0918828247 0.0393783535
0.0703210846 0.0703210846 0.0703210846 0.0468807231 0.0703210846 0.0703210846 0.1172018077 0.1172018077 0.1172018077 0.1172018077 0.1172018077 0.1172018077 0.1172018077 0.1172018077 0.1172018077 0.1172018077 0.1172018077 0.1172018077 0.1172018077 0.1172018077 0.1172018077 0.1406421693 0.1406421693 0.1406421693 0.1406421693 0.1406421693 0.1406421693 0.1406421693 0.1406421693 0.1406421693 0.1406421693 0.1406421693 0.1406421693 0.1406421693 0.1406421693 0.1406421693 0.1406421693 0.1406421693 0.1406421693 0.1406421693 0.1406421693 0.1406421693 0.1406421693 0.1406421693 0.1406421693 0.1406421693 0.1406421693 0.1406421693 0.1406421693 0.1406421693 0.1406421693 0.1406421693 0.1406421693 0.1406421693 0.1406421693 0.1406421693 0.1172018077 0.1172018077 0.0937614462 0.1172018077 0.0937614462 0.1172018077 0.0468807231
-0 0 0.0585205736 0.0585205736 0.0585205736 0.0585205736 -0 0.0585205736 0.0585205736 0.0585205736 0.0585205736 0.0585205736 0.0585205736 0.0585205736 0.0585205736 0.1170411472 0.1170411472 0.1170411472 0.1170411472 0.1170411472 0.1170411472 0.0585205736 0.0585205736 0.0585205736 0.0585205736 0.1170411472 0.1170411472 0.1170411472 0.1170411472 0.1170411472 0.1170411472 0.1170411472 0.1170411472 0.1170411472 0.1170411472 0.1170411472 0.1170411472 0.1755617208 0.1755617208 0.1755617208 0.1755617208 0.1170411472 0.1170411472 0.1170411472 0.1170411472 0.1170411472 0.1170411472 0.1755617208 0.1755617208 0.1755617208 0.1755617208 0.1755617208 0.1755617208 0.1755617208 0.1755617208 0.1755617208 0.1755617208 0.1755617208 0.1755617208 0.1755617208 0.1755617208 0.1755617208 0.1755617208
0.0290913291 0.0447558909 0.0749661172 0.0570637608 0.0827983981 0.0570637608 0.0738472199 0.1040574462 0.0827983981 0.1118897271 0.0861550899 0.1163653162 0.0951062681 0.1275542889 0.1018196517 0.1208409053 0.1353865698 0.132029878 0.119722008 0.107414138 0.1174842135 0.1454566453 0.1208409053 0.1454566453 0.1309109807 0.1454566453 0.1454566453 0.1454566453 0.1454566453 0.1219598026 0.1454566453 0.1454566453 0.1454566453 0.1454566453 0.1454566453 0.1454566453 0.1454566453 0.1454566453 0.1454566453 0.1432188507 0.1454566453 0.1454566453 0.1454566453 0.1454566453 0.1454566453 0.1454566453 0.1454566453 0.1454566453 0.1454566453 0.1454566453 0.1454566453 0.1454566453 0.1409810562 0.1264353917 0.1454566453 0.1174842135 0.1253164944 0.1186031108 0.1186031108 0.1309109807 0.1130086244 0.090630679 0.0682527335
0 0 0.1147078669 0.0764719113 0.0764719113 0.0764719113 -0 0.1147078669 0.0764719113 0.0764719113 0.0764719113 0.1147078669 0.0764719113 0.0764719113 0.0764719113 0.1529438226 0.1529438226 0.1529438226 0.1529438226 0.1529438226 0.1529438226 0.1147078669 0.0764719113 0.0764719113 0.0764719113 0.1529438226 0.1529438226 0.1529438226 0.1529438226 0.1529438226 0.1529438226 0.1529438226 0.1529438226 0.1529438226 0.1529438226 0.1529438226 0.1529438226 0.1147078669 0.1147078669 0.1529438226 0.1529438226 0.1529438226 0.1529438226 0.1529438226 0.1529438226 0.1529438226 0.1529438226 0.1147078669 0.1147078669 0.1529438226 0.1529438226 0.1147078669 0.1147078669 0.1529438226 0.1529438226 0.0764719113 0.1147078669 0.1147078669 0.1529438226 0.1529438226 0.0764719113 0.0764719113 0.0764719113
0.0632297477 0.0632297477 0.0948446216 0.0632297477 0.0632297477 0.0948446216 0.1106520585 0.1264594955 0.1106520585 0.1106520585 0.1264594955 0.1264594955 0.1106520585 0.1106520585 0.1264594955 0.1264594955 0.1264594955 0.1422669324 0.1106520585 0.1264594955 0.1264594955 0.1422669324 0.1422669324 0.1422669324 0.1422669324 0.1422669324 0.1422669324 0.1422669324 0.1422669324 0.1422669324 0.1422669324 0.1422669324 0.1422669324 0.1422669324 0.1422669324 0.1422669324 0.1422669324 0.1422669324 0.1422669324 0.1422669324 0.1422669324 0.1422669324 0.1422669324 0.1264594955 0.1422669324 0.1422669324 0.1422669324 0.1422669324 0.1264594955 0.1264594955 0.1422669324 0.1422669324 0.1264594955 0.1264594955 0.1422669324 0.1264594955 0.1106520585 0.0948446216 0.0948446216 0.1106520585 0.0948446216 0.0948446216 0.0316148739
0.0413670152 0.0827340304 0.0413670152 0.0310252614 0.0930757842 0.103417538 0.1137592918 0.0827340304 0.0723922766 0.1241010456 0.1241010456 0.1241010456 0.1137592918 0.1344427994 0.1447845532 0.0723922766 0.1241010456 0.1241010456 0.1137592918 0.1241010456 0.1447845532 0.1447845532 0.1447845532 0.1447845532 0.1447845532 0.1137592918 0.1447845532 0.1447845532 0.1447845532 0.1447845532 0.1447845532 0.1447845532 0.1447845532 0.1447845532 0.1447845532 0.1447845532 0.1447845532 0.1447845532 0.1447845532 0.1447845532 0.1447845532 0.1447845532 0.1447845532 0.1344427994 0.1447845532 0.1447845532 0.1137592918 0.1447845532 0.1447845532 0.1447845532 0.1447845532 0.1447845532 0.1447845532 0.103417538 0.1241010456 0.1447845532 0.1241010456 0.1137592918 0.0723922766 0.0827340304 0.1137592918 0.0827340304 0.0413670152
0.0685846155 0.0783824177 0.0783824177 0.0587868132 0.0587868132 0.0293934066 0.1469670331 0.1175736265 0.1175736265 0.1175736265 0.0979780221 0.1273714287 0.1371692309 0.1371692309 0.1077758243 0.1175736265 0.1273714287 0.0979780221 0.1077758243 0.0881802199 0.0881802199 0.1469670331 0.1469670331 0.1469670331 0.1469670331 0.1469670331 0.1469670331 0.1175736265 0.1469670331 0.1469670331 0.1469670331 0.1469670331 0.1469670331 0.1469670331 0.1371692309 0.1469670331 0.1469670331 0.1469670331 0.1371692309 0.1469670331 0.1371692309 0.1273714287 0.1273714287 0.1175736265 0.1273714287 0.1469670331 0.1469670331 0.1469670331 0.1469670331 0.1469670331 0.1371692309 0.1273714287 0.1469670331 0.1469670331 0.1469670331 0.1469670331 0.0685846155 0.0979780221 0.0979780221 0.1077758243 0.1175736265 0.1077758243 0.0391912088
0.0552844255 0.0829266382 0.076016085 0.0829266382 0.0322492482 0.0598914609 0.1151758864 0.1151758864 0.1151758864 0.0829266382 0.1151758864 0.1313005105 0.1336040282 0.1151758864 0.1174794041 0.1313005105 0.1059618155 0.1128723686 0.1151758864 0.1174794041 0.0921407091 0.1428180991 0.1428180991 0.1428180991 0.1428180991 0.1428180991 0.1336040282 0.1428180991 0.1428180991 0.1428180991 0.126693475 0.1428180991 0.1428180991 0.1428180991 0.1428180991 0.1428180991 0.1428180991 0.1428180991 0.1428180991 0.1428180991 0.1428180991 0.1197829218 0.1428180991 0.1428180991 0.1428180991 0.1336040282 0.1428180991 0.1428180991 0.1428180991 0.1428180991 0.1428180991 0.1428180991 0.1289969927 0.1428180991 0.1428180991 0.1428180991 0.1151758864 0.0875336736 0.1197829218 0.1151758864 0.1197829218 0.1105688509 0.0644984964
0.0706386346 0.0504561676 0.0807298681 0.0504561676 0.0605474011 0.0706386346 0.1110035687 0.1210948022 0.1110035687 0.1110035687 0.1210948022 0.1110035687 0.1009123352 0.1110035687 0.1110035687 0.1110035687 0.1210948022 0.1210948022 0.1110035687 0.1110035687 0.1110035687 0.1412772692 0.1311860357 0.1412772692 0.1412772692 0.1412772692 0.1412772692 0.1412772692 0.1412772692 0.1412772692 0.1412772692 0.1412772692 0.1412772692 0.1412772692 0.1311860357 0.1311860357 0.1412772692 0.1412772692 0.1412772692 0.1412772692 0.1412772692 0.1412772692 0.1412772692 0.1412772692 0.1412772692 0.1412772692 0.1412772692 0.1412772692 0.1412772692 0.1412772692 0.1412772692 0.1412772692 0.1412772692 0.1412772692 0.1412772692 0.1412772692 0.1210948022 0.1210948022 0.1110035687 0.1311860357 0.1110035687 0.1210948022 0.0807298681
0.0846667513 0.0846667513 0.0846667513 0.0423333757 0.0423333757 0.0423333757 0.127000127 0.1481668148 0.127000127 0.1058334392 0.1058334392 0.127000127 0.127000127 0.1058334392 0.127000127 0.127000127 0.1058334392 0.127000127 0.0846667513 0.0846667513 0.0846667513 0.1481668148 0.1481668148 0.127000127 0.1481668148 0.1481668148 0.1481668148 0.1481668148 0.1481668148 0.1481668148 0.127000127 0.1481668148 0.127000127 0.1481668148 0.1481668148 0.1481668148 0.1481668148 0.1481668148 0.1481668148 0.1481668148 0.127000127 0.127000127 0.127000127 0.127000127 0.1481668148 0.127000127 0.1481668148 0.1481668148 0.1481668148 0.1481668148 0.1481668148 0.127000127 0.127000127 0.1481668148 0.1481668148 0.1481668148 0.0846667513 0.0846667513 0.0846667513 0.1058334392 0.127000127 0.1058334392 0.0423333757
0.0764719113 0.0764719113 0.0382359556 0.1529438226 0 0.0382359556 0.1529438226 0.1147078669 0.1529438226 0.0764719113 0.1147078669 0.1147078669 0.1529438226 0.0764719113 0.1147078669 0.1529438226 0.0382359556 0.0764719113 0.1529438226 0.1529438226 0.0382359556 0.1529438226 0.1147078669 0.1529438226 0.1529438226 0.1529438226 0.1147078669 0.1529438226 0.1529438226 0.1529438226 0.1147078669 0.1529438226 0.1147078669 0.1529438226 0.1529438226 0.1529438226 0.1147078669 0.1529438226 0.1529438226 0.0764719113 0.1529438226 0.0764719113 0.1529438226 0.1529438226 0.1147078669 0.0764719113 0.1529438226 0.1529438226 0.1147078669 0.1529438226 0.1529438226 0.1529438226 0.1147078669 0.1529438226 0.1529438226 0.1529438226 0.0764719113 0.0382359556 0.1529438226 0.0764719113 0.1147078669 0.1147078669 0.0382359556
0.0817746872 0.0681455727 0.07496013 0.0477019009 0.0613310154 0.0408873436 0.1294765881 0.1294765881 0.1158474736 0.1158474736 0.1226620308 0.1226620308 0.102218359 0.1090329163 0.102218359 0.1090329163 0.1158474736 0.1090329163 0.102218359 0.0885892445 0.0885892445 0.1431057026 0.1431057026 0.1431057026 0.1431057026 0.1431057026 0.1431057026 0.1431057026 0.1431057026 0.1431057026 0.1431057026 0.1431057026 0.1431057026 0.1362911454 0.1294765881 0.1362911454 0.1294765881 0.1362911454 0.1431057026 0.1362911454 0.1294765881 0.1431057026 0.1362911454 0.1431057026 0.1431057026 0.1431057026 0.1431057026 0.1431057026 0.1431057026 0.1431057026 0.1431057026 0.1431057026 0.1431057026 0.1431057026 0.1431057026 0.1431057026 0.1158474736 0.1226620308 0.1226620308 0.1226620308 0.1158474736 0.1226620308 0.07496013
0.0647599338 0.1511065121 0.0215866446 0.0647599338 0.0431732892 0.0647599338 0.1511065121 0.0863465784 0.1295198675 0.1079332229 0.1295198675 0.1511065121 0.1511065121 0.1511065121 0.1511065121 0.0863465784 0.0647599338 0.0863465784 0.1079332229 0.1295198675 0.1079332229 0.1511065121 0.1511065121 0.1511065121 0.1295198675 0.1295198675 0.1295198675 0.1295198675 0.1511065121 0.1511065121 0.1511065121 0.1511065121 0.1511065121 0.1511065121 0.1511065121 0.1511065121 0.1511065121 0.1295198675 0.1511065121 0.1295198675 0.1511065121 0.1295198675 0.1295198675 0.1079332229 0.1079332229 0.0863465784 0.1079332229 0.1511065121 0.1511065121 0.1511065121 0.1511065121 0.1511065121 0.1295198675 0.1511065121 0.1079332229 0.1511065121 0.0863465784 0.0647599338 0.0863465784 0.0431732892 0.1511065121 0.0863465784 0.0215866446
0.0717618529 0.0410067731 0.0717618529 0.0922652394 0.0615101596 0.0410067731 0.1025169327 0.1230203193 0.1230203193 0.112768626 0.112768626 0.1025169327 0.1230203193 0.1025169327 0.0820135462 0.1332720125 0.112768626 0.1025169327 0.1332720125 0.112768626 0.1025169327 0.1435237058 0.1435237058 0.1230203193 0.1332720125 0.1435237058 0.1435237058 0.1435237058 0.1435237058 0.1435237058 0.1435237058 0.1435237058 0.1435237058 0.1332720125 0.1435237058 0.1435237058 0.1230203193 0.1435237058 0.1435237058 0.1435237058 0.1435237058 0.1435237058 0.1435237058 0.1435237058 0.1230203193 0.1435237058 0.1435237058 0.1332720125 0.1435237058 0.1435237058 0.1435237058 0.1435237058 0.1435237058 0.1435237058 0.1435237058 0.1435237058 0.1025169327 0.112768626 0.1332720125 0.1230203193 0.1025169327 0.1230203193 0.0717618529
0.0636043396 0.0636043396 0.0636043396 0.0954065093 0.0636043396 0.0954065093 0.1113075942 0.1113075942 0.1272086791 0.1113075942 0.1272086791 0.1113075942 0.1272086791 0.1113075942 0.1272086791 0.1272086791 0.1113075942 0.1272086791 0.1272086791 0.143109764 0.1272086791 0.143109764 0.143109764 0.143109764 0.143109764 0.143109764 0.143109764 0.143109764 0.143109764 0.143109764 0.143109764 0.143109764 0.143109764 0.143109764 0.143109764 0.143109764 0.143109764 0.143109764 0.143109764 0.143109764 0.143109764 0.143109764 0.143109764 0.143109764 0.143109764 0.1272086791 0.143109764 0.143109764 0.1272086791 0.143109764 0.1272086791 0.143109764 0.1272086791 0.143109764 0.1272086791 0.1272086791 0.1113075942 0.0795054244 0.1113075942 0.0795054244 0.0795054244 0.0795054244 0.0159010849
0.0783459091 0.0498564876 0.0783459091 0.056978843 0.056978843 0.056978843 0.1139576859 0.1282023967 0.1068353306 0.1139576859 0.1210800413 0.1139576859 0.1068353306 0.0997129752 0.0925906198 0.1210800413 0.1139576859 0.1210800413 0.1139576859 0.1139576859 0.1139576859 0.1424471074 0.1424471074 0.1424471074 0.1424471074 0.1424471074 0.1424471074 0.1424471074 0.1424471074 0.1424471074 0.1424471074 0.1424471074 0.1424471074 0.1424471074 0.1282023967 0.1282023967 0.1424471074 0.1424471074 0.1424471074 0.1424471074 0.1424471074 0.1424471074 0.1424471074 0.1424471074 0.1424471074 0.1424471074 0.1424471074 0.1424471074 0.135324752 0.1424471074 0.1424471074 0.1424471074 0.1424471074 0.1424471074 0.1424471074 0.1424471074 0.1068353306 0.1139576859 0.1068353306 0.1139576859 0.1139576859 0.1282023967 0.0641011983
0.0797452223 0.0398726111 0.0797452223 0.0398726111 0.0797452223 0.0398726111 0.0797452223 0.1594904446 0.1196178334 0.1196178334 0.1196178334 0.1196178334 0.0797452223 0.1196178334 0.0797452223 0.1196178334 0.1196178334 0.1196178334 0.1196178334 0.0797452223 0.1196178334 0.1594904446 0.1196178334 0.1196178334 0.1196178334 0.1594904446 0.1196178334 0.1594904446 0.1594904446 0.1594904446 0.1594904446 0.1594904446 0.1594904446 0.1594904446 0.1594904446 0.0797452223 0.1594904446 0.1196178334 0.1594904446 0.1594904446 0.1594904446 0.1594904446 0.1196178334 0.1594904446 0.1196178334 0.1196178334 0.1196178334 0.1196178334 0.1594904446 0.1196178334 0.1196178334 0.1594904446 0.1594904446 0.1594904446 0.1594904446 0.1196178334 0.0797452223 0.1196178334 0.0797452223 0.0797452223 0.0797452223 0.1196178334 0.0398726111
0.0764217643 0.0545869745 0.0545869745 0.0764217643 0.0436695796 0.0655043694 0.1200913439 0.1200913439 0.1200913439 0.109173949 0.1200913439 0.109173949 0.109173949 0.0982565541 0.109173949 0.109173949 0.0982565541 0.109173949 0.1200913439 0.1200913439 0.0982565541 0.1419261337 0.1419261337 0.1419261337 0.1419261337 0.1419261337 0.1419261337 0.1419261337 0.1419261337 0.1419261337 0.1419261337 0.1419261337 0.1310087388 0.1310087388 0.1419261337 0.1419261337 0.1419261337 0.1419261337 0.1419261337 0.1419261337 0.1419261337 0.1419261337 0.1419261337 0.1419261337 0.1419261337 0.1419261337 0.1419261337 0.1419261337 0.1419261337 0.1419261337 0.1419261337 0.1419261337 0.1419261337 0.1419261337 0.1419261337 0.1419261337 0.1200913439 0.1200913439 0.1310087388 0.109173949 0.109173949 0.1200913439 0.0764217643
0.069743871 0.046495914 0.046495914 0.069743871 0.069743871 0.0348719355 0.116239785 0.116239785 0.139487742 0.1278637635 0.1046158065 0.092991828 0.1046158065 0.116239785 0.0813678495 0.116239785 0.092991828 0.0813678495 0.1278637635 0.1046158065 0.1046158065 0.1511117205 0.1511117205 0.1511117205 0.1511117205 0.1511117205 0.1511117205 0.1511117205 0.1511117205 0.1511117205 0.1511117205 0.1511117205 0.139487742 0.1278637635 0.1278637635 0.139487742 0.1511117205 0.1511117205 0.1511117205 0.1046158065 0.139487742 0.1511117205 0.1511117205 0.1511117205 0.1278637635 0.1511117205 0.1511117205 0.1278637635 0.1511117205 0.1278637635 0.1511117205 0.1046158065 0.1511117205 0.1511117205 0.139487742 0.139487742 0.0813678495 0.1278637635 0.1278637635 0.1046158065 0.1046158065 0.092991828 0.0581198925
0.1272283395 0.0424094465 0.084818893 0.084818893 0.0424094465 0 0.1696377859 0.1696377859 0.1696377859 0.1696377859 0.1272283395 0.1272283395 0.1272283395 0.084818893 0.0424094465 0.1696377859 0.1272283395 0.084818893 0.1272283395 0.084818893 0.0424094465 0.1272283395 0.1272283395 0.1696377859 0.1696377859 0.084818893 0.1272283395 0.1696377859 0.1272283395 0.1696377859 0.1696377859 0.1696377859 0.1696377859 0.1272283395 0.1696377859 0.1272283395 0.084818893 0.1696377859 0.1696377859 0.1272283395 0.1272283395 0.0424094465 0.084818893 0.1272283395 0.084818893 0.1272283395 0.1696377859 0.0424094465 0.084818893 0.1272283395 0.1272283395 0.1272283395 0.1696377859 0.1696377859 0.1696377859 0.1696377859 -0 0.0424094465 0.084818893 0.084818893 0.0424094465 0.1272283395 0
0.0312499999999997 0 0 0 0.0312499999999997 0 0.0312499999999997 0.0312499999999997 0.0312499999999997 0 0.0312499999999997 0 0 0.0312500000000001 0 0 0.0312500000000011 0 0.0312499999999997 0 0.0312500000000009 0.0312499999999998 0.0312499999999997 0 0.03125 0.0312500000000037 0 0.0312499999999997 0 0.0312500000000002 0 0 0.0312500000000039 0 0.0312499999999978 0 0.0312500000000011 0.0312500000000005 0 0.0312500000000007 0.0312499999999969 0.0312500000000042 0 0.0312499999999997 0 0.0312500000000032 0 0 0.0312499999999988 0 0 0.0312499999999991 0 0.0312499999999994 0.0312499999999915 0.0312499999999989 0 0.0312499999999997 0 0 0 0.0312499999999969 0
0.0312500000000001 0 0.03125 0 0 0 0.0312500000000001 0 0.0312500000000001 0.0312500000000001 0.0312500000000001 0.03125 0 0 0 0.03125 0.0312499999999989 0.03125 0 0 0 0 0.0312499999999999 0.0312500000000001 0.0312500000000001 0 0 0 0.0312500000000006 0.0312499999999961 0.0312499999999983 0.0312500000000001 0.0312500000000011 0.03125 0 0 0 0.0312500000000022 0.0312499999999962 0.0312499999999967 0 0 0 0 0.0312500000000017 0.0312499999999956 0.031249999999999 0 0 0 0.0312499999999959 0.0312500000000001 0.0312499999999945 0.0312499999999993 0 0.031250000000001 0 0 0 0.03125 0 0.0312500000000001 0
0 0.0312499999999882 0 0 0 0 0.0312499999999882 -0 3.23892959236697e-14 -0 0 0.0312500000000142 0.031249999999996 0.0312499999999943 0.0312499999999882 -0 -0 -0 0 -0 -0 0.0312499999999994 0.0312500000000242 0.0312499999999954 0.0312499999999884 0 -1.70670586581507e-14 -0 1.17705765310626e-14 2.1287198183862e-14 1.28820656627273e-14 0.0312500000000055 0.0312500000000585 0.0312499999999962 0.0312499999999932 0.0312499999999556 0.0312499999999948 0 -0 -0 2.35896189278235e-14 0.0312500000000058 0.0312499999999749 0.0312499999999939 0.0312500000000049 0.0312499999999939 0.0312499999999939 0 0 -1.39688333999326e-14 2.34221998521446e-14 0.0312499999999948 0.0312499999999969 0.0312500000000286 0.0312500000000006 -1.92936036299376e-14 0.0312499999999742 0.0312499999999939 0.0312499999999939 0.0312499999999939 -0 0.0312499999999939 0.0312499999999939
