-0.0000000000 0.0721687836 0.1443375673 0.0721687836 0.0721687836 0.0721687836 0.0721687836 0.1443375673 0.0721687836 0.0721687836 0.0721687836 0.1443375673 0.1443375673 0.1443375673 0.1443375673 0.1443375673 0.1443375673 0.1443375673 0.1443375673 0.1443375673 0.1443375673 0.1443375673 0.1443375673 0.1443375673 0.1443375673 0.1443375673 0.1443375673 0.1443375673 0.1443375673 0.1443375673 0.1443375673 0.1443375673 0.1443375673 0.1443375673 0.1443375673 0.1443375673 0.1443375673 0.1443375673 0.1443375673 0.1443375673 0.1443375673 0.1443375673 0.1443375673 0.1443375673 0.1443375673 0.1443375673 0.1443375673 0.1443375673 0.1443375673 0.1443375673 0.1443375673 0.0721687836 0.0721687836 0.0721687836 0.1443375673 0.0721687836 0.0721687836 0.0721687836 0.0721687836 0.1443375673 0.0721687836 -0.0000000000 0.0000000000
0.0000000000 0.0953462589 0.0953462589 0.0953462589 0.0953462589 0.0953462589 0.0953462589 0.0953462589 0.0953462589 0.0953462589 0.0953462589 0.1430193884 0.1430193884 0.1430193884 0.1430193884 0.1430193884 0.1430193884 0.1430193884 0.1430193884 0.1430193884 0.1430193884 0.1430193884 0.1430193884 0.1430193884 0.1430193884 0.1430193884 0.1430193884 0.1430193884 0.1430193884 0.1430193884 0.1430193884 0.1430193884 0.1430193884 0.1430193884 0.1430193884 0.1430193884 0.1430193884 0.1430193884 0.1430193884 0.1430193884 0.1430193884 0.1430193884 0.1430193884 0.1430193884 0.1430193884 0.1430193884 0.1430193884 0.1430193884 0.1430193884 0.1430193884 0.1430193884 0.0953462589 0.0953462589 0.0953462589 0.0953462589 0.0953462589 0.0953462589 0.0953462589 0.0953462589 0.0953462589 0.0953462589 0.0000000000 0.0000000000
0.1460377151 0.0486792384 0.0486792384 0.0486792384 0.0486792384 0.0486792384 0.1460377151 0.1460377151 0.1460377151 0.1460377151 0.1460377151 0.0973584767 0.0973584767 0.0973584767 0.0973584767 0.0973584767 0.0973584767 0.0973584767 0.0973584767 0.0973584767 0.0973584767 0.1460377151 0.1460377151 0.1460377151 0.1460377151 0.1460377151 0.1460377151 0.1460377151 0.1460377151 0.1460377151 0.1460377151 0.1460377151 0.1216980959 0.1460377151 0.1460377151 0.1216980959 0.1460377151 0.1216980959 0.1460377151 0.1460377151 0.1216980959 0.1460377151 0.1216980959 0.1460377151 0.1460377151 0.1216980959 0.1460377151 0.1216980959 0.1460377151 0.1460377151 0.1216980959 0.1460377151 0.1460377151 0.1460377151 0.1460377151 0.1460377151 0.0973584767 0.0973584767 0.0973584767 0.0973584767 0.0973584767 0.1460377151 0.0486792384
-0.0000000000 0.0000000000 0.0000000000 0.1443375673 -0.0000000000 0.1443375673 -0.0000000000 -0.0000000000 0.1443375673 -0.0000000000 0.1443375673 -0.0000000000 0.1443375673 -0.0000000000 0.1443375673 0.1443375673 -0.0000000000 0.1443375673 0.1443375673 0.1443375673 0.1443375673 -0.0000000000 0.1443375673 0.0000000000 0.1443375673 0.1443375673 0.0000000000 0.1443375673 0.1443375673 0.1443375673 0.1443375673 0.1443375673 -0.0000000000 0.1443375673 0.1443375673 0.1443375673 0.1443375673 0.1443375673 0.1443375673 0.1443375673 0.1443375673 0.1443375673 -0.0000000000 0.1443375673 0.1443375673 0.1443375673 0.1443375673 0.1443375673 0.1443375673 0.1443375673 0.1443375673 0.1443375673 0.1443375673 0.1443375673 0.1443375673 0.1443375673 0.1443375673 0.1443375673 0.1443375673 0.1443375673 0.1443375673 0.1443375673 0.1443375673
0.0749795006 0.0562346254 0.0749795006 0.0749795006 0.0749795006 0.0562346254 0.1124692509 0.1218416885 0.1218416885 0.1218416885 0.1124692509 0.1124692509 0.1124692509 0.1124692509 0.1124692509 0.1218416885 0.1218416885 0.1124692509 0.1218416885 0.1124692509 0.1124692509 0.1405865636 0.1405865636 0.1405865636 0.1405865636 0.1405865636 0.1405865636 0.1405865636 0.1405865636 0.1405865636 0.1405865636 0.1405865636 0.1405865636 0.1405865636 0.1405865636 0.1405865636 0.1405865636 0.1405865636 0.1405865636 0.1405865636 0.1405865636 0.1405865636 0.1405865636 0.1405865636 0.1405865636 0.1405865636 0.1405865636 0.1312141260 0.1405865636 0.1405865636 0.1405865636 0.1405865636 0.1405865636 0.1405865636 0.1405865636 0.1405865636 0.1124692509 0.1124692509 0.1124692509 0.1124692509 0.1124692509 0.1124692509 0.0562346254
0.0485642931 0.0485642931 0.1456928794 0.0971285862 0.0485642931 0.0485642931 0.0971285862 0.1456928794 0.1456928794 0.0971285862 0.0971285862 0.1456928794 0.1456928794 0.0971285862 0.0971285862 0.1456928794 0.1456928794 0.1456928794 0.1456928794 0.1456928794 0.0971285862 0.1456928794 0.1456928794 0.1456928794 0.1456928794 0.1456928794 0.1456928794 0.1456928794 0.1456928794 0.1456928794 0.1456928794 0.1456928794 0.1456928794 0.1456928794 0.1456928794 0.1456928794 0.1456928794 0.1456928794 0.1456928794 0.1456928794 0.1456928794 0.0971285862 0.1456928794 0.1456928794 0.1456928794 0.1456928794 0.1456928794 0.0971285862 0.0971285862 0.1456928794 0.1456928794 0.0971285862 0.0971285862 0.1456928794 0.1456928794 0.0971285862 0.0485642931 0.0485642931 0.0971285862 0.1456928794 0.0485642931 0.0485642931 0.0000000000
0.0366494658 0.1099483974 0.0366494658 0.0366494658 0.0732989316 0.0366494658 0.1282731304 0.0732989316 0.0732989316 0.1099483974 0.0732989316 0.1282731304 0.1465978633 0.1465978633 0.1465978633 0.0732989316 0.1099483974 0.0732989316 0.1099483974 0.0732989316 0.1099483974 0.1465978633 0.1465978633 0.1465978633 0.1465978633 0.1099483974 0.1099483974 0.1099483974 0.1465978633 0.1099483974 0.1465978633 0.1465978633 0.1465978633 0.1465978633 0.1465978633 0.1465978633 0.1465978633 0.1465978633 0.1099483974 0.1465978633 0.1465978633 0.1465978633 0.1099483974 0.1465978633 0.1465978633 0.1465978633 0.1465978633 0.1465978633 0.1465978633 0.1465978633 0.1465978633 0.1465978633 0.1465978633 0.1465978633 0.1465978633 0.1465978633 0.1099483974 0.1465978633 0.1099483974 0.1282731304 0.1282731304 0.1282731304 0.0916236645
0.0478364873 0.0478364873 0.0717547310 0.0717547310 0.0717547310 0.0478364873 0.0956729746 0.1195912183 0.1195912183 0.1195912183 0.0956729746 0.0956729746 0.1195912183 0.0956729746 0.0956729746 0.1195912183 0.1435094620 0.1195912183 0.1195912183 0.0956729746 0.1195912183 0.1435094620 0.1435094620 0.1435094620 0.1195912183 0.1435094620 0.1435094620 0.1435094620 0.1435094620 0.1435094620 0.1435094620 0.1435094620 0.1435094620 0.1435094620 0.1435094620 0.1195912183 0.1435094620 0.1435094620 0.1435094620 0.1435094620 0.1435094620 0.1435094620 0.1435094620 0.1435094620 0.1435094620 0.1435094620 0.1435094620 0.1435094620 0.1435094620 0.1435094620 0.1435094620 0.1435094620 0.1435094620 0.1435094620 0.1435094620 0.1195912183 0.1195912183 0.1195912183 0.1195912183 0.1195912183 0.1195912183 0.0956729746 0.0717547310
0.0636284763 0.0795355954 0.0795355954 0.0477213572 0.0477213572 0.0477213572 0.1272569526 0.1272569526 0.0954427144 0.1113498335 0.1113498335 0.1272569526 0.1113498335 0.1113498335 0.1113498335 0.1113498335 0.1113498335 0.1113498335 0.0954427144 0.0954427144 0.0954427144 0.1431640717 0.1431640717 0.1431640717 0.1431640717 0.1431640717 0.1431640717 0.1431640717 0.1272569526 0.1431640717 0.1272569526 0.1431640717 0.1431640717 0.1431640717 0.1431640717 0.1431640717 0.1431640717 0.1431640717 0.1272569526 0.1431640717 0.1272569526 0.1431640717 0.1431640717 0.1431640717 0.1431640717 0.1431640717 0.1431640717 0.1431640717 0.1431640717 0.1431640717 0.1431640717 0.1431640717 0.1431640717 0.1431640717 0.1431640717 0.1431640717 0.1113498335 0.1113498335 0.1272569526 0.1272569526 0.1272569526 0.1113498335 0.0795355954
0.0367607311 0.0735214622 0.0735214622 0.1102821933 0.0735214622 0.0735214622 0.1102821933 0.1102821933 0.1470429244 0.1102821933 0.1102821933 0.1470429244 0.1470429244 0.1102821933 0.1102821933 0.1470429244 0.1102821933 0.1102821933 0.1470429244 0.1470429244 0.1470429244 0.1470429244 0.1470429244 0.1470429244 0.1470429244 0.1470429244 0.1470429244 0.1470429244 0.1470429244 0.1470429244 0.1470429244 0.1470429244 0.1470429244 0.1470429244 0.1470429244 0.1470429244 0.1470429244 0.1470429244 0.1470429244 0.1470429244 0.1470429244 0.1470429244 0.1470429244 0.1470429244 0.1102821933 0.1102821933 0.1470429244 0.1102821933 0.1102821933 0.1470429244 0.1470429244 0.1102821933 0.1102821933 0.1470429244 0.1102821933 0.1102821933 0.0735214622 0.0735214622 0.1102821933 0.0735214622 0.0735214622 0.0367607311 0.0000000000
0.0774249125 0.0884856143 0.0663642107 0.0553035089 0.0442428072 0.0442428072 0.1216677197 0.1327284215 0.1327284215 0.1216677197 0.0995463161 0.1216677197 0.1216677197 0.1216677197 0.1327284215 0.1216677197 0.0995463161 0.0995463161 0.0995463161 0.0884856143 0.0884856143 0.1437891232 0.1437891232 0.1437891232 0.1437891232 0.1437891232 0.1437891232 0.1437891232 0.1437891232 0.1437891232 0.1437891232 0.1437891232 0.1437891232 0.1437891232 0.1437891232 0.1437891232 0.1437891232 0.1437891232 0.1437891232 0.1216677197 0.1216677197 0.1106070179 0.1327284215 0.1437891232 0.1437891232 0.1437891232 0.1437891232 0.1437891232 0.1437891232 0.1437891232 0.1437891232 0.1437891232 0.1437891232 0.1437891232 0.1437891232 0.1437891232 0.0995463161 0.0884856143 0.1106070179 0.1216677197 0.1216677197 0.1216677197 0.0553035089
0.0721687836 0.0360843918 0.0360843918 0.0721687836 0.0360843918 0.1443375673 0.1082531755 0.1082531755 0.1443375673 0.1082531755 0.1443375673 0.0721687836 0.1082531755 0.0721687836 0.1443375673 0.1082531755 0.0721687836 0.1443375673 0.1082531755 0.1443375673 0.1443375673 0.1443375673 0.1443375673 0.1443375673 0.1443375673 0.1443375673 0.1443375673 0.1443375673 0.1443375673 0.1443375673 0.1443375673 0.1443375673 0.1082531755 0.1443375673 0.1443375673 0.1443375673 0.1443375673 0.1443375673 0.1443375673 0.1443375673 0.1443375673 0.1443375673 0.1443375673 0.1443375673 0.1443375673 0.1082531755 0.1443375673 0.1443375673 0.1082531755 0.1443375673 0.1082531755 0.1443375673 0.1443375673 0.1443375673 0.1443375673 0.1443375673 0.1443375673 0.0721687836 0.1082531755 0.0721687836 0.0721687836 0.1082531755 0.0360843918
0.0291111255 0.1455556274 0.0582222510 0.0291111255 0.0291111255 0.0873333765 0.1455556274 0.0873333765 0.0582222510 0.0582222510 0.1164445019 0.1455556274 0.1455556274 0.1455556274 0.1455556274 0.0873333765 0.0873333765 0.1455556274 0.0582222510 0.1164445019 0.1164445019 0.1455556274 0.1455556274 0.1455556274 0.1455556274 0.1164445019 0.1164445019 0.1455556274 0.0873333765 0.1455556274 0.1455556274 0.1455556274 0.1455556274 0.1455556274 0.1455556274 0.1455556274 0.1455556274 0.1164445019 0.1455556274 0.1455556274 0.1455556274 0.1455556274 0.1455556274 0.1164445019 0.1455556274 0.1455556274 0.1455556274 0.1455556274 0.1455556274 0.1455556274 0.1455556274 0.1455556274 0.1164445019 0.1164445019 0.1455556274 0.1455556274 0.1455556274 0.0873333765 0.0873333765 0.1164445019 0.1455556274 0.0873333765 0.0582222510
0.0826898231 0.0620173673 0.0620173673 0.0620173673 0.0620173673 0.0620173673 0.1033622788 0.1240347346 0.1240347346 0.1240347346 0.1240347346 0.1240347346 0.1033622788 0.1033622788 0.1240347346 0.1033622788 0.1240347346 0.1240347346 0.1033622788 0.1033622788 0.1240347346 0.1447071904 0.1240347346 0.1240347346 0.1447071904 0.1447071904 0.1447071904 0.1447071904 0.1447071904 0.1447071904 0.1447071904 0.1447071904 0.1447071904 0.1447071904 0.1240347346 0.1447071904 0.1447071904 0.1447071904 0.1447071904 0.1447071904 0.1447071904 0.1447071904 0.1240347346 0.1240347346 0.1240347346 0.1447071904 0.1240347346 0.1447071904 0.1447071904 0.1447071904 0.1447071904 0.1447071904 0.1447071904 0.1447071904 0.1447071904 0.1447071904 0.1033622788 0.1033622788 0.1033622788 0.1033622788 0.1240347346 0.1240347346 0.0620173673
0.0683553986 0.0546843189 0.0820264783 0.0683553986 0.0410132392 0.0888620182 0.1162041776 0.1230397175 0.1162041776 0.1025330979 0.1298752573 0.1093686378 0.1025330979 0.0956975580 0.1298752573 0.1367107972 0.1093686378 0.1298752573 0.1093686378 0.1230397175 0.1162041776 0.1435463371 0.1435463371 0.1298752573 0.1435463371 0.1435463371 0.1435463371 0.1435463371 0.1435463371 0.1435463371 0.1435463371 0.1435463371 0.1367107972 0.1435463371 0.1435463371 0.1435463371 0.1367107972 0.1435463371 0.1435463371 0.1435463371 0.1435463371 0.1435463371 0.1435463371 0.1298752573 0.1435463371 0.1367107972 0.1435463371 0.1435463371 0.1230397175 0.1435463371 0.1367107972 0.1435463371 0.1367107972 0.1367107972 0.1435463371 0.1367107972 0.1162041776 0.0888620182 0.1162041776 0.1162041776 0.0956975580 0.1025330979 0.0478487790
0.0719321515 0.0513801082 0.0513801082 0.0719321515 0.0513801082 0.0308280649 0.1130362381 0.1130362381 0.1438643031 0.1130362381 0.1027602165 0.1027602165 0.1130362381 0.1027602165 0.0822081732 0.1130362381 0.1027602165 0.0822081732 0.1130362381 0.1027602165 0.0822081732 0.1438643031 0.1438643031 0.1438643031 0.1438643031 0.1438643031 0.1438643031 0.1438643031 0.1438643031 0.1438643031 0.1438643031 0.1438643031 0.1438643031 0.1130362381 0.1438643031 0.1438643031 0.1130362381 0.1438643031 0.1438643031 0.1130362381 0.1438643031 0.1438643031 0.1438643031 0.1438643031 0.1438643031 0.1438643031 0.1438643031 0.1438643031 0.1438643031 0.1438643031 0.1438643031 0.1438643031 0.1438643031 0.1438643031 0.1438643031 0.1438643031 0.1335882814 0.1233122598 0.1335882814 0.1233122598 0.1233122598 0.1335882814 0.1027602165
0.0555936987 0.0555936987 0.0555936987 0.0555936987 0.0555936987 0.0555936987 0.0555936987 0.1111873975 0.1111873975 0.1111873975 0.1111873975 0.1111873975 0.1111873975 0.1111873975 0.1111873975 0.0555936987 0.1111873975 0.1111873975 0.1111873975 0.1111873975 0.1111873975 0.1111873975 0.1111873975 0.1111873975 0.1111873975 0.1111873975 0.1667810962 0.1667810962 0.1667810962 0.1667810962 0.1297186304 0.1111873975 0.1667810962 0.1482498633 0.1667810962 0.1667810962 0.1297186304 0.1111873975 0.1111873975 0.1667810962 0.1667810962 0.0926561646 0.1667810962 0.1482498633 0.1667810962 0.1667810962 0.0741249317 0.1297186304 0.1667810962 0.1667810962 0.1667810962 0.1667810962 0.1297186304 0.1667810962 0.1667810962 0.1111873975 0.1111873975 0.1111873975 0.1111873975 0.1111873975 0.1111873975 0.1111873975 0.0555936987
0.1622214211 0.0811107106 0.0811107106 0.0000000000 0.0811107106 0.0000000000 0.1622214211 0.1622214211 0.1622214211 0.1622214211 0.1622214211 0.1622214211 0.0811107106 0.1622214211 0.0811107106 0.0811107106 0.1622214211 0.0811107106 0.0811107106 -0.0000000000 0.0811107106 0.0811107106 0.1622214211 0.0811107106 0.1622214211 0.1622214211 0.0811107106 0.1622214211 0.1622214211 0.1622214211 0.1622214211 0.1622214211 0.1622214211 0.1622214211 0.1622214211 0.0811107106 0.1622214211 0.1622214211 0.0811107106 0.1622214211 0.0811107106 0.0811107106 0.0000000000 0.0811107106 0.0811107106 0.1622214211 0.0811107106 0.0811107106 0.1622214211 0.0811107106 0.1622214211 0.1622214211 0.1622214211 0.1622214211 0.1622214211 0.1622214211 -0.0000000000 0.0811107106 0.0000000000 0.0811107106 0.0811107106 0.1622214211 0.0000000000
0.0800640769 0.0800640769 0.0000000000 0.0800640769 0.0800640769 0.0800640769 0.0800640769 0.0800640769 0.1601281538 0.1601281538 0.1601281538 0.0800640769 0.1601281538 0.1601281538 0.1601281538 0.0800640769 0.0800640769 0.0800640769 0.1601281538 0.1601281538 0.0800640769 0.0800640769 0.0800640769 0.1601281538 0.1601281538 0.1601281538 0.1601281538 0.1601281538 0.1601281538 0.1601281538 0.1601281538 0.1601281538 0.1601281538 0.1601281538 0.1601281538 0.1601281538 0.1601281538 0.1601281538 0.1601281538 0.0800640769 0.0800640769 0.0800640769 0.1601281538 0.1601281538 0.0800640769 0.0800640769 0.0800640769 0.1601281538 0.1601281538 0.1601281538 0.0800640769 0.1601281538 0.1601281538 0.1601281538 0.0800640769 0.0800640769 0.0800640769 0.0800640769 0.0800640769 -0.0000000000 0.0800640769 0.0800640769 -0.0000000000
0.0000000000 0.0000000000 0.0000000000 0.0000000000 -0.0000000000 -0.0000000000 -0.0000000000 -0.0000000000 -0.0000000000 -0.0000000000 -0.0000000000 0.0000000000 -0.0000000000 -0.0000000000 -0.0000000000 -0.0000000000 -0.0000000000 -0.0000000000 -0.0000000000 -0.0000000000 -0.0000000000 -0.0000000000 -0.0000000000 -0.0000000000 -0.0000000000 -0.0000000000 -0.0000000000 0.0000000000 -0.0000000000 -0.0000000000 -0.0000000000 -0.0000000000 -0.0000000000 -0.0000000000 0.0000000000 -0.0000000000 -0.0000000000 -0.0000000000 -0.0000000000 -0.0000000000 -0.0000000000 -0.0000000000 -0.0000000000 -0.0000000000 -0.0000000000 -0.0000000000 -0.0000000000 -0.0000000000 -0.0000000000 -0.0000000000 -0.0000000000 0.0000000000 -0.0000000000 -0.0000000000 -0.0000000000 -0.0000000000 -0.0000000000 -0.0000000000 -0.0000000000 -0.0000000000 -0.0000000000 -0.0000000000 0.0000000000
0.1034175380 0.0517087690 0.0000000000 0.0517087690 0.1034175380 0.0517087690 0.1551263070 0.1034175380 0.1034175380 0.1551263070 0.1551263070 0.0517087690 0.1034175380 0.1551263070 0.1034175380 0.0517087690 0.1034175380 0.0517087690 0.1551263070 0.1034175380 0.1034175380 0.1551263070 0.1034175380 0.1551263070 0.1551263070 0.1034175380 0.1551263070 0.1551263070 0.1551263070 0.1551263070 0.1551263070 0.1034175380 0.1551263070 0.1034175380 0.1551263070 0.1551263070 0.1551263070 0.1551263070 0.1034175380 0.1034175380 0.1551263070 0.1034175380 0.1551263070 0.1551263070 0.1034175380 0.1034175380 0.1034175380 0.1551263070 0.1551263070 0.1551263070 0.1034175380 0.1551263070 0.1551263070 0.1551263070 0.1551263070 0.1551263070 0.1034175380 0.1034175380 0.1034175380 0.0517087690 0.1034175380 0.1551263070 0.0517087690
0.0460165459 0.0230082730 0.0460165459 0.0690248189 0.0920330918 0.0460165459 0.0690248189 0.0920330918 0.1150413648 0.1380496378 0.0920330918 0.0690248189 0.0690248189 0.1150413648 0.0690248189 0.1150413648 0.0920330918 0.0920330918 0.1610579107 0.1150413648 0.1380496378 0.1150413648 0.1150413648 0.1610579107 0.1150413648 0.1610579107 0.1380496378 0.1380496378 0.1610579107 0.1610579107 0.1380496378 0.1150413648 0.1150413648 0.1150413648 0.1610579107 0.1150413648 0.1610579107 0.1610579107 0.1150413648 0.1380496378 0.1610579107 0.1610579107 0.1610579107 0.1380496378 0.1610579107 0.1380496378 0.1610579107 0.1380496378 0.1610579107 0.1380496378 0.1380496378 0.1610579107 0.1150413648 0.1610579107 0.1610579107 0.1150413648 0.1150413648 0.1380496378 0.1380496378 0.1150413648 0.0920330918 0.1150413648 0.0690248189
0.0000000000 0.0912870929 0.0912870929 0.0912870929 0.0000000000 0.0912870929 0.0912870929 0.0912870929 0.0912870929 -0.0000000000 0.0912870929 0.1825741858 0.0912870929 0.0912870929 0.1825741858 0.0912870929 0.0912870929 0.0912870929 0.0912870929 0.1825741858 0.0912870929 0.1825741858 0.0912870929 0.0912870929 0.1825741858 0.0912870929 0.0912870929 0.0912870929 0.0912870929 0.1825741858 0.0912870929 0.0912870929 0.1825741858 0.1825741858 0.0912870929 0.1825741858 0.1825741858 0.0912870929 0.0912870929 0.0912870929 0.1825741858 0.0912870929 0.1825741858 0.1825741858 0.0912870929 0.1825741858 0.1825741858 0.0912870929 0.0912870929 0.0912870929 0.1825741858 0.0912870929 0.0912870929 0.1825741858 0.1825741858 0.0912870929 0.0912870929 0.0912870929 0.1825741858 0.1825741858 0.0912870929 0.0912870929 0.0912870929
0.0000000000 0.0833333333 0.0833333333 0.0000000000 0.0833333333 0.0833333333 0.0833333333 0.0833333333 -0.0000000000 0.0833333333 0.0833333333 0.1666666667 0.0833333333 0.1666666667 0.0833333333 0.0833333333 0.1666666667 0.1666666667 0.0833333333 0.0833333333 0.1666666667 0.1666666667 0.0833333333 0.1666666667 0.0833333333 0.0833333333 0.1666666667 0.1666666667 0.0833333333 0.0833333333 0.1666666667 0.1666666667 0.1666666667 0.0833333333 0.1666666667 0.0833333333 0.0833333333 0.1666666667 0.1666666667 0.1666666667 0.1666666667 0.1666666667 0.1666666667 0.0833333333 0.1666666667 0.0833333333 0.0833333333 0.1666666667 0.1666666667 0.1666666667 0.1666666667 0.1666666667 0.0833333333 0.0833333333 0.0833333333 0.1666666667 0.1666666667 0.0833333333 0.0833333333 0.0833333333 0.1666666667 0.0833333333 0.0833333333
0.0966736489 0.0966736489 0.0000000000 0.0966736489 0.0966736489 0.0000000000 0.1450104734 0.0966736489 0.1450104734 0.1450104734 0.0966736489 0.0966736489 0.1450104734 0.1450104734 0.0966736489 0.0966736489 0.0966736489 0.0000000000 0.1450104734 0.0966736489 0.0966736489 0.1450104734 0.1450104734 0.1450104734 0.1450104734 0.1450104734 0.1450104734 0.0966736489 0.1450104734 0.1450104734 0.1450104734 0.1450104734 0.1450104734 0.0966736489 0.1450104734 0.1450104734 0.1450104734 0.1450104734 0.0966736489 0.0966736489 0.1450104734 0.1450104734 0.1450104734 0.1450104734 0.0483368245 0.1450104734 0.1450104734 0.1450104734 0.1450104734 0.1450104734 0.1450104734 0.1450104734 0.1450104734 0.1450104734 0.1450104734 0.1450104734 0.0483368245 0.1450104734 0.1450104734 0.0483368245 0.1450104734 0.1450104734 0.0483368245
0.0555555556 0.0000000000 0.0555555556 0.1111111111 0.1111111111 0.0555555556 0.0555555556 0.1111111111 0.1666666667 0.1666666667 0.1111111111 0.0555555556 0.1111111111 0.1111111111 0.0555555556 0.1666666667 0.1666666667 0.1111111111 0.1666666667 0.1666666667 0.1111111111 0.1111111111 0.1666666667 0.1666666667 0.1111111111 0.1111111111 0.1666666667 0.1666666667 0.1111111111 0.1666666667 0.1666666667 0.1666666667 0.1666666667 0.1111111111 0.1666666667 0.1666666667 0.1111111111 0.1111111111 0.1666666667 0.1666666667 0.1111111111 0.1111111111 0.1666666667 0.1666666667 0.1111111111 0.1666666667 0.1666666667 0.0555555556 0.1111111111 0.1111111111 0.0555555556 0.1111111111 0.1666666667 0.1666666667 0.1111111111 0.0555555556 0.0555555556 0.1111111111 0.1111111111 0.0555555556 -0.0000000000 0.0555555556 0.0000000000
0.0771516750 0.0771516750 0.0771516750 0.0000000000 0.0771516750 0.0000000000 0.1543033500 0.1543033500 0.0771516750 0.1543033500 0.0771516750 0.1543033500 0.0771516750 0.1543033500 0.0771516750 0.0771516750 0.1543033500 0.0771516750 0.0771516750 -0.0000000000 0.0771516750 0.1543033500 0.1543033500 0.1543033500 0.1543033500 0.1543033500 0.1543033500 0.1543033500 0.1543033500 0.0771516750 0.1543033500 0.1543033500 0.0771516750 0.1543033500 0.1543033500 0.0771516750 0.1543033500 0.1543033500 0.0771516750 0.1543033500 0.0771516750 0.1543033500 0.0771516750 0.1543033500 0.1543033500 0.1543033500 0.1543033500 0.1543033500 0.1543033500 0.1543033500 0.1543033500 0.0771516750 0.1543033500 0.0771516750 0.1543033500 0.1543033500 0.0771516750 0.1543033500 0.0771516750 0.1543033500 0.1543033500 0.0771516750 0.0771516750
0.0485642931 0.0485642931 0.0485642931 0.0971285862 0.0485642931 0.0485642931 0.0971285862 0.0971285862 0.0971285862 0.0971285862 0.0971285862 0.0971285862 0.1456928794 0.0971285862 0.0971285862 0.1456928794 0.0971285862 0.0971285862 0.1456928794 0.1456928794 0.0971285862 0.1456928794 0.1456928794 0.1456928794 0.1456928794 0.1456928794 0.1456928794 0.1456928794 0.1456928794 0.1456928794 0.1456928794 0.1456928794 0.1456928794 0.1456928794 0.1456928794 0.1456928794 0.1456928794 0.1456928794 0.1456928794 0.1456928794 0.1456928794 0.1456928794 0.1456928794 0.1456928794 0.1456928794 0.1456928794 0.1456928794 0.1456928794 0.1456928794 0.1456928794 0.1456928794 0.1456928794 0.1456928794 0.0971285862 0.1456928794 0.1456928794 0.0971285862 0.0971285862 0.0971285862 0.0971285862 0.0971285862 0.0971285862 0.0485642931
0.0995037190 0.0497518595 0.0497518595 0.0000000000 0.0497518595 0.0497518595 0.1492555785 0.1492555785 0.0995037190 0.1492555785 0.1492555785 0.0995037190 0.0497518595 0.0995037190 0.0995037190 0.0497518595 0.0995037190 0.0995037190 0.0497518595 0.0497518595 0.0995037190 0.1492555785 0.1492555785 0.1492555785 0.1492555785 0.1492555785 0.1492555785 0.1492555785 0.1492555785 0.1492555785 0.1492555785 0.0995037190 0.1492555785 0.1492555785 0.0995037190 0.0995037190 0.1492555785 0.0995037190 0.0995037190 0.1492555785 0.0995037190 0.1492555785 0.1492555785 0.1492555785 0.1492555785 0.1492555785 0.0995037190 0.1492555785 0.1492555785 0.1492555785 0.1492555785 0.1492555785 0.1492555785 0.1492555785 0.1492555785 0.1492555785 0.1492555785 0.1492555785 0.0995037190 0.0995037190 0.1492555785 0.1492555785 0.0995037190
0.0480015361 0.0480015361 0.0480015361 0.1440046082 0.0480015361 0.0480015361 0.0960030721 0.0960030721 0.1440046082 0.0960030721 0.0960030721 0.0960030721 0.1440046082 0.0960030721 0.0960030721 0.1440046082 0.0960030721 0.0960030721 0.1440046082 0.1440046082 0.0960030721 0.0960030721 0.1440046082 0.1440046082 0.1440046082 0.1440046082 0.1440046082 0.1440046082 0.1440046082 0.1440046082 0.1440046082 0.1440046082 0.1440046082 0.1440046082 0.1440046082 0.1440046082 0.1440046082 0.1440046082 0.1440046082 0.1440046082 0.1440046082 0.0960030721 0.1440046082 0.1440046082 0.1440046082 0.1440046082 0.1440046082 0.1440046082 0.1440046082 0.1440046082 0.1440046082 0.1440046082 0.1440046082 0.1440046082 0.1440046082 0.1440046082 0.0960030721 0.0960030721 0.1440046082 0.0960030721 0.0960030721 0.0960030721 0.0480015361
0.0541927815 0.0541927815 0.0541927815 0.0541927815 0.0812891722 0.0541927815 0.1083855629 0.0541927815 0.0812891722 0.1354819537 0.1083855629 0.1083855629 0.1083855629 0.1354819537 0.1083855629 0.1083855629 0.1354819537 0.1083855629 0.1354819537 0.1083855629 0.1083855629 0.1083855629 0.1083855629 0.1625783444 0.1625783444 0.0812891722 0.1354819537 0.1083855629 0.1625783444 0.1354819537 0.1625783444 0.1625783444 0.1625783444 0.1625783444 0.1625783444 0.1625783444 0.1354819537 0.1625783444 0.1625783444 0.1354819537 0.1083855629 0.1083855629 0.1354819537 0.1625783444 0.1625783444 0.1625783444 0.1625783444 0.1354819537 0.1354819537 0.1354819537 0.1083855629 0.1625783444 0.1625783444 0.1354819537 0.1083855629 0.1354819537 0.1083855629 0.1083855629 0.1083855629 0.1083855629 0.0812891722 0.1083855629 0.0541927815
0.1104315261 0.1104315261 0.0552157630 0.0000000000 0.0552157630 0.0552157630 0.1104315261 0.1656472891 0.1104315261 0.1656472891 0.1104315261 0.1656472891 0.1104315261 0.1104315261 0.1656472891 0.0552157630 0.0552157630 0.1104315261 0.0552157630 0.0552157630 0.1104315261 0.1656472891 0.1104315261 0.1104315261 0.1104315261 0.1656472891 0.1656472891 0.1656472891 0.1656472891 0.1104315261 0.1656472891 0.1656472891 0.1104315261 0.1656472891 0.1104315261 0.1656472891 0.1656472891 0.0552157630 0.1104315261 0.1104315261 0.1104315261 0.1656472891 0.1104315261 0.1104315261 0.1104315261 0.1104315261 0.1104315261 0.1656472891 0.1656472891 0.1656472891 0.1656472891 0.1104315261 0.1656472891 0.1104315261 0.1656472891 0.1104315261 0.1104315261 0.1104315261 0.0552157630 0.1104315261 0.1656472891 0.1104315261 0.0552157630
0.0809776330 0.0809776330 0.0404888165 0.0809776330 0.0000000000 0.0404888165 0.1619552660 0.1214664495 0.1214664495 0.0809776330 0.1214664495 0.1214664495 0.1619552660 0.0809776330 0.0809776330 0.1214664495 0.0404888165 0.0809776330 0.0809776330 0.1214664495 0.0404888165 0.1619552660 0.1214664495 0.1619552660 0.1619552660 0.1619552660 0.1214664495 0.1619552660 0.1214664495 0.1619552660 0.1214664495 0.1619552660 0.1214664495 0.1214664495 0.1619552660 0.1214664495 0.0809776330 0.1214664495 0.1619552660 0.0809776330 0.1214664495 0.1214664495 0.1619552660 0.1619552660 0.1214664495 0.0809776330 0.1619552660 0.1619552660 0.1619552660 0.1619552660 0.1619552660 0.1619552660 0.1214664495 0.1214664495 0.1214664495 0.1619552660 0.1214664495 0.0809776330 0.1619552660 0.0809776330 0.1619552660 0.1214664495 0.0809776330
0.0000000000 0.1048284837 0.0000000000 0.1572427255 0.0524142418 0.0524142418 0.1048284837 0.0000000000 0.1572427255 0.0524142418 0.0524142418 0.1048284837 0.1572427255 0.1572427255 0.1572427255 0.1572427255 0.0524142418 0.0524142418 0.1572427255 0.1572427255 0.1048284837 0.1048284837 0.1572427255 0.1572427255 0.1572427255 0.1572427255 0.0524142418 0.0524142418 0.1572427255 0.1572427255 0.1048284837 0.1572427255 0.1572427255 0.1572427255 0.1048284837 0.1048284837 0.1572427255 0.1572427255 0.1572427255 0.1048284837 0.1572427255 0.1572427255 0.1572427255 0.1572427255 0.1048284837 0.1048284837 0.1572427255 0.1572427255 0.1572427255 0.1048284837 0.1572427255 0.1048284837 0.1048284837 0.1572427255 0.0524142418 0.1572427255 0.1048284837 0.1048284837 0.1572427255 0.0524142418 0.1572427255 0.0524142418 0.0524142418
0.0000000000 0.0548821300 0.0548821300 0.0548821300 0.1097642600 0.0548821300 0.0548821300 0.0548821300 0.0548821300 0.1097642600 0.0548821300 0.1097642600 0.1097642600 0.1097642600 0.1097642600 0.1097642600 0.1646463900 0.1097642600 0.1097642600 0.1097642600 0.1646463900 0.1097642600 0.1097642600 0.1097642600 0.1097642600 0.1097642600 0.1646463900 0.1097642600 0.1097642600 0.1097642600 0.1646463900 0.1646463900 0.1646463900 0.1646463900 0.0548821300 0.1646463900 0.1646463900 0.1646463900 0.1646463900 0.1646463900 0.1646463900 0.1646463900 0.1646463900 0.1646463900 0.0548821300 0.1646463900 0.1646463900 0.1646463900 0.1646463900 0.1646463900 0.1646463900 0.1097642600 0.1646463900 0.1097642600 0.1097642600 0.1097642600 0.1097642600 0.1646463900 0.1097642600 0.1097642600 0.1097642600 0.0548821300 0.0548821300
0.0364178520 0.1456714081 0.0364178520 0.0364178520 0.0728357041 0.0728357041 0.1456714081 0.0728357041 0.0728357041 0.1092535561 0.1092535561 0.1456714081 0.1456714081 0.1456714081 0.1456714081 0.0728357041 0.1092535561 0.1092535561 0.1092535561 0.1092535561 0.1456714081 0.1456714081 0.1456714081 0.1456714081 0.1456714081 0.1092535561 0.1456714081 0.1456714081 0.1456714081 0.1456714081 0.1456714081 0.1456714081 0.1456714081 0.1456714081 0.1456714081 0.1456714081 0.1456714081 0.1456714081 0.1092535561 0.1456714081 0.1456714081 0.1456714081 0.1456714081 0.1456714081 0.1456714081 0.1456714081 0.1092535561 0.1456714081 0.1456714081 0.1456714081 0.1456714081 0.1456714081 0.1092535561 0.1092535561 0.1092535561 0.1456714081 0.1092535561 0.1092535561 0.0728357041 0.0728357041 0.1456714081 0.0728357041 0.0364178520
0.0371134810 0.0742269619 0.0371134810 0.0371134810 0.0371134810 0.0742269619 0.1113404429 0.0742269619 0.0742269619 0.0742269619 0.1113404429 0.1113404429 0.1113404429 0.1113404429 0.1484539238 0.0742269619 0.0742269619 0.1113404429 0.0742269619 0.1113404429 0.1113404429 0.1484539238 0.1484539238 0.1113404429 0.1484539238 0.1113404429 0.1113404429 0.1484539238 0.1113404429 0.1484539238 0.1484539238 0.1484539238 0.1484539238 0.1484539238 0.1484539238 0.1484539238 0.1484539238 0.1113404429 0.1113404429 0.1484539238 0.1484539238 0.1113404429 0.1484539238 0.1484539238 0.1484539238 0.1484539238 0.1484539238 0.1484539238 0.1484539238 0.1484539238 0.1484539238 0.1484539238 0.1484539238 0.1484539238 0.1484539238 0.1484539238 0.1113404429 0.1113404429 0.1484539238 0.1484539238 0.1484539238 0.1484539238 0.1113404429
0.0859602383 0.0573068255 0.0573068255 0.0859602383 0.0573068255 0.0286534128 0.1432670638 0.1146136510 0.1432670638 0.1146136510 0.1146136510 0.1146136510 0.1432670638 0.1146136510 0.0859602383 0.1146136510 0.1146136510 0.0859602383 0.1146136510 0.1146136510 0.0859602383 0.1432670638 0.1432670638 0.1432670638 0.1432670638 0.1432670638 0.1432670638 0.1432670638 0.1432670638 0.1432670638 0.1432670638 0.1432670638 0.1432670638 0.1432670638 0.1432670638 0.1432670638 0.1432670638 0.1432670638 0.1432670638 0.1146136510 0.1432670638 0.1146136510 0.1432670638 0.1432670638 0.1146136510 0.1432670638 0.1432670638 0.1432670638 0.1432670638 0.1432670638 0.1432670638 0.1432670638 0.1432670638 0.1432670638 0.1432670638 0.1432670638 0.0859602383 0.1146136510 0.1146136510 0.1146136510 0.1146136510 0.1146136510 0.0573068255
0.0651635212 0.0000000000 0.0325817606 0.0977452819 0.0977452819 0.0325817606 0.0651635212 0.0977452819 0.1303270425 0.1629088031 0.0977452819 0.0325817606 0.0977452819 0.0977452819 0.0325817606 0.1303270425 0.1303270425 0.0651635212 0.1303270425 0.1303270425 0.1303270425 0.0977452819 0.1303270425 0.1629088031 0.0977452819 0.1629088031 0.1629088031 0.0977452819 0.1303270425 0.1629088031 0.1629088031 0.1303270425 0.1303270425 0.0651635212 0.1303270425 0.1303270425 0.1303270425 0.1629088031 0.1629088031 0.1303270425 0.1629088031 0.1629088031 0.1629088031 0.0977452819 0.1303270425 0.1629088031 0.1629088031 0.0977452819 0.1629088031 0.1629088031 0.0977452819 0.1629088031 0.1629088031 0.1303270425 0.1629088031 0.1303270425 0.0977452819 0.1629088031 0.1629088031 0.0977452819 0.0651635212 0.1303270425 0.0651635212
0.1147078669 0.1147078669 -0.0000000000 0.0573539335 0.0573539335 0.0573539335 0.1720618004 0.1147078669 0.1147078669 0.1720618004 0.1720618004 0.1147078669 0.1720618004 0.1720618004 0.1147078669 0.0573539335 0.0573539335 0.0573539335 0.1147078669 0.1147078669 0.1147078669 0.1720618004 0.1147078669 0.1147078669 0.1147078669 0.1147078669 0.1720618004 0.1720618004 0.1147078669 0.1720618004 0.1720618004 0.1720618004 0.1720618004 0.1147078669 0.1720618004 0.1720618004 0.1147078669 0.1147078669 0.1147078669 0.1147078669 0.1720618004 0.1147078669 0.1147078669 0.1147078669 0.0573539335 0.0573539335 0.0573539335 0.1147078669 0.1720618004 0.1720618004 0.1147078669 0.1720618004 0.1720618004 0.1147078669 0.1147078669 0.1720618004 0.0573539335 0.0573539335 0.0573539335 -0.0000000000 0.1147078669 0.1147078669 0.0000000000
0.0386984038 0.0773968075 0.0386984038 0.0386984038 0.0773968075 0.0386984038 0.1160952113 0.0773968075 0.0773968075 0.1160952113 0.0773968075 0.0967460094 0.1160952113 0.1160952113 0.1160952113 0.0773968075 0.1160952113 0.0773968075 0.1160952113 0.0773968075 0.1160952113 0.1354444132 0.1547936151 0.1547936151 0.1547936151 0.1160952113 0.1547936151 0.1160952113 0.1547936151 0.1160952113 0.1547936151 0.1160952113 0.1160952113 0.1354444132 0.1547936151 0.1547936151 0.1547936151 0.1547936151 0.1160952113 0.1547936151 0.1160952113 0.1547936151 0.1547936151 0.1354444132 0.1547936151 0.1354444132 0.1547936151 0.1547936151 0.1547936151 0.1547936151 0.1547936151 0.1354444132 0.1547936151 0.1547936151 0.1354444132 0.1547936151 0.1160952113 0.1160952113 0.1160952113 0.1160952113 0.1547936151 0.1160952113 0.0773968075
0.0560772154 0.0000000000 0.0560772154 0.0560772154 0.1121544308 0.0560772154 0.0560772154 0.1121544308 0.1121544308 0.1682316462 0.1121544308 0.0560772154 0.0560772154 0.1121544308 0.0560772154 0.1121544308 0.1682316462 0.1121544308 0.1121544308 0.1121544308 0.1682316462 0.1121544308 0.1121544308 0.1682316462 0.1121544308 0.1682316462 0.1682316462 0.1121544308 0.1121544308 0.1121544308 0.1682316462 0.1121544308 0.1682316462 0.1121544308 0.1121544308 0.1121544308 0.1682316462 0.1682316462 0.1682316462 0.1682316462 0.1682316462 0.1682316462 0.1682316462 0.1121544308 0.1121544308 0.1121544308 0.1682316462 0.1121544308 0.1121544308 0.1121544308 0.1121544308 0.1682316462 0.1682316462 0.1682316462 0.1682316462 0.1121544308 0.1121544308 0.1121544308 0.1121544308 0.1121544308 0.0560772154 0.1121544308 0.0560772154
0.0251180180 0.0753540539 0.0251180180 0.0753540539 0.1004720719 0.0753540539 0.1004720719 0.0502360359 0.1004720719 0.1255900898 0.1004720719 0.1004720719 0.1255900898 0.1507081078 0.1255900898 0.1004720719 0.1255900898 0.1004720719 0.1255900898 0.1255900898 0.1255900898 0.1255900898 0.1507081078 0.1507081078 0.1507081078 0.1255900898 0.1507081078 0.1255900898 0.1507081078 0.1507081078 0.1507081078 0.1255900898 0.1507081078 0.1255900898 0.1507081078 0.1507081078 0.1507081078 0.1507081078 0.1255900898 0.1507081078 0.1255900898 0.1507081078 0.1507081078 0.1507081078 0.1507081078 0.1507081078 0.1507081078 0.1507081078 0.1507081078 0.1507081078 0.1507081078 0.1255900898 0.1255900898 0.1255900898 0.0753540539 0.1255900898 0.1255900898 0.1255900898 0.1255900898 0.0753540539 0.1255900898 0.0502360359 0.0502360359
0.0773895644 0.0967369555 0.0386947822 0.0773895644 0.0773895644 0.0193473911 0.1354317377 0.1160843466 0.1257580421 0.1257580421 0.0967369555 0.1257580421 0.1354317377 0.1354317377 0.1160843466 0.1160843466 0.1160843466 0.0580421733 0.1257580421 0.0967369555 0.0967369555 0.1451054332 0.1451054332 0.1451054332 0.1451054332 0.1451054332 0.1451054332 0.1354317377 0.1451054332 0.1451054332 0.1451054332 0.1451054332 0.1451054332 0.1451054332 0.1451054332 0.1451054332 0.1451054332 0.1451054332 0.1354317377 0.1354317377 0.1354317377 0.1354317377 0.1354317377 0.1451054332 0.0677158688 0.1451054332 0.1451054332 0.1451054332 0.1451054332 0.1451054332 0.1451054332 0.1354317377 0.1451054332 0.1451054332 0.1451054332 0.1451054332 0.0580421733 0.1160843466 0.1160843466 0.0677158688 0.1257580421 0.1160843466 0.0386947822
0.0857492926 0.0428746463 0.0428746463 0.1286239389 0.0428746463 0.0428746463 0.1286239389 0.0857492926 0.1500612620 0.1286239389 0.1286239389 0.0857492926 0.1286239389 0.0857492926 0.0857492926 0.1714985851 0.0857492926 0.0857492926 0.1286239389 0.1286239389 0.0857492926 0.1286239389 0.1071866157 0.1714985851 0.1714985851 0.1500612620 0.1286239389 0.1286239389 0.1286239389 0.1286239389 0.1714985851 0.1714985851 0.1286239389 0.1286239389 0.1071866157 0.1286239389 0.1286239389 0.1714985851 0.1714985851 0.1286239389 0.1071866157 0.1071866157 0.1714985851 0.1714985851 0.0857492926 0.0857492926 0.1714985851 0.1286239389 0.1286239389 0.1714985851 0.0857492926 0.1500612620 0.1714985851 0.1714985851 0.0857492926 0.1500612620 0.0857492926 0.0857492926 0.1714985851 0.0428746463 0.0857492926 0.1286239389 0.0428746463
0.0379534050 0.0379534050 0.0506045399 0.0506045399 0.0506045399 0.0632556749 0.0759068099 0.0885579449 0.0885579449 0.0885579449 0.1012090799 0.0885579449 0.0885579449 0.0885579449 0.1012090799 0.1012090799 0.1012090799 0.1138602149 0.1012090799 0.1012090799 0.1138602149 0.1138602149 0.1265113498 0.1138602149 0.1391624848 0.1391624848 0.1391624848 0.1518136198 0.1265113498 0.1391624848 0.1518136198 0.1391624848 0.1391624848 0.1518136198 0.1265113498 0.1138602149 0.1518136198 0.1518136198 0.1391624848 0.1518136198 0.1518136198 0.1518136198 0.1518136198 0.1518136198 0.1265113498 0.1518136198 0.1518136198 0.1518136198 0.1518136198 0.1518136198 0.1518136198 0.1518136198 0.1518136198 0.1518136198 0.1518136198 0.1265113498 0.1391624848 0.1518136198 0.1391624848 0.1518136198 0.1265113498 0.1265113498 0.1138602149
0.0702824785 0.0468549857 0.0702824785 0.0702824785 0.0468549857 0.0702824785 0.1171374642 0.1171374642 0.1171374642 0.1171374642 0.1171374642 0.1171374642 0.1171374642 0.0702824785 0.1171374642 0.1171374642 0.1171374642 0.1171374642 0.1171374642 0.1171374642 0.1171374642 0.1405649570 0.1405649570 0.1405649570 0.1405649570 0.1405649570 0.1405649570 0.1405649570 0.1405649570 0.1405649570 0.1405649570 0.1405649570 0.1405649570 0.1405649570 0.1405649570 0.1405649570 0.1405649570 0.1405649570 0.1405649570 0.1405649570 0.1405649570 0.1405649570 0.1405649570 0.1405649570 0.1405649570 0.1405649570 0.1405649570 0.1405649570 0.1405649570 0.1405649570 0.1405649570 0.1405649570 0.1405649570 0.1405649570 0.1405649570 0.1405649570 0.1171374642 0.1171374642 0.1171374642 0.1171374642 0.1171374642 0.1171374642 0.0702824785
0.0785674201 0.0785674201 0.0785674201 0.0392837101 0.0392837101 0.0000000000 0.1571348403 0.1571348403 0.1178511302 0.0785674201 0.0785674201 0.1178511302 0.1178511302 0.1178511302 0.0785674201 0.1178511302 0.1178511302 0.0785674201 0.0785674201 0.0392837101 0.0392837101 0.1178511302 0.1571348403 0.1571348403 0.1571348403 0.1571348403 0.1571348403 0.1571348403 0.1178511302 0.1178511302 0.0785674201 0.1571348403 0.1571348403 0.1178511302 0.1571348403 0.1178511302 0.1178511302 0.1571348403 0.1178511302 0.1178511302 0.0785674201 0.1178511302 0.1178511302 0.1178511302 0.1571348403 0.1571348403 0.1571348403 0.1571348403 0.1571348403 0.1571348403 0.1178511302 0.1571348403 0.1571348403 0.1571348403 0.1571348403 0.1571348403 0.0785674201 0.1178511302 0.1178511302 0.1571348403 0.1571348403 0.1571348403 0.0785674201
-0.0000000000 0.0386333705 0.0386333705 0.0772667409 0.0772667409 0.0386333705 0.0386333705 0.0386333705 0.0772667409 0.0772667409 0.0386333705 0.0772667409 0.1159001114 0.1159001114 0.0772667409 0.1159001114 0.1159001114 0.0772667409 0.1545334819 0.1159001114 0.1159001114 0.0772667409 0.1159001114 0.1159001114 0.0772667409 0.1159001114 0.1159001114 0.0772667409 0.1545334819 0.1159001114 0.1159001114 0.1545334819 0.1159001114 0.1159001114 0.1545334819 0.1545334819 0.1545334819 0.1545334819 0.1545334819 0.1545334819 0.1545334819 0.1545334819 0.1159001114 0.1159001114 0.1545334819 0.1545334819 0.1545334819 0.1545334819 0.1545334819 0.1545334819 0.1545334819 0.1545334819 0.1545334819 0.1545334819 0.1545334819 0.1545334819 0.1545334819 0.1545334819 0.1545334819 0.1545334819 0.1545334819 0.1545334819 0.1545334819
0.0510310363 0.0510310363 0.0000000000 0.0510310363 0.0510310363 0.1020620726 0.1020620726 0.0510310363 0.1020620726 0.1020620726 0.1530931089 0.0510310363 0.1020620726 0.1020620726 0.1020620726 0.0510310363 0.0510310363 0.1020620726 0.1020620726 0.1530931089 0.1530931089 0.1020620726 0.1530931089 0.1530931089 0.1530931089 0.1020620726 0.1020620726 0.1530931089 0.1020620726 0.1530931089 0.1530931089 0.1020620726 0.1020620726 0.1020620726 0.1530931089 0.1530931089 0.1530931089 0.1020620726 0.1530931089 0.1530931089 0.1530931089 0.1530931089 0.1530931089 0.1530931089 0.1530931089 0.1530931089 0.1020620726 0.1020620726 0.1530931089 0.1530931089 0.1530931089 0.1530931089 0.1530931089 0.1530931089 0.1530931089 0.1530931089 0.1530931089 0.1530931089 0.1020620726 0.1020620726 0.1530931089 0.1530931089 0.1020620726
0.0548821300 0.0731761733 0.0731761733 0.1097642600 0.0365880867 0.0365880867 0.1280583033 0.1280583033 0.1280583033 0.0914702167 0.0914702167 0.1097642600 0.1463523467 0.1097642600 0.1097642600 0.1463523467 0.0914702167 0.1097642600 0.1280583033 0.1280583033 0.0731761733 0.1463523467 0.1463523467 0.1463523467 0.1463523467 0.1463523467 0.1463523467 0.1463523467 0.1463523467 0.1280583033 0.1280583033 0.1463523467 0.1280583033 0.1463523467 0.1463523467 0.1463523467 0.1280583033 0.1463523467 0.1463523467 0.1280583033 0.1463523467 0.1097642600 0.1463523467 0.1463523467 0.1463523467 0.1280583033 0.1463523467 0.1463523467 0.1463523467 0.1463523467 0.1463523467 0.1280583033 0.1280583033 0.1280583033 0.1463523467 0.1463523467 0.0914702167 0.0914702167 0.1280583033 0.1097642600 0.1280583033 0.0914702167 0.0548821300
0.0589228579 0.0640465846 0.0589228579 0.0589228579 0.0640465846 0.0486754043 0.1229694425 0.1024745354 0.1075982622 0.1204075791 0.0922270819 0.1229694425 0.1229694425 0.1280931693 0.1127219890 0.1075982622 0.1024745354 0.1075982622 0.1152838524 0.0973508087 0.1050363988 0.1434643496 0.1434643496 0.1434643496 0.1434643496 0.1357787595 0.1434643496 0.1357787595 0.1409024862 0.1255313059 0.1434643496 0.1434643496 0.1434643496 0.1434643496 0.1434643496 0.1434643496 0.1434643496 0.1434643496 0.1306550327 0.1434643496 0.1434643496 0.1434643496 0.1434643496 0.1434643496 0.1409024862 0.1434643496 0.1434643496 0.1434643496 0.1434643496 0.1434643496 0.1434643496 0.1434643496 0.1434643496 0.1434643496 0.1434643496 0.1434643496 0.1024745354 0.1280931693 0.1152838524 0.1024745354 0.1280931693 0.1204075791 0.0640465846
0.0839550960 0.0839550960 0.0209887740 0.0839550960 0.0419775480 0.0629663220 0.1259326440 0.1049438700 0.1259326440 0.1049438700 0.1259326440 0.1049438700 0.1469214181 0.1049438700 0.1259326440 0.1049438700 0.0629663220 0.0839550960 0.1259326440 0.1259326440 0.1049438700 0.1469214181 0.1469214181 0.1259326440 0.1469214181 0.1469214181 0.1259326440 0.1469214181 0.1469214181 0.1469214181 0.1259326440 0.1469214181 0.1259326440 0.1469214181 0.1469214181 0.1469214181 0.1469214181 0.1259326440 0.1259326440 0.1259326440 0.1469214181 0.1469214181 0.1469214181 0.1469214181 0.1259326440 0.1259326440 0.1259326440 0.1469214181 0.1469214181 0.1469214181 0.1259326440 0.1469214181 0.1469214181 0.1469214181 0.1469214181 0.1469214181 0.1259326440 0.1049438700 0.1049438700 0.0839550960 0.1259326440 0.1469214181 0.0629663220
0.0269974624 0.0809923871 0.0269974624 0.0000000000 0.1349873118 0.0539949247 0.1079898494 0.0539949247 0.0269974624 0.1619847741 0.0809923871 0.1079898494 0.0809923871 0.1349873118 0.1349873118 0.0269974624 0.1619847741 0.0809923871 0.1349873118 0.0539949247 0.1349873118 0.1349873118 0.1079898494 0.1619847741 0.1349873118 0.0539949247 0.1619847741 0.1079898494 0.1619847741 0.0809923871 0.1619847741 0.1079898494 0.1619847741 0.1619847741 0.1349873118 0.1349873118 0.1349873118 0.1619847741 0.0809923871 0.1619847741 0.1349873118 0.1349873118 0.1349873118 0.1619847741 0.1619847741 0.1349873118 0.1079898494 0.1619847741 0.1079898494 0.1619847741 0.1619847741 0.1619847741 0.1619847741 0.1079898494 0.1349873118 0.1619847741 0.1349873118 0.1619847741 0.0809923871 0.1079898494 0.1619847741 0.1079898494 0.0809923871
0.1103381221 0.0735587481 0.0735587481 0.0551690610 0.0551690610 0.0183896870 0.1471174961 0.1471174961 0.1287278091 0.1471174961 0.1287278091 0.1287278091 0.1287278091 0.1287278091 0.0735587481 0.1103381221 0.1103381221 0.0919484351 0.1103381221 0.0735587481 0.0735587481 0.1471174961 0.1471174961 0.1471174961 0.1471174961 0.1471174961 0.1471174961 0.1471174961 0.1471174961 0.1471174961 0.1471174961 0.1471174961 0.1471174961 0.1287278091 0.1471174961 0.1287278091 0.1287278091 0.1471174961 0.1287278091 0.1287278091 0.1287278091 0.1287278091 0.1103381221 0.1287278091 0.1287278091 0.1471174961 0.1287278091 0.1287278091 0.1471174961 0.1471174961 0.1471174961 0.1471174961 0.1471174961 0.1287278091 0.1471174961 0.1471174961 0.0735587481 0.1103381221 0.0919484351 0.1103381221 0.1287278091 0.1287278091 0.0551690610
0.0524142418 0.1048284837 0.1048284837 0.0524142418 0.0524142418 0.0000000000 0.1572427255 0.1048284837 0.1048284837 0.1048284837 0.0524142418 0.1572427255 0.1572427255 0.1572427255 0.1048284837 0.1572427255 0.1048284837 0.1048284837 0.1048284837 0.0524142418 0.0524142418 0.1572427255 0.1572427255 0.1572427255 0.1572427255 0.1572427255 0.1048284837 0.1048284837 0.1048284837 0.1048284837 0.1048284837 0.1572427255 0.1572427255 0.1572427255 0.1572427255 0.1572427255 0.1572427255 0.1572427255 0.1572427255 0.1048284837 0.1048284837 0.1048284837 0.1048284837 0.1572427255 0.1572427255 0.1572427255 0.1572427255 0.1048284837 0.1572427255 0.1048284837 0.1048284837 0.1048284837 0.1572427255 0.1572427255 0.1572427255 0.1572427255 0.0524142418 0.1048284837 0.1048284837 0.1572427255 0.1048284837 0.1048284837 0.0524142418
0.0544043276 0.0388602340 0.0466322808 0.0544043276 0.0621763745 0.0777204681 0.0932645617 0.1010366085 0.0854925149 0.1165807021 0.1243527489 0.0854925149 0.0932645617 0.0932645617 0.1165807021 0.1010366085 0.1088086553 0.1243527489 0.1165807021 0.1321247957 0.1398968425 0.1398968425 0.1243527489 0.1398968425 0.1476688893 0.1321247957 0.1476688893 0.1476688893 0.1476688893 0.1476688893 0.1476688893 0.1321247957 0.1398968425 0.1476688893 0.1476688893 0.1476688893 0.1476688893 0.1398968425 0.1476688893 0.1476688893 0.1476688893 0.1398968425 0.1476688893 0.1476688893 0.1476688893 0.1476688893 0.1398968425 0.1476688893 0.1476688893 0.1476688893 0.1010366085 0.1476688893 0.1476688893 0.1476688893 0.1321247957 0.1476688893 0.1321247957 0.1243527489 0.1165807021 0.0854925149 0.0932645617 0.1165807021 0.0621763745
0.0415945165 0.0415945165 0.0415945165 0.0831890331 0.0415945165 0.0831890331 0.0831890331 0.0831890331 0.1247835496 0.0831890331 0.1247835496 0.0831890331 0.1247835496 0.0831890331 0.1247835496 0.1247835496 0.0831890331 0.1247835496 0.1247835496 0.1663780662 0.1247835496 0.1247835496 0.1663780662 0.1247835496 0.1663780662 0.1663780662 0.1247835496 0.1663780662 0.0831890331 0.1663780662 0.1663780662 0.1663780662 0.1247835496 0.0831890331 0.1663780662 0.1663780662 0.1663780662 0.1663780662 0.1663780662 0.1663780662 0.1663780662 0.1663780662 0.1663780662 0.1247835496 0.1247835496 0.1247835496 0.1247835496 0.1247835496 0.1247835496 0.1247835496 0.1247835496 0.1663780662 0.1247835496 0.1247835496 0.1247835496 0.1247835496 0.1247835496 0.0831890331 0.0831890331 0.0831890331 0.0831890331 0.0831890331 0.0415945165
0.0385185608 0.0770371216 0.0770371216 0.0385185608 0.0770371216 0.0385185608 0.1155556824 0.1155556824 0.0770371216 0.1155556824 0.0770371216 0.1155556824 0.1155556824 0.1540742432 0.1155556824 0.1155556824 0.1540742432 0.1155556824 0.1155556824 0.0770371216 0.1155556824 0.1155556824 0.1540742432 0.1540742432 0.1155556824 0.1540742432 0.1540742432 0.1155556824 0.1540742432 0.1155556824 0.1540742432 0.1540742432 0.1540742432 0.1155556824 0.1540742432 0.1540742432 0.1540742432 0.1540742432 0.1540742432 0.1540742432 0.1540742432 0.1540742432 0.1155556824 0.0770371216 0.1540742432 0.1540742432 0.1155556824 0.1540742432 0.1540742432 0.1540742432 0.1540742432 0.1155556824 0.1540742432 0.1155556824 0.1540742432 0.1540742432 0.0770371216 0.1155556824 0.0770371216 0.1155556824 0.1155556824 0.0770371216 0.0385185608
0.0540934646 0.0540934646 0.0540934646 0.0540934646 0.0540934646 0.0540934646 0.0790596791 0.1081869293 0.1081869293 0.1081869293 0.1081869293 0.1081869293 0.1081869293 0.1081869293 0.1081869293 0.0707376076 0.1081869293 0.1081869293 0.1081869293 0.1081869293 0.1081869293 0.1331531437 0.1331531437 0.1081869293 0.0998648578 0.1248310722 0.1206700365 0.1622803939 0.1622803939 0.1622803939 0.1622803939 0.1248310722 0.1622803939 0.1622803939 0.1622803939 0.1622803939 0.1622803939 0.1081869293 0.0998648578 0.1622803939 0.1622803939 0.1497972867 0.1165090007 0.1289921080 0.1622803939 0.1539583224 0.1289921080 0.1165090007 0.1539583224 0.1622803939 0.1622803939 0.1622803939 0.1497972867 0.1622803939 0.1497972867 0.1373141794 0.1123479650 0.1123479650 0.1123479650 0.1123479650 0.1123479650 0.1123479650 0.0582545004
0.0974354704 0.0324784901 -0.0000000000 0.0649569802 0.0649569802 0.0649569802 0.1299139605 0.0974354704 0.1623924506 0.1623924506 0.1623924506 0.0324784901 0.0974354704 0.0974354704 0.0974354704 0.0649569802 0.0649569802 0.0649569802 0.0974354704 0.1299139605 0.1299139605 0.1299139605 0.1299139605 0.1623924506 0.1299139605 0.1623924506 0.1623924506 0.1623924506 0.1623924506 0.1623924506 0.1299139605 0.0974354704 0.0974354704 0.0974354704 0.1299139605 0.1623924506 0.1623924506 0.0974354704 0.1299139605 0.1299139605 0.1623924506 0.1299139605 0.1623924506 0.1299139605 0.1299139605 0.1299139605 0.0974354704 0.1623924506 0.1623924506 0.1299139605 0.0974354704 0.1299139605 0.1623924506 0.1623924506 0.1623924506 0.1623924506 0.1299139605 0.1299139605 0.0974354704 0.0649569802 0.0974354704 0.1623924506 0.0649569802
0.0376555029 0.0376555029 0.0753110059 0.0376555029 0.0753110059 0.0753110059 0.0753110059 0.1129665088 0.0753110059 0.1129665088 0.1129665088 0.1129665088 0.0753110059 0.0753110059 0.1129665088 0.1129665088 0.1506220118 0.1317942603 0.1129665088 0.1129665088 0.1506220118 0.1506220118 0.1129665088 0.1129665088 0.1506220118 0.1506220118 0.1506220118 0.1506220118 0.1506220118 0.1506220118 0.1506220118 0.1506220118 0.1506220118 0.1506220118 0.1129665088 0.1506220118 0.1506220118 0.1506220118 0.1129665088 0.1506220118 0.1506220118 0.1506220118 0.1506220118 0.1506220118 0.1506220118 0.1506220118 0.1506220118 0.1506220118 0.1129665088 0.1317942603 0.1506220118 0.1506220118 0.1317942603 0.1317942603 0.1506220118 0.1317942603 0.1129665088 0.1129665088 0.0941387574 0.1129665088 0.0941387574 0.0941387574 0.0564832544
0.0721201079 0.0881467985 0.0721201079 0.0560934172 0.0480800719 0.0320533813 0.1282135251 0.1121868345 0.1202001798 0.1041734891 0.1041734891 0.1362268704 0.1362268704 0.1202001798 0.1121868345 0.1282135251 0.1202001798 0.1041734891 0.1041734891 0.0881467985 0.0801334532 0.1442402157 0.1442402157 0.1442402157 0.1442402157 0.1442402157 0.1442402157 0.1442402157 0.1442402157 0.1442402157 0.1202001798 0.1442402157 0.1442402157 0.1442402157 0.1442402157 0.1442402157 0.1442402157 0.1442402157 0.1442402157 0.1442402157 0.1362268704 0.1121868345 0.1362268704 0.1442402157 0.1282135251 0.1442402157 0.1442402157 0.1442402157 0.1442402157 0.1442402157 0.1442402157 0.1442402157 0.1442402157 0.1442402157 0.1442402157 0.1442402157 0.0881467985 0.0961601438 0.1121868345 0.1041734891 0.1202001798 0.1282135251 0.0560934172
0.0473513724 0.0947027448 0.0473513724 0.0473513724 0.0473513724 0.0947027448 0.1183784310 0.0947027448 0.0947027448 0.0947027448 0.1183784310 0.1183784310 0.1183784310 0.1183784310 0.1420541171 0.0947027448 0.0947027448 0.1183784310 0.0947027448 0.1183784310 0.1183784310 0.1420541171 0.1420541171 0.1420541171 0.1420541171 0.1183784310 0.1183784310 0.1420541171 0.1183784310 0.1420541171 0.1420541171 0.1420541171 0.1420541171 0.1420541171 0.1420541171 0.1420541171 0.1420541171 0.1183784310 0.1420541171 0.1420541171 0.1420541171 0.1420541171 0.1420541171 0.1420541171 0.1420541171 0.1420541171 0.1420541171 0.1420541171 0.1420541171 0.1420541171 0.1420541171 0.1420541171 0.1420541171 0.1420541171 0.1420541171 0.1420541171 0.1420541171 0.1183784310 0.1183784310 0.1183784310 0.1420541171 0.1183784310 0.0947027448
0.0543928293 0.0543928293 0.1087856586 0.0000000000 0.0543928293 0.0543928293 0.1087856586 0.1631784880 0.0543928293 0.1087856586 0.1087856586 0.1087856586 0.0543928293 0.1087856586 0.1087856586 0.1087856586 0.1631784880 0.1631784880 0.0543928293 0.0543928293 0.1087856586 0.1631784880 0.1087856586 0.1087856586 0.1631784880 0.1631784880 0.1631784880 0.1631784880 0.1087856586 0.1087856586 0.1631784880 0.1087856586 0.1087856586 0.1631784880 0.1087856586 0.1087856586 0.1631784880 0.1631784880 0.1631784880 0.1631784880 0.1087856586 0.1631784880 0.1087856586 0.1087856586 0.1087856586 0.1631784880 0.1631784880 0.1631784880 0.1631784880 0.1087856586 0.1631784880 0.1087856586 0.1631784880 0.1087856586 0.1631784880 0.1631784880 0.1087856586 0.1087856586 0.0543928293 0.1631784880 0.1087856586 0.1087856586 0.0543928293
0.0698809157 0.0698809157 0.0698809157 0.0465872771 0.0698809157 0.0698809157 0.1164681928 0.1164681928 0.1164681928 0.1164681928 0.1164681928 0.1164681928 0.1164681928 0.1164681928 0.1164681928 0.1164681928 0.1164681928 0.1164681928 0.1164681928 0.1164681928 0.1164681928 0.1397618314 0.1397618314 0.1397618314 0.1397618314 0.1397618314 0.1397618314 0.1397618314 0.1397618314 0.1397618314 0.1397618314 0.1397618314 0.1397618314 0.1397618314 0.1397618314 0.1397618314 0.1397618314 0.1397618314 0.1397618314 0.1397618314 0.1397618314 0.1397618314 0.1397618314 0.1397618314 0.1397618314 0.1397618314 0.1397618314 0.1397618314 0.1397618314 0.1397618314 0.1397618314 0.1397618314 0.1397618314 0.1397618314 0.1397618314 0.1397618314 0.1164681928 0.1164681928 0.1164681928 0.1164681928 0.1164681928 0.1164681928 0.0698809157
0.0610278198 0.0610278198 0.0610278198 0.0610278198 0.0915417297 0.0305139099 0.1220556395 0.0915417297 0.1220556395 0.1220556395 0.0915417297 0.0915417297 0.1220556395 0.1220556395 0.0915417297 0.1220556395 0.1525695494 0.0915417297 0.0915417297 0.0915417297 0.1220556395 0.1220556395 0.1525695494 0.1525695494 0.1525695494 0.1525695494 0.1525695494 0.1220556395 0.1220556395 0.1220556395 0.1525695494 0.1525695494 0.1525695494 0.1220556395 0.1220556395 0.1220556395 0.1525695494 0.1525695494 0.1525695494 0.1525695494 0.1220556395 0.1525695494 0.1525695494 0.1525695494 0.1220556395 0.1525695494 0.1525695494 0.1220556395 0.1525695494 0.1525695494 0.0915417297 0.1525695494 0.1525695494 0.1525695494 0.1220556395 0.1525695494 0.0915417297 0.1525695494 0.1220556395 0.0915417297 0.0915417297 0.1220556395 0.0610278198
0.0536056267 0.1072112535 0.0536056267 0.0536056267 0.0536056267 0.1072112535 0.1072112535 0.1072112535 0.1072112535 0.1072112535 0.1608168802 0.1072112535 0.1608168802 0.1608168802 0.1072112535 0.1072112535 0.1072112535 0.1608168802 0.0536056267 0.1608168802 0.1608168802 0.1072112535 0.1608168802 0.1608168802 0.1072112535 0.1608168802 0.1608168802 0.1608168802 0.1072112535 0.1608168802 0.1608168802 0.1608168802 0.1608168802 0.1072112535 0.1608168802 0.1608168802 0.1608168802 0.1072112535 0.1608168802 0.1608168802 0.1072112535 0.1608168802 0.1608168802 0.0536056267 0.1608168802 0.1072112535 0.1072112535 0.1072112535 0.1608168802 0.1608168802 0.1072112535 0.1608168802 0.1072112535 0.1072112535 0.1072112535 0.1072112535 0.1072112535 0.0536056267 0.0536056267 0.0536056267 0.1072112535 0.0536056267 0.0000000000
0.0471404521 0.0707106781 0.0707106781 0.0471404521 0.0707106781 0.0707106781 0.1178511302 0.1178511302 0.0942809042 0.1178511302 0.1178511302 0.1178511302 0.0942809042 0.1178511302 0.1178511302 0.1178511302 0.1178511302 0.1178511302 0.1178511302 0.1178511302 0.1178511302 0.1414213562 0.1178511302 0.1414213562 0.1414213562 0.1414213562 0.1414213562 0.1414213562 0.1414213562 0.1414213562 0.1414213562 0.1414213562 0.1414213562 0.1414213562 0.1414213562 0.1414213562 0.1414213562 0.1414213562 0.1414213562 0.1414213562 0.1414213562 0.1414213562 0.1414213562 0.1414213562 0.1414213562 0.1414213562 0.1414213562 0.1414213562 0.1414213562 0.1414213562 0.1414213562 0.1414213562 0.1414213562 0.1414213562 0.1414213562 0.1414213562 0.1178511302 0.1178511302 0.1178511302 0.1178511302 0.1178511302 0.0942809042 0.0707106781
0.0701238976 0.0701238976 0.0701238976 0.0584365813 0.0584365813 0.0701238976 0.1168731627 0.1168731627 0.1168731627 0.1168731627 0.1168731627 0.1168731627 0.1168731627 0.1051858464 0.1168731627 0.1168731627 0.1168731627 0.1168731627 0.1168731627 0.1168731627 0.1168731627 0.1402477952 0.1402477952 0.1402477952 0.1402477952 0.1402477952 0.1402477952 0.1402477952 0.1402477952 0.1402477952 0.1402477952 0.1402477952 0.1402477952 0.1402477952 0.1402477952 0.1402477952 0.1402477952 0.1402477952 0.1402477952 0.1402477952 0.1402477952 0.1402477952 0.1402477952 0.1402477952 0.1402477952 0.1402477952 0.1402477952 0.1402477952 0.1402477952 0.1402477952 0.1402477952 0.1402477952 0.1402477952 0.1402477952 0.1402477952 0.1402477952 0.1168731627 0.1168731627 0.1168731627 0.1168731627 0.1168731627 0.1051858464 0.0584365813
0.0712671507 0.0475114338 0.0712671507 0.0712671507 0.0712671507 0.0712671507 0.0950228676 0.1187785845 0.1187785845 0.1187785845 0.1187785845 0.1187785845 0.1187785845 0.1187785845 0.0950228676 0.1187785845 0.1187785845 0.1187785845 0.1187785845 0.1187785845 0.1187785845 0.1425343014 0.1425343014 0.1425343014 0.1187785845 0.1425343014 0.1425343014 0.1425343014 0.1425343014 0.1425343014 0.1425343014 0.1425343014 0.1425343014 0.1425343014 0.1425343014 0.1425343014 0.1425343014 0.1187785845 0.1425343014 0.1425343014 0.1425343014 0.1425343014 0.1425343014 0.1425343014 0.1425343014 0.1425343014 0.1425343014 0.1187785845 0.1425343014 0.1425343014 0.1425343014 0.1425343014 0.1425343014 0.1425343014 0.1425343014 0.1187785845 0.1187785845 0.1187785845 0.1187785845 0.1187785845 0.0950228676 0.1187785845 0.0712671507
0.0704372859 0.0704372859 0.0704372859 0.0704372859 0.0704372859 0.0704372859 0.1173954765 0.1173954765 0.1173954765 0.1173954765 0.1173954765 0.1173954765 0.1173954765 0.1173954765 0.1173954765 0.1173954765 0.1173954765 0.1173954765 0.1173954765 0.1173954765 0.1173954765 0.1408745718 0.1408745718 0.1408745718 0.1408745718 0.1408745718 0.1408745718 0.1408745718 0.1408745718 0.1408745718 0.1408745718 0.1408745718 0.1408745718 0.1408745718 0.1408745718 0.1408745718 0.1408745718 0.1408745718 0.1408745718 0.1408745718 0.1408745718 0.1408745718 0.1408745718 0.1408745718 0.1173954765 0.1408745718 0.1408745718 0.1408745718 0.1408745718 0.1408745718 0.1408745718 0.1408745718 0.1408745718 0.1408745718 0.1408745718 0.1408745718 0.0939163812 0.1173954765 0.1173954765 0.0939163812 0.1173954765 0.1173954765 0.0469581906
0.0708881205 0.0708881205 0.0708881205 0.0472587470 0.0708881205 0.0472587470 0.1181468675 0.1181468675 0.1181468675 0.1181468675 0.0945174940 0.1181468675 0.0945174940 0.1181468675 0.1181468675 0.1181468675 0.1181468675 0.1181468675 0.1181468675 0.0945174940 0.1181468675 0.1417762410 0.1417762410 0.1417762410 0.1417762410 0.1417762410 0.1417762410 0.1417762410 0.1417762410 0.1417762410 0.1417762410 0.1417762410 0.1417762410 0.1417762410 0.1417762410 0.1417762410 0.1417762410 0.1417762410 0.1417762410 0.1417762410 0.1417762410 0.1417762410 0.1417762410 0.1417762410 0.1417762410 0.1417762410 0.1417762410 0.1417762410 0.1417762410 0.1181468675 0.1417762410 0.1417762410 0.1417762410 0.1417762410 0.1417762410 0.1417762410 0.1181468675 0.1181468675 0.0945174940 0.1181468675 0.1181468675 0.1181468675 0.0708881205
0.0700521694 0.0700521694 0.0700521694 0.0700521694 0.0700521694 0.0700521694 0.1167536156 0.1167536156 0.1167536156 0.1167536156 0.1167536156 0.1167536156 0.1167536156 0.1167536156 0.1167536156 0.1167536156 0.1167536156 0.1167536156 0.1167536156 0.1167536156 0.1167536156 0.1401043387 0.1401043387 0.1401043387 0.1401043387 0.1401043387 0.1401043387 0.1401043387 0.1401043387 0.1401043387 0.1401043387 0.1401043387 0.1401043387 0.1401043387 0.1401043387 0.1401043387 0.1401043387 0.1401043387 0.1401043387 0.1401043387 0.1401043387 0.1401043387 0.1401043387 0.1401043387 0.1401043387 0.1401043387 0.1401043387 0.1401043387 0.1401043387 0.1401043387 0.1401043387 0.1401043387 0.1401043387 0.1401043387 0.1401043387 0.1401043387 0.1167536156 0.1167536156 0.0934028925 0.1167536156 0.1167536156 0.1167536156 0.0467014462
0.0358057437 0.0716114874 0.0716114874 0.0716114874 0.0716114874 0.0358057437 0.1074172311 0.1074172311 0.1074172311 0.1074172311 0.0716114874 0.1074172311 0.1432229748 0.1074172311 0.1074172311 0.1074172311 0.1432229748 0.1074172311 0.1074172311 0.1074172311 0.1074172311 0.1432229748 0.1432229748 0.1432229748 0.1432229748 0.1432229748 0.1432229748 0.1074172311 0.1432229748 0.1432229748 0.1074172311 0.1432229748 0.1432229748 0.1432229748 0.1432229748 0.1432229748 0.1432229748 0.1432229748 0.1432229748 0.1432229748 0.1432229748 0.1432229748 0.1432229748 0.1432229748 0.1432229748 0.1432229748 0.1432229748 0.1432229748 0.1432229748 0.1432229748 0.1432229748 0.1432229748 0.1432229748 0.1432229748 0.1432229748 0.1432229748 0.1074172311 0.1074172311 0.1432229748 0.1074172311 0.1432229748 0.1074172311 0.0716114874
0.0877058019 0.0584705346 0.1169410692 0.0584705346 0.0000000000 0.0584705346 0.1169410692 0.1461763366 0.1169410692 0.0877058019 0.1169410692 0.1461763366 0.1169410692 0.0584705346 0.1169410692 0.1461763366 0.1169410692 0.1461763366 0.0584705346 0.1169410692 0.0584705346 0.1461763366 0.1461763366 0.1169410692 0.1461763366 0.1461763366 0.1461763366 0.1461763366 0.1169410692 0.1461763366 0.1169410692 0.1461763366 0.1461763366 0.1461763366 0.1169410692 0.1461763366 0.1169410692 0.1461763366 0.1461763366 0.1461763366 0.1169410692 0.1169410692 0.1461763366 0.1169410692 0.1461763366 0.1461763366 0.1461763366 0.1461763366 0.1169410692 0.1461763366 0.1461763366 0.1461763366 0.1461763366 0.1461763366 0.1461763366 0.1461763366 0.1169410692 0.0584705346 0.1169410692 0.1461763366 0.1169410692 0.1461763366 0.0584705346
0.0471142847 0.0706714271 0.0706714271 0.0706714271 0.0471142847 0.0706714271 0.1177857119 0.1177857119 0.1177857119 0.0706714271 0.1177857119 0.1177857119 0.1177857119 0.1177857119 0.1177857119 0.1177857119 0.1177857119 0.1177857119 0.1177857119 0.1177857119 0.0942285695 0.1413428542 0.1413428542 0.1413428542 0.1413428542 0.1413428542 0.1413428542 0.1413428542 0.1413428542 0.1413428542 0.1177857119 0.1413428542 0.1413428542 0.1413428542 0.1413428542 0.1413428542 0.1413428542 0.1413428542 0.1413428542 0.1413428542 0.1413428542 0.1413428542 0.1413428542 0.1413428542 0.1413428542 0.1413428542 0.1413428542 0.1413428542 0.1413428542 0.1413428542 0.1413428542 0.1413428542 0.1413428542 0.1413428542 0.1413428542 0.1413428542 0.1177857119 0.1177857119 0.1177857119 0.1177857119 0.1177857119 0.1177857119 0.0706714271
0.0474445445 0.0711668168 0.0948890891 0.0474445445 0.0948890891 0.0474445445 0.1186113613 0.1186113613 0.0948890891 0.1186113613 0.0948890891 0.1423336336 0.1186113613 0.1423336336 0.1186113613 0.1186113613 0.1423336336 0.1186113613 0.1186113613 0.0948890891 0.1186113613 0.1423336336 0.1423336336 0.1423336336 0.1423336336 0.1423336336 0.1423336336 0.1423336336 0.1423336336 0.1186113613 0.1423336336 0.1423336336 0.1423336336 0.1423336336 0.1423336336 0.1423336336 0.1423336336 0.1423336336 0.1423336336 0.1423336336 0.1423336336 0.1423336336 0.1186113613 0.1423336336 0.1423336336 0.1423336336 0.1423336336 0.1423336336 0.1423336336 0.1423336336 0.1423336336 0.1186113613 0.1423336336 0.1186113613 0.1423336336 0.1423336336 0.0948890891 0.1186113613 0.0948890891 0.1186113613 0.1186113613 0.0948890891 0.0474445445
0.0704033344 0.0704033344 0.0704033344 0.0469355563 0.0704033344 0.0469355563 0.1173388906 0.1173388906 0.1173388906 0.1173388906 0.1173388906 0.1173388906 0.1173388906 0.1173388906 0.1056050016 0.1173388906 0.1173388906 0.1173388906 0.1173388906 0.0821372234 0.1056050016 0.1408066688 0.1408066688 0.1408066688 0.1408066688 0.1408066688 0.1408066688 0.1408066688 0.1408066688 0.1408066688 0.1408066688 0.1408066688 0.1408066688 0.1408066688 0.1408066688 0.1408066688 0.1408066688 0.1408066688 0.1408066688 0.1408066688 0.1408066688 0.1408066688 0.1408066688 0.1408066688 0.1408066688 0.1408066688 0.1408066688 0.1408066688 0.1408066688 0.1408066688 0.1408066688 0.1408066688 0.1408066688 0.1408066688 0.1408066688 0.1408066688 0.1173388906 0.1173388906 0.1173388906 0.1173388906 0.1173388906 0.1173388906 0.0704033344
0.0589952534 0.0707943041 0.0589952534 0.0589952534 0.0589952534 0.0589952534 0.1179905069 0.0943924055 0.1179905069 0.1179905069 0.1179905069 0.1179905069 0.1061914562 0.1061914562 0.1179905069 0.1179905069 0.1061914562 0.1179905069 0.1179905069 0.1061914562 0.1179905069 0.1415886082 0.1415886082 0.1415886082 0.1415886082 0.1415886082 0.1297895576 0.1415886082 0.1415886082 0.1415886082 0.1415886082 0.1415886082 0.1415886082 0.1415886082 0.1415886082 0.1415886082 0.1415886082 0.1415886082 0.1415886082 0.1415886082 0.1415886082 0.1415886082 0.1415886082 0.1415886082 0.1415886082 0.1415886082 0.1415886082 0.1415886082 0.1415886082 0.1415886082 0.1415886082 0.1415886082 0.1415886082 0.1415886082 0.1415886082 0.1415886082 0.1061914562 0.1179905069 0.1179905069 0.1179905069 0.1179905069 0.1179905069 0.0707943041
0.0890870806 0.0445435403 0.0890870806 -0.0000000000 0.0445435403 0.0445435403 0.0890870806 0.1781741613 0.0890870806 0.1336306210 0.1336306210 0.1336306210 0.0445435403 0.0890870806 0.0890870806 0.0890870806 0.0890870806 0.1336306210 0.0445435403 0.0445435403 0.0890870806 0.1336306210 0.0890870806 0.1336306210 0.1336306210 0.1781741613 0.1336306210 0.1781741613 0.1336306210 0.1336306210 0.1781741613 0.1336306210 0.1336306210 0.1781741613 0.0890870806 0.0890870806 0.1336306210 0.0890870806 0.1336306210 0.1336306210 0.0890870806 0.1336306210 0.0890870806 0.1336306210 0.1336306210 0.1336306210 0.1781741613 0.1336306210 0.1781741613 0.1336306210 0.1781741613 0.1336306210 0.1781741613 0.1781741613 0.1336306210 0.1336306210 0.0890870806 0.1336306210 0.0890870806 0.1781741613 0.1336306210 0.1781741613 0.0890870806
0.0285132974 0.0570265949 0.0570265949 0.0855398923 0.0855398923 0.0570265949 0.0855398923 0.0855398923 0.1140531897 0.1140531897 0.0855398923 0.1140531897 0.1140531897 0.1140531897 0.1140531897 0.1140531897 0.1140531897 0.1140531897 0.1425664871 0.1140531897 0.1140531897 0.1140531897 0.1425664871 0.1425664871 0.1140531897 0.1425664871 0.1425664871 0.1140531897 0.1425664871 0.1425664871 0.1425664871 0.1425664871 0.1425664871 0.1425664871 0.1425664871 0.1425664871 0.1425664871 0.1425664871 0.1425664871 0.1425664871 0.1425664871 0.1425664871 0.1425664871 0.1425664871 0.1425664871 0.1425664871 0.1425664871 0.1425664871 0.1425664871 0.1425664871 0.1425664871 0.1425664871 0.1425664871 0.1425664871 0.1425664871 0.1425664871 0.1140531897 0.1425664871 0.1425664871 0.1140531897 0.1140531897 0.1140531897 0.0855398923
0.0521482888 0.0956051961 0.0521482888 0.0347655259 0.0608396703 0.0608396703 0.1260250313 0.0999508869 0.0869138147 0.1129879591 0.1042965776 0.1260250313 0.1129879591 0.1303707220 0.1260250313 0.0869138147 0.1129879591 0.1042965776 0.0912595054 0.0956051961 0.1042965776 0.1434077942 0.1434077942 0.1434077942 0.1434077942 0.1303707220 0.1390621035 0.1434077942 0.1303707220 0.1216793405 0.1434077942 0.1434077942 0.1434077942 0.1434077942 0.1434077942 0.1434077942 0.1434077942 0.1303707220 0.1216793405 0.1434077942 0.1347164127 0.1434077942 0.1434077942 0.1434077942 0.1434077942 0.1434077942 0.1434077942 0.1434077942 0.1434077942 0.1434077942 0.1434077942 0.1434077942 0.1434077942 0.1434077942 0.1434077942 0.1434077942 0.1303707220 0.1260250313 0.1173336498 0.1216793405 0.1390621035 0.1216793405 0.0956051961
0.0550481883 0.0550481883 0.0550481883 0.0550481883 0.0550481883 0.0550481883 0.1100963765 0.1100963765 0.1100963765 0.0550481883 0.1100963765 0.1100963765 0.1100963765 0.1100963765 0.1100963765 0.1100963765 0.1100963765 0.1100963765 0.1100963765 0.1100963765 0.1100963765 0.1651445648 0.1651445648 0.1100963765 0.1651445648 0.1100963765 0.1100963765 0.1651445648 0.1100963765 0.1651445648 0.1100963765 0.1100963765 0.1100963765 0.1651445648 0.1651445648 0.1100963765 0.1651445648 0.1651445648 0.1651445648 0.1651445648 0.1651445648 0.1100963765 0.1100963765 0.1651445648 0.1100963765 0.1651445648 0.1651445648 0.1100963765 0.1651445648 0.1651445648 0.1651445648 0.1100963765 0.1100963765 0.1651445648 0.1651445648 0.1651445648 0.0550481883 0.1100963765 0.1100963765 0.1100963765 0.1100963765 0.1100963765 0.0550481883
0.0760285921 0.0760285921 0.0000000000 0.0760285921 0.0380142961 0.0760285921 0.1520571843 0.0760285921 0.1520571843 0.0760285921 0.1520571843 0.0760285921 0.1140428882 0.1140428882 0.1520571843 0.0760285921 0.0380142961 0.0760285921 0.1140428882 0.1520571843 0.1140428882 0.1520571843 0.1520571843 0.1520571843 0.1520571843 0.1520571843 0.0760285921 0.1520571843 0.1520571843 0.1520571843 0.1140428882 0.1140428882 0.1140428882 0.1520571843 0.1520571843 0.1520571843 0.1520571843 0.1140428882 0.1520571843 0.1140428882 0.1520571843 0.1520571843 0.1520571843 0.1520571843 0.1140428882 0.1140428882 0.1140428882 0.1520571843 0.1520571843 0.1140428882 0.1140428882 0.1520571843 0.1520571843 0.1520571843 0.1520571843 0.1520571843 0.1140428882 0.1140428882 0.1140428882 0.0760285921 0.1140428882 0.1520571843 0.0760285921
0.0595069449 0.0952111118 0.0833097228 0.0595069449 0.0476055559 0.0595069449 0.1309152787 0.1190138897 0.1190138897 0.0952111118 0.1190138897 0.1309152787 0.1309152787 0.1190138897 0.1309152787 0.1190138897 0.1190138897 0.1190138897 0.0952111118 0.1190138897 0.0952111118 0.1428166677 0.1428166677 0.1428166677 0.1428166677 0.1428166677 0.1428166677 0.1428166677 0.1428166677 0.1428166677 0.1428166677 0.1428166677 0.1428166677 0.1428166677 0.1428166677 0.1428166677 0.1428166677 0.1428166677 0.1428166677 0.1428166677 0.1428166677 0.1190138897 0.1428166677 0.1190138897 0.1428166677 0.1428166677 0.1428166677 0.1428166677 0.1428166677 0.1428166677 0.1428166677 0.1428166677 0.1190138897 0.1428166677 0.1428166677 0.1428166677 0.0952111118 0.0952111118 0.0952111118 0.1190138897 0.1190138897 0.0952111118 0.0476055559
0.1038698288 0.0519349144 0.0779023716 0.0259674572 0.0519349144 0.0519349144 0.1038698288 0.1558047432 0.1298372860 0.1558047432 0.1558047432 0.1298372860 0.0779023716 0.1038698288 0.1038698288 0.1038698288 0.1298372860 0.1298372860 0.0779023716 0.0779023716 0.1038698288 0.1558047432 0.1298372860 0.1558047432 0.1558047432 0.1298372860 0.1558047432 0.1558047432 0.1558047432 0.1558047432 0.1558047432 0.1558047432 0.1558047432 0.1298372860 0.1298372860 0.1298372860 0.1298372860 0.1298372860 0.1558047432 0.1558047432 0.1298372860 0.1298372860 0.1038698288 0.1038698288 0.1558047432 0.1558047432 0.1298372860 0.1298372860 0.1298372860 0.1038698288 0.1558047432 0.1558047432 0.1558047432 0.1558047432 0.1558047432 0.1298372860 0.0779023716 0.0779023716 0.0519349144 0.1038698288 0.0779023716 0.1298372860 0.0259674572
0.0845825812 0.0563883874 0.0845825812 0.0563883874 0.0563883874 0.0563883874 0.1127767749 0.1409709686 0.1127767749 0.1127767749 0.1127767749 0.1127767749 0.1127767749 0.1127767749 0.1127767749 0.1127767749 0.1127767749 0.1127767749 0.1127767749 0.1127767749 0.1127767749 0.1409709686 0.1409709686 0.1409709686 0.1409709686 0.1409709686 0.1409709686 0.1409709686 0.1409709686 0.1409709686 0.1409709686 0.1409709686 0.1409709686 0.1409709686 0.1409709686 0.1409709686 0.1409709686 0.1409709686 0.1409709686 0.1409709686 0.1409709686 0.1409709686 0.1409709686 0.1409709686 0.1409709686 0.1409709686 0.1409709686 0.1409709686 0.1409709686 0.1409709686 0.1409709686 0.1409709686 0.1409709686 0.1409709686 0.1409709686 0.1409709686 0.1127767749 0.1127767749 0.1127767749 0.1127767749 0.1127767749 0.1127767749 0.0563883874
0.0704178790 0.0704178790 0.0704178790 0.0704178790 0.0586815659 0.0586815659 0.1173631317 0.1173631317 0.1173631317 0.1173631317 0.1173631317 0.1173631317 0.1173631317 0.1173631317 0.1173631317 0.1173631317 0.1056268185 0.1173631317 0.1056268185 0.1056268185 0.1173631317 0.1408357580 0.1408357580 0.1408357580 0.1408357580 0.1408357580 0.1408357580 0.1408357580 0.1408357580 0.1408357580 0.1408357580 0.1408357580 0.1408357580 0.1408357580 0.1408357580 0.1408357580 0.1408357580 0.1290994449 0.1408357580 0.1408357580 0.1408357580 0.1408357580 0.1408357580 0.1408357580 0.1408357580 0.1408357580 0.1408357580 0.1408357580 0.1408357580 0.1408357580 0.1408357580 0.1408357580 0.1408357580 0.1408357580 0.1408357580 0.1408357580 0.1173631317 0.1173631317 0.1056268185 0.1173631317 0.1173631317 0.1173631317 0.0586815659
0.0530495892 0.0707327856 0.0530495892 0.0530495892 0.0884159820 0.0707327856 0.1060991784 0.1060991784 0.1060991784 0.1237823747 0.1060991784 0.1060991784 0.1060991784 0.1237823747 0.1237823747 0.1060991784 0.1237823747 0.1060991784 0.1237823747 0.1060991784 0.1237823747 0.1414655711 0.1414655711 0.1414655711 0.1414655711 0.1237823747 0.1414655711 0.1414655711 0.1414655711 0.1414655711 0.1414655711 0.1414655711 0.1414655711 0.1414655711 0.1414655711 0.1414655711 0.1414655711 0.1414655711 0.1414655711 0.1414655711 0.1414655711 0.1414655711 0.1414655711 0.1414655711 0.1414655711 0.1414655711 0.1414655711 0.1414655711 0.1414655711 0.1414655711 0.1414655711 0.1414655711 0.1414655711 0.1414655711 0.1414655711 0.1414655711 0.1237823747 0.1237823747 0.1060991784 0.1060991784 0.1237823747 0.1060991784 0.0707327856
0.0878561119 0.0878561119 0.0878561119 0.0000000000 0.0585707413 0.0585707413 0.1464268532 0.1464268532 0.0878561119 0.1464268532 0.1464268532 0.1464268532 0.0878561119 0.1171414825 0.1171414825 0.0878561119 0.1171414825 0.1171414825 0.0585707413 0.0585707413 0.1171414825 0.1464268532 0.1464268532 0.1464268532 0.1464268532 0.1464268532 0.1464268532 0.1464268532 0.1464268532 0.1464268532 0.1464268532 0.1464268532 0.1464268532 0.1464268532 0.1171414825 0.1171414825 0.1464268532 0.1171414825 0.1171414825 0.1464268532 0.1171414825 0.1464268532 0.1171414825 0.1171414825 0.1464268532 0.1464268532 0.1171414825 0.1464268532 0.1464268532 0.1171414825 0.1464268532 0.1464268532 0.1464268532 0.1464268532 0.1464268532 0.1464268532 0.1171414825 0.1171414825 0.0585707413 0.1171414825 0.1171414825 0.1464268532 0.0585707413
0.0725476250 0.0483650833 0.0000000000 0.0725476250 0.0725476250 0.1209127084 0.1209127084 0.0725476250 0.1209127084 0.1209127084 0.1450952500 0.0483650833 0.1209127084 0.1209127084 0.1450952500 0.0725476250 0.0725476250 0.1209127084 0.1209127084 0.1450952500 0.1450952500 0.1209127084 0.1450952500 0.1450952500 0.1450952500 0.1209127084 0.1209127084 0.1450952500 0.1450952500 0.1450952500 0.1450952500 0.1209127084 0.1209127084 0.1450952500 0.1450952500 0.1450952500 0.1450952500 0.1209127084 0.1450952500 0.1450952500 0.1450952500 0.1450952500 0.1450952500 0.1450952500 0.1450952500 0.1209127084 0.1209127084 0.1450952500 0.1450952500 0.1450952500 0.1209127084 0.1450952500 0.1450952500 0.1450952500 0.1209127084 0.1450952500 0.1450952500 0.1209127084 0.1209127084 0.0725476250 0.1209127084 0.1209127084 0.0725476250
0.1143323901 0.0571661950 0.0571661950 0.0571661950 0.0000000000 0.0571661950 0.1143323901 0.1714985851 0.1714985851 0.1143323901 0.1143323901 0.1143323901 0.1143323901 0.0571661950 0.1143323901 0.1143323901 0.0571661950 0.1143323901 0.0571661950 0.1143323901 0.0571661950 0.1714985851 0.1143323901 0.1143323901 0.0571661950 0.1714985851 0.1714985851 0.1714985851 0.1714985851 0.1143323901 0.1143323901 0.1714985851 0.1143323901 0.1714985851 0.1143323901 0.1714985851 0.1143323901 0.1143323901 0.1714985851 0.1143323901 0.1143323901 0.1143323901 0.1714985851 0.1143323901 0.1143323901 0.0571661950 0.0571661950 0.1714985851 0.1143323901 0.1714985851 0.1143323901 0.1714985851 0.1714985851 0.1714985851 0.1714985851 0.1714985851 0.1143323901 0.0571661950 0.1143323901 0.0571661950 0.1143323901 0.1714985851 0.0571661950
0.0473513724 0.0710270586 0.0710270586 0.0710270586 0.0473513724 0.0710270586 0.1183784310 0.1183784310 0.1183784310 0.0710270586 0.0947027448 0.1183784310 0.1183784310 0.1183784310 0.1183784310 0.1183784310 0.1183784310 0.1183784310 0.1183784310 0.1183784310 0.0947027448 0.1420541171 0.1420541171 0.1420541171 0.1420541171 0.1420541171 0.1420541171 0.1420541171 0.1420541171 0.1420541171 0.0947027448 0.1420541171 0.1420541171 0.1420541171 0.1420541171 0.1420541171 0.1420541171 0.1420541171 0.1420541171 0.1420541171 0.1420541171 0.1420541171 0.1420541171 0.1420541171 0.1420541171 0.1420541171 0.1420541171 0.1420541171 0.1420541171 0.1420541171 0.1420541171 0.1420541171 0.1420541171 0.1420541171 0.1420541171 0.1420541171 0.1183784310 0.1183784310 0.1183784310 0.1183784310 0.1183784310 0.1183784310 0.0710270586
0.0697863158 0.0697863158 0.0697863158 0.0697863158 0.0697863158 0.0697863158 0.1163105263 0.1163105263 0.1163105263 0.1163105263 0.1163105263 0.1163105263 0.1163105263 0.1163105263 0.1163105263 0.1163105263 0.1163105263 0.1163105263 0.1163105263 0.1163105263 0.1163105263 0.1395726316 0.1395726316 0.1395726316 0.1395726316 0.1395726316 0.1395726316 0.1395726316 0.1395726316 0.1395726316 0.1395726316 0.1395726316 0.1395726316 0.1395726316 0.1395726316 0.1395726316 0.1395726316 0.1395726316 0.1395726316 0.1395726316 0.1395726316 0.1395726316 0.1395726316 0.1395726316 0.1395726316 0.1395726316 0.1395726316 0.1395726316 0.1395726316 0.1395726316 0.1395726316 0.1395726316 0.1395726316 0.1395726316 0.1395726316 0.1395726316 0.1163105263 0.1163105263 0.1163105263 0.1163105263 0.1163105263 0.1163105263 0.0697863158
0.0609207699 0.0609207699 0.0812276932 0.0609207699 0.0609207699 0.0609207699 0.1015346165 0.1218415398 0.1218415398 0.1218415398 0.1218415398 0.1218415398 0.1015346165 0.1218415398 0.1015346165 0.1218415398 0.1218415398 0.1218415398 0.1218415398 0.1218415398 0.1218415398 0.1421484631 0.1421484631 0.1421484631 0.1421484631 0.1421484631 0.1421484631 0.1421484631 0.1421484631 0.1421484631 0.1421484631 0.1421484631 0.1421484631 0.1421484631 0.1421484631 0.1421484631 0.1421484631 0.1421484631 0.1421484631 0.1421484631 0.1421484631 0.1421484631 0.1421484631 0.1421484631 0.1421484631 0.1421484631 0.1421484631 0.1218415398 0.1421484631 0.1218415398 0.1421484631 0.1421484631 0.1421484631 0.1421484631 0.1421484631 0.1218415398 0.1015346165 0.1218415398 0.1015346165 0.1218415398 0.1015346165 0.1015346165 0.0609207699
0.0620671205 0.1137897209 0.0517226004 0.0517226004 0.0931006808 0.0413780803 0.1344787611 0.1137897209 0.1034452008 0.1344787611 0.0931006808 0.1344787611 0.1344787611 0.1448232812 0.1344787611 0.1034452008 0.1241342410 0.0827561607 0.1241342410 0.0827561607 0.1241342410 0.1448232812 0.1448232812 0.1448232812 0.1448232812 0.1448232812 0.1448232812 0.1344787611 0.1448232812 0.1241342410 0.1448232812 0.1448232812 0.1448232812 0.1448232812 0.1448232812 0.1448232812 0.1448232812 0.1448232812 0.1241342410 0.1448232812 0.1448232812 0.1448232812 0.1137897209 0.1448232812 0.1241342410 0.1448232812 0.1241342410 0.1448232812 0.1448232812 0.1448232812 0.1448232812 0.1241342410 0.1448232812 0.1241342410 0.1344787611 0.1448232812 0.0827561607 0.1241342410 0.0827561607 0.0931006808 0.1344787611 0.0931006808 0.0413780803
0.0371647073 0.0743294146 0.0371647073 0.0000000000 0.0743294146 0.0743294146 0.1114941219 0.0743294146 0.0371647073 0.1114941219 0.1114941219 0.1114941219 0.0743294146 0.1486588292 0.1486588292 0.0371647073 0.1114941219 0.1114941219 0.0743294146 0.0743294146 0.1486588292 0.1486588292 0.1114941219 0.1486588292 0.1486588292 0.0743294146 0.1486588292 0.1486588292 0.1114941219 0.1114941219 0.1486588292 0.1114941219 0.1486588292 0.1486588292 0.1486588292 0.1486588292 0.1486588292 0.1114941219 0.1114941219 0.1486588292 0.1486588292 0.1486588292 0.1486588292 0.1114941219 0.1486588292 0.1486588292 0.1486588292 0.1486588292 0.1486588292 0.1486588292 0.1486588292 0.1486588292 0.1486588292 0.1486588292 0.1486588292 0.1486588292 0.1486588292 0.1114941219 0.1114941219 0.1486588292 0.1486588292 0.1486588292 0.1114941219
0.1078327732 0.0539163866 0.0000000000 0.0000000000 0.0539163866 0.1078327732 0.1617491598 0.1078327732 0.1078327732 0.1617491598 0.1617491598 0.0539163866 0.0539163866 0.1078327732 0.1617491598 -0.0000000000 0.0539163866 0.1078327732 0.0539163866 0.1078327732 0.1617491598 0.1617491598 0.1617491598 0.1617491598 0.1078327732 0.1078327732 0.1617491598 0.1617491598 0.1617491598 0.1617491598 0.1078327732 0.0539163866 0.1078327732 0.1617491598 0.1078327732 0.1617491598 0.1617491598 0.0539163866 0.1078327732 0.1617491598 0.1617491598 0.1617491598 0.1617491598 0.1078327732 0.1617491598 0.1078327732 0.0539163866 0.1617491598 0.1617491598 0.1078327732 0.1078327732 0.1078327732 0.1617491598 0.1617491598 0.1617491598 0.1617491598 0.1617491598 0.1078327732 0.0539163866 0.0539163866 0.1078327732 0.1617491598 0.0539163866
0.0704956030 0.0704956030 0.0469970686 0.0704956030 0.0704956030 0.0469970686 0.1174926716 0.1174926716 0.1174926716 0.1174926716 0.1174926716 0.0939941373 0.1174926716 0.1174926716 0.1174926716 0.1174926716 0.1174926716 0.0939941373 0.1174926716 0.1174926716 0.0939941373 0.1409912059 0.1409912059 0.1409912059 0.1409912059 0.1409912059 0.1409912059 0.1409912059 0.1409912059 0.1409912059 0.1409912059 0.1409912059 0.1409912059 0.1409912059 0.1409912059 0.1409912059 0.1409912059 0.1409912059 0.1409912059 0.1409912059 0.1409912059 0.1409912059 0.1409912059 0.1409912059 0.1409912059 0.1409912059 0.1409912059 0.1409912059 0.1409912059 0.1409912059 0.1409912059 0.1409912059 0.1409912059 0.1409912059 0.1409912059 0.1409912059 0.1174926716 0.1174926716 0.1174926716 0.1174926716 0.1174926716 0.1174926716 0.0704956030
0.0645779815 0.0581201833 0.0645779815 0.0581201833 0.0645779815 0.0516623852 0.1097825685 0.1291559630 0.1097825685 0.1291559630 0.1033247704 0.1097825685 0.1033247704 0.1097825685 0.1097825685 0.1097825685 0.1291559630 0.1033247704 0.1097825685 0.1033247704 0.1033247704 0.1420715593 0.1420715593 0.1420715593 0.1420715593 0.1420715593 0.1420715593 0.1420715593 0.1420715593 0.1420715593 0.1420715593 0.1420715593 0.1420715593 0.1420715593 0.1420715593 0.1226981648 0.1420715593 0.1420715593 0.1420715593 0.1420715593 0.1420715593 0.1420715593 0.1420715593 0.1420715593 0.1420715593 0.1420715593 0.1420715593 0.1420715593 0.1420715593 0.1420715593 0.1420715593 0.1420715593 0.1420715593 0.1420715593 0.1420715593 0.1420715593 0.1291559630 0.1097825685 0.1226981648 0.1097825685 0.1226981648 0.1097825685 0.0774935778
0.0611990061 0.0611990061 0.0611990061 0.0305995031 0.0917985092 0.0305995031 0.1223980123 0.1223980123 0.0611990061 0.1529975153 0.0917985092 0.1223980123 0.0917985092 0.1223980123 0.0917985092 0.0611990061 0.1529975153 0.0917985092 0.1223980123 0.0611990061 0.1223980123 0.1529975153 0.1223980123 0.1529975153 0.1529975153 0.0917985092 0.1529975153 0.1529975153 0.1529975153 0.0917985092 0.1529975153 0.1223980123 0.1529975153 0.1529975153 0.1529975153 0.1223980123 0.1223980123 0.1529975153 0.0917985092 0.1529975153 0.1529975153 0.1223980123 0.1529975153 0.1529975153 0.1529975153 0.1529975153 0.1223980123 0.1223980123 0.1223980123 0.1529975153 0.1529975153 0.1529975153 0.1529975153 0.1223980123 0.1529975153 0.1529975153 0.1223980123 0.1223980123 0.1223980123 0.1223980123 0.1223980123 0.1223980123 0.0917985092
0.0974740358 0.0243685089 0.0487370179 0.0974740358 0.0487370179 0.0243685089 0.1218425447 0.1218425447 0.1218425447 0.1462110536 0.1218425447 0.0731055268 0.1218425447 0.0731055268 0.0487370179 0.1462110536 0.0974740358 0.0731055268 0.1218425447 0.1218425447 0.0731055268 0.1462110536 0.1462110536 0.1462110536 0.1218425447 0.1462110536 0.1462110536 0.1462110536 0.1462110536 0.1462110536 0.1462110536 0.1462110536 0.1218425447 0.0974740358 0.1462110536 0.1462110536 0.0974740358 0.1462110536 0.1462110536 0.1218425447 0.1462110536 0.1462110536 0.1462110536 0.1462110536 0.1462110536 0.1462110536 0.1462110536 0.1218425447 0.1462110536 0.1462110536 0.1462110536 0.1462110536 0.1462110536 0.1462110536 0.1462110536 0.1462110536 0.0974740358 0.1218425447 0.1462110536 0.1218425447 0.0974740358 0.1462110536 0.0731055268
0.0873333765 0.0582222510 0.1164445019 0.0582222510 0.0582222510 0.0873333765 0.1164445019 0.1455556274 0.1164445019 0.1164445019 0.1455556274 0.1455556274 0.1164445019 0.1164445019 0.1164445019 0.1455556274 0.1455556274 0.1455556274 0.1164445019 0.1164445019 0.1164445019 0.1455556274 0.1455556274 0.1455556274 0.1455556274 0.1455556274 0.1455556274 0.1455556274 0.1455556274 0.1455556274 0.1455556274 0.1455556274 0.1455556274 0.1455556274 0.1455556274 0.1455556274 0.1455556274 0.1455556274 0.1455556274 0.1455556274 0.1455556274 0.1164445019 0.1164445019 0.1164445019 0.1455556274 0.1455556274 0.1455556274 0.1164445019 0.1164445019 0.1164445019 0.1455556274 0.1455556274 0.1164445019 0.1164445019 0.1455556274 0.1164445019 0.0873333765 0.0582222510 0.0582222510 0.1164445019 0.0582222510 0.0873333765 0.0000000000
0.0476250476 0.0635000635 0.0476250476 0.0793750794 0.0793750794 0.0793750794 0.1111251111 0.0793750794 0.1111251111 0.1111251111 0.1111251111 0.1111251111 0.1270001270 0.1270001270 0.1111251111 0.1111251111 0.1111251111 0.1111251111 0.1270001270 0.1270001270 0.1270001270 0.1270001270 0.1428751429 0.1428751429 0.1428751429 0.1270001270 0.1270001270 0.1270001270 0.1428751429 0.1428751429 0.1428751429 0.1428751429 0.1428751429 0.1428751429 0.1428751429 0.1428751429 0.1428751429 0.1428751429 0.1428751429 0.1428751429 0.1428751429 0.1428751429 0.1428751429 0.1270001270 0.1428751429 0.1428751429 0.1428751429 0.1428751429 0.1428751429 0.1428751429 0.1428751429 0.1428751429 0.1428751429 0.1428751429 0.1270001270 0.1428751429 0.1270001270 0.1111251111 0.1111251111 0.1111251111 0.1270001270 0.1111251111 0.0635000635
0.0474578998 0.0474578998 0.0474578998 0.0474578998 0.0474578998 0.0474578998 0.0949157996 0.0949157996 0.0949157996 0.0949157996 0.0949157996 0.0949157996 0.0949157996 0.0949157996 0.0949157996 0.0949157996 0.0949157996 0.0949157996 0.0949157996 0.0949157996 0.0949157996 0.1423736994 0.1423736994 0.1423736994 0.1423736994 0.1423736994 0.1423736994 0.1423736994 0.1423736994 0.1423736994 0.1423736994 0.1423736994 0.1423736994 0.1423736994 0.1423736994 0.1423736994 0.1423736994 0.1423736994 0.1423736994 0.1423736994 0.1423736994 0.1423736994 0.1423736994 0.1423736994 0.1423736994 0.1423736994 0.1423736994 0.1423736994 0.1423736994 0.1423736994 0.1423736994 0.1423736994 0.1423736994 0.1423736994 0.1423736994 0.1423736994 0.1423736994 0.1423736994 0.1423736994 0.1423736994 0.1423736994 0.1423736994 0.1423736994
0.0580136783 0.0725170979 0.0725170979 0.0435102588 0.0725170979 0.0725170979 0.1305307763 0.1015239371 0.0870205175 0.1305307763 0.1305307763 0.1305307763 0.1015239371 0.1160273567 0.1160273567 0.1160273567 0.1160273567 0.1160273567 0.1160273567 0.1160273567 0.1305307763 0.1450341958 0.1450341958 0.1450341958 0.1450341958 0.1305307763 0.1450341958 0.1450341958 0.1450341958 0.1450341958 0.1450341958 0.1450341958 0.1450341958 0.1450341958 0.1450341958 0.1450341958 0.1450341958 0.1450341958 0.1450341958 0.1305307763 0.1450341958 0.1450341958 0.1305307763 0.1305307763 0.1450341958 0.1450341958 0.1305307763 0.1450341958 0.1450341958 0.1160273567 0.1450341958 0.1450341958 0.1450341958 0.1160273567 0.1450341958 0.1450341958 0.1015239371 0.1015239371 0.0725170979 0.1160273567 0.1160273567 0.1015239371 0.0435102588
0.0000000000 0.0745355992 0.0745355992 0.0745355992 0.0745355992 0.0745355992 0.0745355992 0.0745355992 0.0745355992 0.0745355992 0.0745355992 0.1490711985 0.1490711985 0.1490711985 0.1490711985 0.1490711985 0.1490711985 0.1490711985 0.1490711985 0.1490711985 0.1490711985 0.1490711985 0.1490711985 0.1490711985 0.1490711985 0.1490711985 0.1490711985 0.1490711985 0.1490711985 0.1490711985 0.1490711985 0.1490711985 0.1490711985 0.1490711985 0.1490711985 0.1490711985 0.1490711985 0.1490711985 0.1490711985 0.1490711985 0.1490711985 0.1490711985 0.1490711985 0.1490711985 0.1490711985 0.1490711985 0.1490711985 0.1490711985 0.1490711985 0.1490711985 0.1490711985 0.0745355992 0.0745355992 0.0745355992 0.0745355992 0.0745355992 0.0745355992 0.0745355992 0.0745355992 0.0745355992 0.0745355992 0.0000000000 0.0000000000
0.0656305891 0.0787567069 0.0525044713 0.0787567069 0.0525044713 0.0656305891 0.1181350604 0.1181350604 0.1181350604 0.1181350604 0.1181350604 0.1181350604 0.1312611782 0.1312611782 0.1181350604 0.1181350604 0.0787567069 0.1181350604 0.1312611782 0.1181350604 0.1181350604 0.1443872960 0.1443872960 0.1443872960 0.1443872960 0.1443872960 0.1443872960 0.1443872960 0.1443872960 0.1443872960 0.1443872960 0.1443872960 0.1443872960 0.1443872960 0.1443872960 0.1443872960 0.1443872960 0.1443872960 0.1443872960 0.1443872960 0.1443872960 0.1443872960 0.1312611782 0.1443872960 0.1312611782 0.1050089425 0.1443872960 0.1443872960 0.1443872960 0.1443872960 0.1443872960 0.1312611782 0.1443872960 0.1312611782 0.1312611782 0.1443872960 0.0918828247 0.0918828247 0.1050089425 0.0918828247 0.1181350604 0.0918828247 0.0393783535
0.0703210846 0.0703210846 0.0703210846 0.0468807231 0.0703210846 0.0703210846 0.1172018077 0.1172018077 0.1172018077 0.1172018077 0.1172018077 0.1172018077 0.1172018077 0.1172018077 0.1172018077 0.1172018077 0.1172018077 0.1172018077 0.1172018077 0.1172018077 0.1172018077 0.1406421693 0.1406421693 0.1406421693 0.1406421693 0.1406421693 0.1406421693 0.1406421693 0.1406421693 0.1406421693 0.1406421693 0.1406421693 0.1406421693 0.1406421693 0.1406421693 0.1406421693 0.1406421693 0.1406421693 0.1406421693 0.1406421693 0.1406421693 0.1406421693 0.1406421693 0.1406421693 0.1406421693 0.1406421693 0.1406421693 0.1406421693 0.1406421693 0.1406421693 0.1406421693 0.1406421693 0.1406421693 0.1406421693 0.1406421693 0.1406421693 0.1172018077 0.1172018077 0.0937614462 0.1172018077 0.0937614462 0.1172018077 0.0468807231
-0.0000000000 0.0000000000 0.0585205736 0.0585205736 0.0585205736 0.0585205736 -0.0000000000 0.0585205736 0.0585205736 0.0585205736 0.0585205736 0.0585205736 0.0585205736 0.0585205736 0.0585205736 0.1170411472 0.1170411472 0.1170411472 0.1170411472 0.1170411472 0.1170411472 0.0585205736 0.0585205736 0.0585205736 0.0585205736 0.1170411472 0.1170411472 0.1170411472 0.1170411472 0.1170411472 0.1170411472 0.1170411472 0.1170411472 0.1170411472 0.1170411472 0.1170411472 0.1170411472 0.1755617208 0.1755617208 0.1755617208 0.1755617208 0.1170411472 0.1170411472 0.1170411472 0.1170411472 0.1170411472 0.1170411472 0.1755617208 0.1755617208 0.1755617208 0.1755617208 0.1755617208 0.1755617208 0.1755617208 0.1755617208 0.1755617208 0.1755617208 0.1755617208 0.1755617208 0.1755617208 0.1755617208 0.1755617208 0.1755617208
0.0290913291 0.0447558909 0.0749661172 0.0570637608 0.0827983981 0.0570637608 0.0738472199 0.1040574462 0.0827983981 0.1118897271 0.0861550899 0.1163653162 0.0951062681 0.1275542889 0.1018196517 0.1208409053 0.1353865698 0.1320298780 0.1197220080 0.1074141380 0.1174842135 0.1454566453 0.1208409053 0.1454566453 0.1309109807 0.1454566453 0.1454566453 0.1454566453 0.1454566453 0.1219598026 0.1454566453 0.1454566453 0.1454566453 0.1454566453 0.1454566453 0.1454566453 0.1454566453 0.1454566453 0.1454566453 0.1432188507 0.1454566453 0.1454566453 0.1454566453 0.1454566453 0.1454566453 0.1454566453 0.1454566453 0.1454566453 0.1454566453 0.1454566453 0.1454566453 0.1454566453 0.1409810562 0.1264353917 0.1454566453 0.1174842135 0.1253164944 0.1186031108 0.1186031108 0.1309109807 0.1130086244 0.0906306790 0.0682527335
0.0000000000 0.0000000000 0.1147078669 0.0764719113 0.0764719113 0.0764719113 -0.0000000000 0.1147078669 0.0764719113 0.0764719113 0.0764719113 0.1147078669 0.0764719113 0.0764719113 0.0764719113 0.1529438226 0.1529438226 0.1529438226 0.1529438226 0.1529438226 0.1529438226 0.1147078669 0.0764719113 0.0764719113 0.0764719113 0.1529438226 0.1529438226 0.1529438226 0.1529438226 0.1529438226 0.1529438226 0.1529438226 0.1529438226 0.1529438226 0.1529438226 0.1529438226 0.1529438226 0.1147078669 0.1147078669 0.1529438226 0.1529438226 0.1529438226 0.1529438226 0.1529438226 0.1529438226 0.1529438226 0.1529438226 0.1147078669 0.1147078669 0.1529438226 0.1529438226 0.1147078669 0.1147078669 0.1529438226 0.1529438226 0.0764719113 0.1147078669 0.1147078669 0.1529438226 0.1529438226 0.0764719113 0.0764719113 0.0764719113
0.0632297477 0.0632297477 0.0948446216 0.0632297477 0.0632297477 0.0948446216 0.1106520585 0.1264594955 0.1106520585 0.1106520585 0.1264594955 0.1264594955 0.1106520585 0.1106520585 0.1264594955 0.1264594955 0.1264594955 0.1422669324 0.1106520585 0.1264594955 0.1264594955 0.1422669324 0.1422669324 0.1422669324 0.1422669324 0.1422669324 0.1422669324 0.1422669324 0.1422669324 0.1422669324 0.1422669324 0.1422669324 0.1422669324 0.1422669324 0.1422669324 0.1422669324 0.1422669324 0.1422669324 0.1422669324 0.1422669324 0.1422669324 0.1422669324 0.1422669324 0.1264594955 0.1422669324 0.1422669324 0.1422669324 0.1422669324 0.1264594955 0.1264594955 0.1422669324 0.1422669324 0.1264594955 0.1264594955 0.1422669324 0.1264594955 0.1106520585 0.0948446216 0.0948446216 0.1106520585 0.0948446216 0.0948446216 0.0316148739
0.0413670152 0.0827340304 0.0413670152 0.0310252614 0.0930757842 0.1034175380 0.1137592918 0.0827340304 0.0723922766 0.1241010456 0.1241010456 0.1241010456 0.1137592918 0.1344427994 0.1447845532 0.0723922766 0.1241010456 0.1241010456 0.1137592918 0.1241010456 0.1447845532 0.1447845532 0.1447845532 0.1447845532 0.1447845532 0.1137592918 0.1447845532 0.1447845532 0.1447845532 0.1447845532 0.1447845532 0.1447845532 0.1447845532 0.1447845532 0.1447845532 0.1447845532 0.1447845532 0.1447845532 0.1447845532 0.1447845532 0.1447845532 0.1447845532 0.1447845532 0.1344427994 0.1447845532 0.1447845532 0.1137592918 0.1447845532 0.1447845532 0.1447845532 0.1447845532 0.1447845532 0.1447845532 0.1034175380 0.1241010456 0.1447845532 0.1241010456 0.1137592918 0.0723922766 0.0827340304 0.1137592918 0.0827340304 0.0413670152
0.0685846155 0.0783824177 0.0783824177 0.0587868132 0.0587868132 0.0293934066 0.1469670331 0.1175736265 0.1175736265 0.1175736265 0.0979780221 0.1273714287 0.1371692309 0.1371692309 0.1077758243 0.1175736265 0.1273714287 0.0979780221 0.1077758243 0.0881802199 0.0881802199 0.1469670331 0.1469670331 0.1469670331 0.1469670331 0.1469670331 0.1469670331 0.1175736265 0.1469670331 0.1469670331 0.1469670331 0.1469670331 0.1469670331 0.1469670331 0.1371692309 0.1469670331 0.1469670331 0.1469670331 0.1371692309 0.1469670331 0.1371692309 0.1273714287 0.1273714287 0.1175736265 0.1273714287 0.1469670331 0.1469670331 0.1469670331 0.1469670331 0.1469670331 0.1371692309 0.1273714287 0.1469670331 0.1469670331 0.1469670331 0.1469670331 0.0685846155 0.0979780221 0.0979780221 0.1077758243 0.1175736265 0.1077758243 0.0391912088
0.0552844255 0.0829266382 0.0760160850 0.0829266382 0.0322492482 0.0598914609 0.1151758864 0.1151758864 0.1151758864 0.0829266382 0.1151758864 0.1313005105 0.1336040282 0.1151758864 0.1174794041 0.1313005105 0.1059618155 0.1128723686 0.1151758864 0.1174794041 0.0921407091 0.1428180991 0.1428180991 0.1428180991 0.1428180991 0.1428180991 0.1336040282 0.1428180991 0.1428180991 0.1428180991 0.1266934750 0.1428180991 0.1428180991 0.1428180991 0.1428180991 0.1428180991 0.1428180991 0.1428180991 0.1428180991 0.1428180991 0.1428180991 0.1197829218 0.1428180991 0.1428180991 0.1428180991 0.1336040282 0.1428180991 0.1428180991 0.1428180991 0.1428180991 0.1428180991 0.1428180991 0.1289969927 0.1428180991 0.1428180991 0.1428180991 0.1151758864 0.0875336736 0.1197829218 0.1151758864 0.1197829218 0.1105688509 0.0644984964
0.0706386346 0.0504561676 0.0807298681 0.0504561676 0.0605474011 0.0706386346 0.1110035687 0.1210948022 0.1110035687 0.1110035687 0.1210948022 0.1110035687 0.1009123352 0.1110035687 0.1110035687 0.1110035687 0.1210948022 0.1210948022 0.1110035687 0.1110035687 0.1110035687 0.1412772692 0.1311860357 0.1412772692 0.1412772692 0.1412772692 0.1412772692 0.1412772692 0.1412772692 0.1412772692 0.1412772692 0.1412772692 0.1412772692 0.1412772692 0.1311860357 0.1311860357 0.1412772692 0.1412772692 0.1412772692 0.1412772692 0.1412772692 0.1412772692 0.1412772692 0.1412772692 0.1412772692 0.1412772692 0.1412772692 0.1412772692 0.1412772692 0.1412772692 0.1412772692 0.1412772692 0.1412772692 0.1412772692 0.1412772692 0.1412772692 0.1210948022 0.1210948022 0.1110035687 0.1311860357 0.1110035687 0.1210948022 0.0807298681
0.0846667513 0.0846667513 0.0846667513 0.0423333757 0.0423333757 0.0423333757 0.1270001270 0.1481668148 0.1270001270 0.1058334392 0.1058334392 0.1270001270 0.1270001270 0.1058334392 0.1270001270 0.1270001270 0.1058334392 0.1270001270 0.0846667513 0.0846667513 0.0846667513 0.1481668148 0.1481668148 0.1270001270 0.1481668148 0.1481668148 0.1481668148 0.1481668148 0.1481668148 0.1481668148 0.1270001270 0.1481668148 0.1270001270 0.1481668148 0.1481668148 0.1481668148 0.1481668148 0.1481668148 0.1481668148 0.1481668148 0.1270001270 0.1270001270 0.1270001270 0.1270001270 0.1481668148 0.1270001270 0.1481668148 0.1481668148 0.1481668148 0.1481668148 0.1481668148 0.1270001270 0.1270001270 0.1481668148 0.1481668148 0.1481668148 0.0846667513 0.0846667513 0.0846667513 0.1058334392 0.1270001270 0.1058334392 0.0423333757
0.0764719113 0.0764719113 0.0382359556 0.1529438226 0.0000000000 0.0382359556 0.1529438226 0.1147078669 0.1529438226 0.0764719113 0.1147078669 0.1147078669 0.1529438226 0.0764719113 0.1147078669 0.1529438226 0.0382359556 0.0764719113 0.1529438226 0.1529438226 0.0382359556 0.1529438226 0.1147078669 0.1529438226 0.1529438226 0.1529438226 0.1147078669 0.1529438226 0.1529438226 0.1529438226 0.1147078669 0.1529438226 0.1147078669 0.1529438226 0.1529438226 0.1529438226 0.1147078669 0.1529438226 0.1529438226 0.0764719113 0.1529438226 0.0764719113 0.1529438226 0.1529438226 0.1147078669 0.0764719113 0.1529438226 0.1529438226 0.1147078669 0.1529438226 0.1529438226 0.1529438226 0.1147078669 0.1529438226 0.1529438226 0.1529438226 0.0764719113 0.0382359556 0.1529438226 0.0764719113 0.1147078669 0.1147078669 0.0382359556
0.0817746872 0.0681455727 0.0749601300 0.0477019009 0.0613310154 0.0408873436 0.1294765881 0.1294765881 0.1158474736 0.1158474736 0.1226620308 0.1226620308 0.1022183590 0.1090329163 0.1022183590 0.1090329163 0.1158474736 0.1090329163 0.1022183590 0.0885892445 0.0885892445 0.1431057026 0.1431057026 0.1431057026 0.1431057026 0.1431057026 0.1431057026 0.1431057026 0.1431057026 0.1431057026 0.1431057026 0.1431057026 0.1431057026 0.1362911454 0.1294765881 0.1362911454 0.1294765881 0.1362911454 0.1431057026 0.1362911454 0.1294765881 0.1431057026 0.1362911454 0.1431057026 0.1431057026 0.1431057026 0.1431057026 0.1431057026 0.1431057026 0.1431057026 0.1431057026 0.1431057026 0.1431057026 0.1431057026 0.1431057026 0.1431057026 0.1158474736 0.1226620308 0.1226620308 0.1226620308 0.1158474736 0.1226620308 0.0749601300
0.0647599338 0.1511065121 0.0215866446 0.0647599338 0.0431732892 0.0647599338 0.1511065121 0.0863465784 0.1295198675 0.1079332229 0.1295198675 0.1511065121 0.1511065121 0.1511065121 0.1511065121 0.0863465784 0.0647599338 0.0863465784 0.1079332229 0.1295198675 0.1079332229 0.1511065121 0.1511065121 0.1511065121 0.1295198675 0.1295198675 0.1295198675 0.1295198675 0.1511065121 0.1511065121 0.1511065121 0.1511065121 0.1511065121 0.1511065121 0.1511065121 0.1511065121 0.1511065121 0.1295198675 0.1511065121 0.1295198675 0.1511065121 0.1295198675 0.1295198675 0.1079332229 0.1079332229 0.0863465784 0.1079332229 0.1511065121 0.1511065121 0.1511065121 0.1511065121 0.1511065121 0.1295198675 0.1511065121 0.1079332229 0.1511065121 0.0863465784 0.0647599338 0.0863465784 0.0431732892 0.1511065121 0.0863465784 0.0215866446
0.0717618529 0.0410067731 0.0717618529 0.0922652394 0.0615101596 0.0410067731 0.1025169327 0.1230203193 0.1230203193 0.1127686260 0.1127686260 0.1025169327 0.1230203193 0.1025169327 0.0820135462 0.1332720125 0.1127686260 0.1025169327 0.1332720125 0.1127686260 0.1025169327 0.1435237058 0.1435237058 0.1230203193 0.1332720125 0.1435237058 0.1435237058 0.1435237058 0.1435237058 0.1435237058 0.1435237058 0.1435237058 0.1435237058 0.1332720125 0.1435237058 0.1435237058 0.1230203193 0.1435237058 0.1435237058 0.1435237058 0.1435237058 0.1435237058 0.1435237058 0.1435237058 0.1230203193 0.1435237058 0.1435237058 0.1332720125 0.1435237058 0.1435237058 0.1435237058 0.1435237058 0.1435237058 0.1435237058 0.1435237058 0.1435237058 0.1025169327 0.1127686260 0.1332720125 0.1230203193 0.1025169327 0.1230203193 0.0717618529
0.0636043396 0.0636043396 0.0636043396 0.0954065093 0.0636043396 0.0954065093 0.1113075942 0.1113075942 0.1272086791 0.1113075942 0.1272086791 0.1113075942 0.1272086791 0.1113075942 0.1272086791 0.1272086791 0.1113075942 0.1272086791 0.1272086791 0.1431097640 0.1272086791 0.1431097640 0.1431097640 0.1431097640 0.1431097640 0.1431097640 0.1431097640 0.1431097640 0.1431097640 0.1431097640 0.1431097640 0.1431097640 0.1431097640 0.1431097640 0.1431097640 0.1431097640 0.1431097640 0.1431097640 0.1431097640 0.1431097640 0.1431097640 0.1431097640 0.1431097640 0.1431097640 0.1431097640 0.1272086791 0.1431097640 0.1431097640 0.1272086791 0.1431097640 0.1272086791 0.1431097640 0.1272086791 0.1431097640 0.1272086791 0.1272086791 0.1113075942 0.0795054244 0.1113075942 0.0795054244 0.0795054244 0.0795054244 0.0159010849
0.0783459091 0.0498564876 0.0783459091 0.0569788430 0.0569788430 0.0569788430 0.1139576859 0.1282023967 0.1068353306 0.1139576859 0.1210800413 0.1139576859 0.1068353306 0.0997129752 0.0925906198 0.1210800413 0.1139576859 0.1210800413 0.1139576859 0.1139576859 0.1139576859 0.1424471074 0.1424471074 0.1424471074 0.1424471074 0.1424471074 0.1424471074 0.1424471074 0.1424471074 0.1424471074 0.1424471074 0.1424471074 0.1424471074 0.1424471074 0.1282023967 0.1282023967 0.1424471074 0.1424471074 0.1424471074 0.1424471074 0.1424471074 0.1424471074 0.1424471074 0.1424471074 0.1424471074 0.1424471074 0.1424471074 0.1424471074 0.1353247520 0.1424471074 0.1424471074 0.1424471074 0.1424471074 0.1424471074 0.1424471074 0.1424471074 0.1068353306 0.1139576859 0.1068353306 0.1139576859 0.1139576859 0.1282023967 0.0641011983
0.0797452223 0.0398726111 0.0797452223 0.0398726111 0.0797452223 0.0398726111 0.0797452223 0.1594904446 0.1196178334 0.1196178334 0.1196178334 0.1196178334 0.0797452223 0.1196178334 0.0797452223 0.1196178334 0.1196178334 0.1196178334 0.1196178334 0.0797452223 0.1196178334 0.1594904446 0.1196178334 0.1196178334 0.1196178334 0.1594904446 0.1196178334 0.1594904446 0.1594904446 0.1594904446 0.1594904446 0.1594904446 0.1594904446 0.1594904446 0.1594904446 0.0797452223 0.1594904446 0.1196178334 0.1594904446 0.1594904446 0.1594904446 0.1594904446 0.1196178334 0.1594904446 0.1196178334 0.1196178334 0.1196178334 0.1196178334 0.1594904446 0.1196178334 0.1196178334 0.1594904446 0.1594904446 0.1594904446 0.1594904446 0.1196178334 0.0797452223 0.1196178334 0.0797452223 0.0797452223 0.0797452223 0.1196178334 0.0398726111
0.0764217643 0.0545869745 0.0545869745 0.0764217643 0.0436695796 0.0655043694 0.1200913439 0.1200913439 0.1200913439 0.1091739490 0.1200913439 0.1091739490 0.1091739490 0.0982565541 0.1091739490 0.1091739490 0.0982565541 0.1091739490 0.1200913439 0.1200913439 0.0982565541 0.1419261337 0.1419261337 0.1419261337 0.1419261337 0.1419261337 0.1419261337 0.1419261337 0.1419261337 0.1419261337 0.1419261337 0.1419261337 0.1310087388 0.1310087388 0.1419261337 0.1419261337 0.1419261337 0.1419261337 0.1419261337 0.1419261337 0.1419261337 0.1419261337 0.1419261337 0.1419261337 0.1419261337 0.1419261337 0.1419261337 0.1419261337 0.1419261337 0.1419261337 0.1419261337 0.1419261337 0.1419261337 0.1419261337 0.1419261337 0.1419261337 0.1200913439 0.1200913439 0.1310087388 0.1091739490 0.1091739490 0.1200913439 0.0764217643
0.0697438710 0.0464959140 0.0464959140 0.0697438710 0.0697438710 0.0348719355 0.1162397850 0.1162397850 0.1394877420 0.1278637635 0.1046158065 0.0929918280 0.1046158065 0.1162397850 0.0813678495 0.1162397850 0.0929918280 0.0813678495 0.1278637635 0.1046158065 0.1046158065 0.1511117205 0.1511117205 0.1511117205 0.1511117205 0.1511117205 0.1511117205 0.1511117205 0.1511117205 0.1511117205 0.1511117205 0.1511117205 0.1394877420 0.1278637635 0.1278637635 0.1394877420 0.1511117205 0.1511117205 0.1511117205 0.1046158065 0.1394877420 0.1511117205 0.1511117205 0.1511117205 0.1278637635 0.1511117205 0.1511117205 0.1278637635 0.1511117205 0.1278637635 0.1511117205 0.1046158065 0.1511117205 0.1511117205 0.1394877420 0.1394877420 0.0813678495 0.1278637635 0.1278637635 0.1046158065 0.1046158065 0.0929918280 0.0581198925
0.1272283395 0.0424094465 0.0848188930 0.0848188930 0.0424094465 0.0000000000 0.1696377859 0.1696377859 0.1696377859 0.1696377859 0.1272283395 0.1272283395 0.1272283395 0.0848188930 0.0424094465 0.1696377859 0.1272283395 0.0848188930 0.1272283395 0.0848188930 0.0424094465 0.1272283395 0.1272283395 0.1696377859 0.1696377859 0.0848188930 0.1272283395 0.1696377859 0.1272283395 0.1696377859 0.1696377859 0.1696377859 0.1696377859 0.1272283395 0.1696377859 0.1272283395 0.0848188930 0.1696377859 0.1696377859 0.1272283395 0.1272283395 0.0424094465 0.0848188930 0.1272283395 0.0848188930 0.1272283395 0.1696377859 0.0424094465 0.0848188930 0.1272283395 0.1272283395 0.1272283395 0.1696377859 0.1696377859 0.1696377859 0.1696377859 -0.0000000000 0.0424094465 0.0848188930 0.0848188930 0.0424094465 0.1272283395 0.0000000000
